material;id_tienda;stock_restaurado
000000000000005779;3180;45
000000000000006107;3206;669
000000000000566344;3172;257
000000000000035246;3211;173
000000000000287807;3180;26
000000000000645433;3088;104
000000000000883202;3225;28
000000000000358336;3098;2173
000000000000668141;3089;73
000000000000018287;3225;63
000000000000179987;3172;22
000000000000560445;3223;152
000000000000216012;3085;63
000000000400183001;3086;102
000000000000638518;3187;31
000000000000010216;3212;24
000000000000646822;3206;374
000000000000182568;3193;108
000000000000606625;3187;116
000000000000516543;3098;200
000000000000623594;3206;123
000000000000631254;3206;59
000000000000613365;3092;103
000000000402032001;3211;35
000000000000712974;3172;3893
000000000000196224;3098;53
000000000000567413;3225;19
000000000000900818;3086;656
000000000400329010;3225;419
000000000665656002;3088;22
000000000000176788;3180;77
000000000000900818;3212;3548
000000000000826649;3098;52
000000000000667610;3193;16
000000000000933456;3089;25
000000000000178386;3093;107
000000000665091001;3223;22
000000000000052107;3193;325
000000000000937354;3089;17
000000000000215841;3091;866
000000000000641384;3225;59
000000000000629761;3172;282
000000000634844003;3085;82
000000000000215264;3085;14
000000000665771003;3094;14
000000000000172738;3085;91
000000000000141302;3088;163
000000000000015532;3091;91
000000000000005861;3206;28
000000000000188148;3187;198
000000000000128218;3089;127
000000000400067006;3180;314
000000000000752668;3225;67
000000000000566342;3098;139
000000000000010632;3225;29
000000000000005964;3172;1360
000000000000031357;3098;46
000000000000146509;3091;810
000000000000182334;3180;39
000000000402613001;3223;1858
000000000000615396;3085;44
000000000000900816;3085;310
000000000000210189;3086;199
000000000000190995;3098;42
000000000000005759;3172;47
000000000000900825;3085;33
000000000000637755;3187;32
000000000402163006;3086;19
000000000000668141;3172;218
000000000000863277;3093;24
000000000000662257;3211;347
000000000000052651;3086;146
000000000000560511;3172;135
000000000000810437;3180;105
000000000000621035;3093;136
000000000000510814;3206;12
000000000000631669;3212;54
000000000000180018;3172;32
000000000000566342;3206;151
000000000000218074;3180;216
000000000000018292;3089;414
000000000000189537;3092;153
000000000000053901;3094;1619
000000000000650419;3093;141
000000000000134121;3092;23
000000000000214186;3093;79
000000000000248328;3098;125
000000000000342157;3180;27
000000000000291227;3093;185
000000000000004900;3172;190
000000000000046528;3074;434
000000000000941355;3094;1256
000000000000598872;3086;338
000000000000616202;3193;69
000000000000544823;3172;21
000000000000810438;3089;61
000000000000035129;3206;286
000000000000120789;3225;17
000000000000172456;3094;36
000000000000634994;3093;97
000000000000004909;3225;39
000000000000662257;3187;53
000000000000646834;3187;517
000000000000520482;3212;201
000000000400308003;3211;182
000000000000565609;3193;59
000000000000900817;3092;31905
000000000000005959;3211;533
000000000000900821;3187;1592
000000000000006459;3091;83
000000000000168906;3187;18
000000000000637670;3089;115
000000000000609808;3093;40
000000000000712974;3225;1222
000000000402163002;3088;77
000000000000052387;3088;337
000000000000629295;3086;67
000000000000145903;3092;359
000000000000213396;3098;23
000000000000543393;3085;14
000000000000185007;3180;42
000000000634901001;3074;182
000000000000665274;3098;15
000000000622768006;3093;172
000000000654770002;3093;28
000000000000606428;3098;36
000000000400308002;3091;2092
000000000648870003;3211;36
000000000400329003;3085;915
000000000000604342;3088;62
000000000000007504;3093;341
000000000400069002;3094;729
000000000000216960;3211;34
000000000000631668;3223;12
000000000000130196;3093;263
000000000401862004;3172;110
000000000000170847;3091;193
000000000000141302;3092;148
000000000000520482;3086;111
000000000000991225;3086;71
000000000000632241;3098;98
000000000000632286;3094;40
000000000000632934;3091;23
000000000000355005;3225;43
000000000000666915;3086;91
000000000000052107;3086;240
000000000000641384;3089;51
000000000000941356;3180;225
000000000000006126;3086;1783
000000000000661975;3089;28
000000000402053001;3091;32
000000000000872676;3074;290
000000000000215380;3172;874
000000000000215974;3098;113
000000000000179743;3091;27
000000000000661119;3180;1918
000000000000607260;3092;44
000000000000179983;3206;29
000000000000648040;3089;30
000000000000544759;3074;7
000000000000560915;3172;33
000000000624310002;3172;13
000000000000668903;3212;151
000000000000618228;3092;75
000000000000198491;3086;897
000000000000156561;3091;173
000000000000561242;3089;14
000000000000203300;3225;17
000000000000179977;3206;160
000000000000815275;3089;72
000000000000666102;3085;146
000000000000960217;3094;187
000000000000663245;3193;165
000000000000010521;3206;594
000000000000618365;3211;26
000000000000648504;3074;350
000000000000780172;3088;164
000000000402629006;3193;1135
000000000000614113;3093;55
000000000000815280;3172;52
000000000000631161;3088;25
000000000000629430;3193;31
000000000000013908;3091;34
000000000000054626;3088;23
000000000400433001;3089;135
000000000000985918;3092;37
000000000000642687;3088;630
000000000000191004;3172;50
000000000000520463;3086;14
000000000000349179;3093;1871
000000000000643026;3085;110
000000000000010517;3172;286
000000000000661944;3211;42
000000000000005753;3225;60
000000000000015769;3225;12
000000000000780172;3094;298
000000000000046528;3172;463
000000000000127649;3172;47
000000000000661975;3088;28
000000000000006514;3206;135
000000000400218004;3172;336
000000000000006455;3223;84
000000000000179744;3211;49
000000000000163896;3085;75
000000000634901002;3193;88
000000000402124001;3223;24
000000000000186377;3093;68
000000000000652615;3211;45
000000000000842477;3225;64
000000000401927001;3223;22
000000000000005961;3193;19
000000000000539292;3098;102
000000000000667429;3187;86
000000000000662799;3172;33
000000000000520463;3172;35
000000000000781195;3093;86
000000000000062405;3074;221
000000000000632283;3074;49
000000000000008645;3187;27
000000000000501361;3092;2349
000000000665420002;3093;105
000000000000957753;3088;41
000000000000622001;3086;697
000000000000561536;3089;52
000000000000180009;3086;18
000000000000214188;3211;155
000000000000014362;3206;43
000000000000663243;3085;126
000000000000010631;3211;21
000000000401914004;3088;167
000000000668190001;3098;226
000000000000181877;3187;130
000000000000156561;3085;30
000000000402163002;3193;71
000000000000641279;3180;24
000000000000650655;3225;43
000000000000178379;3089;79
000000000401861004;3206;292
000000000000010008;3223;841
000000000000197610;3206;48
000000000000920545;3086;1972
000000000000005756;3085;1161
000000000000176169;3098;173
000000000000191246;3180;175
000000000000663245;3212;101
000000000000662047;3098;24
000000000000667762;3098;31
000000000000053957;3098;68
000000000000611421;3085;415
000000000000356297;3172;37
000000000000006143;3091;656
000000000000626753;3086;27
000000000000603675;3193;174
000000000000649222;3212;181
000000000000005873;3180;56
000000000000617380;3225;12
000000000000006105;3086;3435
000000000000667422;3089;104
000000000000712440;3089;764
000000000000640961;3223;125
000000000000010012;3074;256
000000000000017929;3193;379
000000000640546002;3085;20
000000000000210239;3212;116
000000000000132114;3212;48
000000000000752668;3172;102
000000000402613002;3091;362
000000000000053957;3206;52
000000000000585347;3092;37
000000000000615004;3089;35
000000000000661944;3094;52
000000000000358031;3172;94
000000000000023776;3180;70
000000000000121949;3223;48
000000000000665184;3180;19
000000000000607906;3098;149
000000000000655096;3088;13
000000000628439002;3085;47
000000000000191021;3093;97
000000000000641385;3086;48
000000000000505749;3212;89
000000000401862004;3088;15
000000000000640484;3180;19
000000000000010526;3225;119
000000000000648037;3212;31
000000000000960218;3094;114
000000000000625303;3085;43
000000000000053901;3086;187
000000000000251914;3193;304
000000000000203455;3211;691
000000000000013241;3172;84
000000000000568929;3225;24
000000000000031023;3206;205
000000000000667672;3212;11
000000000402160005;3180;205
000000000000901361;3086;22
000000000000177512;3193;2190
000000000000505749;3187;171
000000000402163013;3098;42
000000000000054189;3094;185
000000000000712974;3223;3229
000000000000688938;3172;271
000000000000640010;3091;60
000000000000358032;3092;90
000000000000010526;3088;204
000000000000647123;3172;16
000000000000356297;3193;80
000000000000007390;3094;3836
000000000000603675;3225;96
000000000000572390;3223;33
000000000000185148;3206;127
000000000000667692;3212;88
000000000000667815;3091;4
000000000000666101;3211;148
000000000000640476;3193;125
000000000000358336;3093;2239
000000000000815280;3193;86
000000000000174785;3093;30
000000000402160005;3206;9
000000000000031222;3086;22
000000000000900817;3172;5764
000000000000629712;3223;75
000000000000176636;3206;38
000000000000358336;3180;1738
000000000000018292;3094;246
000000000000631249;3223;72
000000000000641279;3098;30
000000000000688938;3223;52
000000000000621033;3086;178
000000000000017734;3172;96
000000000000612882;3193;68
000000000000900826;3088;1393
000000000000630952;3098;64
000000000000172456;3074;46
000000000000637670;3094;124
000000000000649868;3086;22
000000000000664937;3206;26
000000000000180012;3088;35
000000000000017739;3180;123
000000000000900821;3074;425
000000000000211061;3085;21
000000000000147552;3206;221
000000000000009640;3088;51
000000000000614115;3212;86
000000000000666015;3088;32
000000000000966828;3223;47
000000000000501361;3086;2670
000000000000642726;3193;10
000000000402163006;3223;23
000000000000640960;3091;70
000000000000047388;3172;222
000000000000560445;3089;253
000000000000668060;3093;104
000000000402629006;3088;3891
000000000000639695;3094;98
000000000000638916;3094;56
000000000650386002;3092;12
000000000000780172;3089;119
000000000000004933;3074;1285
000000000000005757;3212;77
000000000000005474;3086;98
000000000000612861;3193;104
000000000000017929;3074;315
000000000000225728;3211;89
000000000634901001;3092;79
000000000665771002;3211;59
000000000637411001;3091;129
000000000000008892;3085;216
000000000000666915;3074;51
000000000000146753;3206;134
000000000000635684;3094;34
000000000000215154;3172;46
000000000000616932;3092;4
000000000000641385;3225;75
000000000402163019;3091;32
000000000000731601;3098;114
000000000000639695;3212;153
000000000000128229;3091;71
000000000000667429;3092;216
000000000000665280;3074;44
000000000000010584;3089;99
000000000000217411;3089;72
000000000000863278;3085;34
000000000000544058;3172;68
000000000000145237;3187;527
000000000000506147;3206;29
000000000000024733;3193;6548
000000000000007448;3092;835
000000000648444001;3172;99
000000000000639039;3225;204
000000000000647125;3172;43
000000000000575841;3089;27
000000000000598867;3092;276
000000000000718537;3211;2258
000000000000635931;3211;259
000000000000606428;3091;31
000000000000018286;3094;81
000000000000174330;3074;45
000000000000052657;3193;59
000000000000754766;3098;66
000000000000160867;3092;203
000000000000010664;3225;29
000000000000007493;3094;2600
000000000000013241;3092;101
000000000000020321;3085;248
000000000650059002;3098;33
000000000000007407;3092;643
000000000000645928;3089;74
000000000000640873;3211;27
000000000000960217;3212;116
000000000000868530;3187;279
000000000000653352;3074;8
000000000000141205;3091;65
000000000000631669;3086;58
000000000000666015;3089;25
000000000000663046;3085;59
000000000000291227;3085;30
000000000000017739;3085;187
000000000000178379;3074;105
000000000000639501;3094;105
000000000000004933;3094;1386
000000000000642726;3086;11
000000000000017659;3223;172
000000000000612808;3093;69
000000000000004933;3187;1262
000000000000630078;3094;24
000000000000920545;3172;546
000000000000577226;3172;12
000000000000132114;3193;38
000000000000006457;3180;735
000000000000010217;3094;89
000000000000649345;3187;725
000000000000666029;3172;58
000000000000985918;3193;35
000000000616561001;3180;68
000000000000658445;3223;27
000000000400261002;3225;162
000000000000759658;3091;70
000000000400329004;3180;840
000000000000174330;3193;77
000000000000561155;3091;514
000000000000158886;3093;76
000000000000766964;3093;43
000000000000646386;3187;1301
000000000000351783;3172;204
000000000000030951;3091;35
000000000000005760;3091;134
000000000000518013;3093;73
000000000000180004;3085;63
000000000402163006;3187;24
000000000000355630;3098;2155
000000000000006490;3225;67
000000000000641113;3211;35
000000000000168914;3206;74
000000000000059809;3193;197
000000000000749098;3172;348
000000000000195308;3093;30
000000000402135002;3211;59
000000000000214589;3093;215
000000000000650655;3088;57
000000000000667968;3093;98
000000000000662372;3098;47
000000000621962002;3212;41
000000000000018137;3092;26
000000000000624684;3086;92
000000000402629001;3180;829
000000000000899948;3212;2106
000000000000651990;3193;97
000000000000561523;3206;14
000000000000615836;3206;86
000000000000215154;3193;53
000000000000181372;3089;140
000000000000667610;3187;26
000000000000662799;3092;23
000000000400329001;3074;1532
000000000000031416;3225;17
000000000000006444;3212;518
000000000000749097;3088;737
000000000000632286;3212;71
000000000000629762;3180;3106
000000000645975001;3091;335
000000000668910001;3092;384
000000000000005964;3092;1173
000000000000005753;3211;18
000000000000558055;3206;30
000000000000298060;3180;129
000000000000615078;3074;25
000000000000603916;3088;405
000000000000759335;3088;143
000000000000005964;3187;1116
000000000000147553;3211;155
000000000000635726;3085;27
000000000000006128;3193;47
000000000000646386;3223;184
000000000000616733;3092;26
000000000000349368;3098;4182
000000000000132115;3085;55
000000000000164853;3088;144
000000000000663243;3180;122
000000000000358358;3172;6795
000000000400308001;3211;3932
000000000000213259;3098;55
000000000000178369;3089;39
000000000000173898;3172;70
000000000000767397;3172;212
000000000000253711;3085;43
000000000000816588;3180;263
000000000000132112;3206;185
000000000000991225;3225;71
000000000000128229;3180;216
000000000000192068;3172;17
000000000000053957;3085;36
000000000000035246;3089;285
000000000400055001;3212;418
000000000000052614;3088;173
000000000000629757;3086;3510
000000000000638619;3093;36
000000000000008644;3093;34
000000000000177770;3086;172
000000000000017665;3206;46
000000000000815394;3180;74
000000000665771002;3223;19
000000000000052663;3225;133
000000000000007504;3098;483
000000000000864253;3223;141
000000000000217411;3172;53
000000000000613365;3193;47
000000000000056986;3086;113
000000000000132599;3086;35
000000000000010217;3225;53
000000000000662178;3093;84
000000000000649868;3223;21
000000000000641384;3094;127
000000000000666031;3074;32
000000000000650198;3089;72
000000000000018292;3086;377
000000000641229001;3085;313
000000000402629003;3094;1129
000000000000665741;3223;173
000000000000544058;3074;41
000000000000020318;3172;50
000000000000899948;3172;2205
000000000000760902;3085;53
000000000000191112;3074;92
000000000000648037;3225;24
000000000000777211;3093;230
000000000000006495;3086;76
000000000400308001;3193;7596
000000000000010662;3193;826
000000000000046939;3091;105
000000000622768001;3212;266
000000000400071001;3093;62
000000000624310002;3092;46
000000000000637670;3074;118
000000000000663844;3193;461
000000000000185022;3225;118
000000000000052531;3211;75
000000000000639501;3088;143
000000000000139890;3098;26
000000000400329002;3085;645
000000000400329009;3089;430
000000000000005756;3091;6162
000000000000718537;3187;2389
000000000000752668;3212;84
000000000000712440;3187;286
000000000000663845;3098;244
000000000000007101;3206;153
000000000000506264;3093;36
000000000000604494;3085;17
000000000000199738;3094;169
000000000624299003;3093;98
000000000000612035;3093;148
000000000401864001;3094;63
000000000000355622;3086;352
000000000000213721;3212;49
000000000000006495;3088;88
000000000000661120;3074;157
000000000000145903;3211;337
000000000000355622;3172;528
000000000000641114;3086;49
000000000401724015;3180;866
000000000000355005;3092;47
000000000000530964;3206;15
000000000000622474;3074;60
000000000000569209;3180;50
000000000000064466;3091;18
000000000000666166;3206;20
000000000000214184;3094;92
000000000000053845;3206;613
000000000000215155;3085;136
000000000000576448;3223;24
000000000000981938;3085;101
000000000000646070;3085;110
000000000000640068;3085;28
000000000000145237;3193;379
000000000621962002;3225;25
000000000000567912;3225;34
000000000000281009;3211;147
000000000000358031;3211;36
000000000000547306;3172;16
000000000000667422;3212;138
000000000000661118;3085;472
000000000000639695;3074;69
000000000401864001;3187;11
000000000000628113;3091;489
000000000000635083;3225;47
000000000000005759;3212;17
000000000402629004;3089;258
000000000000006552;3091;559
000000000000004973;3098;31
000000000666059002;3172;38
000000000650100001;3206;108
000000000000612504;3172;47
000000000000121949;3089;56
000000000000621035;3085;148
000000000000955614;3086;17
000000000000622474;3088;77
000000000402053001;3093;55
000000000000133342;3180;55
000000000000662371;3187;131
000000000000018286;3089;114
000000000000006203;3085;10
000000000000665845;3089;40
000000000000128223;3094;187
000000000000018137;3089;17
000000000000883202;3211;60
000000000000030965;3212;185
000000000000180017;3092;25
000000000000638621;3172;20
000000000000321096;3089;95
000000000000892231;3093;14
000000000000561242;3223;30
000000000000625402;3086;44
000000000000005757;3172;212
000000000000032136;3223;115
000000000000146527;3093;38
000000000000647468;3206;51
000000000000031221;3092;21
000000000000629757;3187;3122
000000000000585802;3180;51
000000000000639787;3223;64
000000000000638517;3193;84
000000000000901361;3225;74
000000000000503540;3093;548
000000000000640143;3092;63
000000000639107001;3088;24
000000000000062389;3172;59
000000000000579749;3092;348
000000000401724010;3098;3578
000000000000169937;3089;40
000000000000666015;3092;46
000000000000168302;3094;101
000000000000052387;3094;887
000000000000188148;3211;1973
000000000000062471;3211;83
000000000000171547;3225;48
000000000000017664;3092;53
000000000000663244;3089;66
000000000000216012;3180;92
000000000000759658;3093;106
000000000000006557;3091;43
000000000000625676;3180;1063
000000000000191247;3098;29
000000000000217412;3074;77
000000000000638276;3085;15
000000000000661945;3223;171
000000000000625402;3088;76
000000000000638621;3094;27
000000000000650198;3088;129
000000000400329004;3098;466
000000000000611419;3091;207
000000000000004933;3172;2267
000000000650059002;3206;422
000000000000355620;3193;457
000000000000612233;3088;317
000000000000006490;3187;179
000000000000210393;3187;41
000000000000006449;3093;86
000000000000006128;3225;34
000000000000203297;3223;27
000000000000613365;3086;31
000000000000006526;3074;361
000000000000634900;3206;89
000000000000146528;3193;81
000000000000544491;3206;11
000000000000789276;3091;81
000000000000010579;3085;20
000000000000189557;3086;111
000000000000006107;3180;1609
000000000000210189;3172;169
000000000000516748;3094;5844
000000000000128218;3187;175
000000000000134121;3187;24
000000000000621033;3223;398
000000000000185021;3223;79
000000000663007002;3180;76
000000000000566339;3089;144
000000000000180012;3223;25
000000000000179744;3172;62
000000000000146528;3088;51
000000000400071001;3091;63
000000000000604494;3206;16
000000000000355622;3223;475
000000000000638654;3206;81
000000000000006532;3193;48
000000000000339668;3223;135
000000000000518338;3180;213
000000000000581680;3206;181
000000000400329001;3225;455
000000000000810438;3088;51
000000000000185005;3088;92
000000000000877304;3225;93
000000000641229002;3074;172
000000000000189537;3193;49
000000000000152767;3091;99
000000000000617412;3223;42
000000000000759336;3212;2752
000000000000640961;3092;208
000000000000024197;3092;134
000000000000010680;3180;65
000000000000024562;3180;74
000000000000187005;3180;585
000000000000217411;3088;56
000000000000621034;3093;198
000000000000543700;3093;22
000000000000985918;3212;35
000000000000628113;3098;403
000000000000006495;3193;70
000000000000213180;3094;40
000000000000629761;3193;207
000000000000561208;3091;49
000000000000637931;3088;6
000000000000616209;3172;16
000000000000665855;3088;67
000000000000665402;3223;52
000000000000189986;3193;252
000000000000052658;3089;353
000000000000007413;3094;55
000000000000666101;3225;184
000000000000024552;3187;52
000000000650059001;3091;542
000000000000913286;3187;2007
000000000000035284;3212;111
000000000000668060;3091;190
000000000401864002;3225;11
000000000000052614;3212;175
000000000000217412;3225;66
000000000000010680;3091;70
000000000000617412;3089;83
000000000402163019;3093;27
000000000000052614;3089;164
000000000000010630;3225;40
000000000000615078;3089;50
000000000000181878;3212;53
000000000000663156;3085;288
000000000000758871;3098;661
000000000000180013;3085;23
000000000000638546;3091;60
000000000000630078;3187;11
000000000000558422;3091;81
000000000400071004;3193;119
000000000000005960;3193;178
000000000634901002;3088;54
000000000000639546;3091;139
000000000000172456;3086;53
000000000000004912;3088;344
000000000000351786;3193;278
000000000000611728;3172;83
000000000000180017;3172;23
000000000000663242;3193;154
000000000000005757;3211;54
000000000645975005;3180;743
000000000000008509;3089;108
000000000400067005;3187;65
000000000000177772;3187;139
000000000000639076;3092;219
000000000000141271;3091;135
000000000000010630;3193;27
000000000000180026;3225;14
000000000000005753;3187;75
000000000000759661;3098;174
000000000000615396;3180;49
000000000000560445;3193;428
000000000000635083;3223;12
000000000000210257;3225;106
000000000000215154;3089;70
000000000000191021;3091;69
000000000000637200;3074;7
000000000000182689;3206;50
000000000000872676;3212;139
000000000000005964;3212;1625
000000000000324538;3091;55
000000000000613458;3088;19
000000000000781021;3093;63
000000000000024733;3212;7637
000000000000630953;3093;73
000000000000210336;3211;175
000000000000355620;3211;531
000000000000501361;3223;914
000000000000985415;3086;454
000000000000607260;3088;62
000000000000622474;3211;61
000000000000010526;3092;609
000000000000213721;3086;184
000000000000181878;3225;82
000000000000655578;3180;12
000000000000139922;3094;48
000000000000010664;3193;49
000000000000566684;3187;115
000000000000005054;3089;254
000000000000553519;3187;129
000000000000647125;3193;54
000000000000321094;3089;1771
000000000400218001;3172;227
000000000000053957;3093;145
000000000000641109;3172;24
000000000000661119;3091;1114
000000000000210393;3223;21
000000000000665610;3187;22
000000000000639896;3098;288
000000000000134123;3180;152
000000000000132462;3193;376
000000000000899948;3193;1982
000000000000165526;3094;475
000000000402251001;3225;13
000000000000559524;3089;613
000000000000567727;3206;34
000000000000018292;3187;2009
000000000000661945;3172;93
000000000000649222;3074;152
000000000000561523;3180;15
000000000000146224;3088;12
000000000000668125;3085;188
000000000000008527;3187;74
000000000000024552;3074;272
000000000000759335;3092;894
000000000000649042;3093;202
000000000000006537;3172;134
000000000000206654;3187;22
000000000000665791;3088;42
000000000401724001;3180;69
000000000622009002;3091;151
000000000000566344;3094;165
000000000400072001;3223;33
000000000000565609;3086;28
000000000000177770;3223;186
000000000000561208;3093;102
000000000000646202;3098;399
000000000000667695;3187;33
000000000000006495;3092;79
000000000641229001;3098;98
000000000000119002;3180;563
000000000000047391;3098;136
000000000665771001;3193;102
000000000000637930;3193;14
000000000000621033;3212;316
000000000000054626;3223;14
000000000000005959;3172;2409
000000000000052657;3223;121
000000000000894768;3086;58
000000000000957755;3085;31
000000000668910003;3225;85
000000000000538415;3206;38
000000000000626753;3088;25
000000000000006451;3092;365
000000000000520463;3225;22
000000000000976753;3085;172
000000000402032001;3086;56
000000000000543098;3211;28
000000000000132462;3211;1319
000000000000052663;3211;147
000000000000880880;3187;12
000000000000561208;3098;44
000000000000710446;3223;655
000000000000767397;3089;124
000000000000665263;3225;54
000000000000651225;3223;45
000000000000053845;3180;534
000000000000598873;3187;291
000000000000561155;3206;332
000000000000562128;3206;278
000000000000628711;3187;1228
000000000000156185;3098;46
000000000000018123;3094;1677
000000000000225728;3172;87
000000000000562182;3172;42
000000000000355618;3187;1673
000000000668910003;3092;93
000000000000281009;3225;29
000000000000005959;3092;950
000000000000663845;3093;227
000000000000832664;3193;66
000000000000510814;3093;36
000000000000631323;3074;25
000000000402629004;3092;2469
000000000000030965;3088;37
000000000000005961;3092;23
000000000648870001;3211;61
000000000000023776;3098;70
000000000000643027;3211;110
000000000000503539;3211;680
000000000000520476;3085;13
000000000000197613;3172;57
000000000000008591;3098;45
000000000000358391;3187;331
000000000000177770;3089;238
000000000000576609;3091;16
000000000000645720;3074;10
000000000000152770;3212;130
000000000000139492;3098;240
000000000000647123;3223;84
000000000000128218;3086;364
000000000000749098;3088;90
000000000000868933;3074;98
000000000000131318;3225;27
000000000000666031;3225;20
000000000000625402;3193;92
000000000000170132;3094;82
000000000000632940;3098;118
000000000000120789;3172;41
000000000000210484;3094;42
000000000000628239;3180;35
000000000000845600;3092;47
000000000000816588;3091;331
000000000000194269;3086;66
000000000000973574;3212;5
000000000000649345;3089;394
000000000000585243;3212;218
000000000000780172;3211;118
000000000000147716;3223;33
000000000624299003;3091;97
000000000000031221;3172;34
000000000000647716;3193;87
000000000000634412;3212;65
000000000000639501;3211;67
000000000000638228;3211;71
000000000000024562;3091;37
000000000624310001;3086;40
000000000000005757;3193;22
000000000000647716;3187;122
000000000000174295;3093;57
000000000000198342;3180;103
000000000000883205;3211;33
000000000000198491;3088;6660
000000000000138610;3187;405
000000000000650196;3093;58
000000000641229002;3193;182
000000000400067004;3211;69
000000000000868933;3211;142
000000000000010217;3089;71
000000000000059805;3193;115
000000000000014296;3085;43
000000000000749098;3187;1660
000000000000666019;3091;92
000000000000281009;3089;22
000000000000017739;3091;138
000000000000006455;3211;108
000000000000006456;3091;42
000000000000210336;3086;62
000000000000010659;3093;110
000000000000781195;3180;125
000000000000145903;3074;321
000000000000052656;3094;105
000000000000339586;3098;30
000000000000567913;3223;545
000000000000007448;3094;877
000000000634844001;3225;26
000000000645975003;3172;247
000000000000663844;3172;457
000000000000006531;3180;2087
000000000000118603;3206;51
000000000000145237;3074;359
000000000400261002;3092;1291
000000000000217411;3086;71
000000000000646202;3093;549
000000000401867004;3092;61
000000000000213571;3206;148
000000000000125621;3094;87
000000000000961236;3223;38
000000000400067005;3212;24
000000000000015769;3212;22
000000000000006126;3092;1852
000000000000004898;3086;52
000000000000191004;3223;73
000000000000652615;3212;42
000000000000625810;3193;30
000000000000015532;3085;98
000000000000032136;3187;277
000000000000558051;3088;8
000000000000665845;3086;28
000000000000558053;3212;25
000000000000284662;3085;115
000000000000131441;3187;963
000000000000641279;3093;35
000000000000615835;3211;49
000000000000225728;3089;71
000000000000816587;3180;771
000000000000558051;3094;7
000000000000667907;3180;393
000000000000152767;3098;86
000000000000649222;3211;165
000000000000901934;3085;598
000000000000358031;3212;30
000000000000174330;3086;138
000000000000156144;3193;41
000000000000653876;3206;22
000000000000181373;3098;16
000000000000616209;3223;14
000000000000667600;3223;152
000000000000553519;3211;62
000000000000141404;3092;20
000000000000616202;3225;15
000000000000006535;3187;121
000000000000168302;3074;25
000000000400433001;3193;127
000000000000710446;3092;655
000000000000124981;3223;652
000000000000646386;3074;238
000000000000181877;3094;106
000000000000639695;3088;138
000000000000878691;3098;145
000000000000635931;3092;200
000000000000648979;3092;126
000000000000337024;3223;44
000000000000052674;3225;82
000000000000571228;3088;2912
000000000000622173;3187;37
000000000000023776;3091;39
000000000000190995;3180;173
000000000000612233;3092;635
000000000000612035;3091;41
000000000000665273;3089;16
000000000000024197;3089;45
000000000000665848;3206;84
000000000000654237;3085;35
000000000000667850;3193;4
000000000000007515;3094;204
000000000636515002;3074;71
000000000000007413;3225;39
000000000000776038;3091;110
000000000000213721;3172;142
000000000000629401;3211;61
000000000000005965;3193;11
000000000000009451;3093;22
000000000000665265;3093;8
000000000000215161;3172;215
000000000000544701;3086;20
000000000400308003;3086;161
000000000402160009;3180;117
000000000000355620;3094;431
000000000000640476;3187;47
000000000000639041;3187;90
000000000000170847;3093;225
000000000402163013;3180;45
000000000000174330;3088;127
000000000000118792;3225;71
000000000000355622;3092;156
000000000000008644;3098;39
000000000000321018;3085;52
000000000000665184;3091;34
000000000619006002;3091;28
000000000000178379;3193;14
000000000000053891;3223;479
000000000000178018;3086;73
000000000000585347;3225;45
000000000000139940;3206;22
000000000400433002;3086;297
000000000000731601;3091;391
000000000000571228;3172;1134
000000000000170080;3206;174
000000000000667692;3172;80
000000000000629762;3093;2531
000000000000010526;3172;175
000000000000505749;3172;335
000000000000607914;3093;222
000000000000146214;3074;33
000000000000157195;3089;10
000000000650386002;3089;18
000000000000615835;3223;54
000000000000179987;3088;37
000000000000661944;3193;70
000000000000640143;3088;46
000000000000355620;3187;90
000000000000631323;3088;20
000000000000781199;3212;37
000000000000652001;3091;67
000000000400055001;3187;258
000000000000008558;3091;20
000000000000219335;3180;63
000000000000880880;3193;63
000000000000634412;3172;52
000000000000133342;3098;15
000000000000007087;3093;334
000000000000900817;3094;1795
000000000402163005;3092;53
000000000000605405;3211;73
000000000000519804;3092;309
000000000000006674;3091;14
000000000000062471;3187;217
000000000000562679;3172;66
000000000622009002;3085;138
000000000000653734;3187;26
000000000000188150;3206;67
000000000000607261;3098;37
000000000000180016;3225;13
000000000000818130;3093;109
000000000000780173;3206;233
000000000000358336;3091;1836
000000000000868530;3092;25
000000000000210257;3086;67
000000000000024562;3093;73
000000000000018112;3223;21
000000000661946002;3085;80
000000000000006457;3085;753
000000000000052612;3225;214
000000000000631121;3206;70
000000000000007518;3091;5134
000000000000211077;3172;48
000000000000629712;3172;157
000000000000567413;3092;44
000000000000618836;3223;105
000000000000158523;3094;10
000000000000575145;3093;24
000000000000627770;3086;29
000000000000647125;3212;84
000000000619006002;3085;19
000000000000054189;3092;143
000000000000639040;3206;78
000000000000147716;3212;67
000000000401864001;3223;25
000000000648444001;3187;6713
000000000000216012;3206;92
000000000000652973;3086;33
000000000000010012;3172;271
000000000000914447;3225;20
000000000000006438;3091;30
000000000000008644;3206;34
000000000000666016;3093;34
000000000000526074;3187;106
000000000000275754;3094;471
000000000000135092;3089;394
000000000000154634;3091;131
000000000628439002;3098;118
000000000402629003;3211;702
000000000622009001;3212;60
000000000624310001;3088;13
000000000000667696;3091;47
000000000000007087;3098;160
000000000400069001;3206;584
000000000400055001;3086;198
000000000000640961;3211;14
000000000000649868;3094;38
000000000000961236;3212;37
000000000000780250;3193;54
000000000000191021;3098;67
000000000000661119;3098;1402
000000000000606625;3088;133
000000000000017929;3187;328
000000000000225728;3088;77
000000000000667600;3092;179
000000000000321094;3092;2002
000000000000663245;3088;50
000000000645975001;3206;789
000000000000055532;3193;602
000000000000253711;3091;15
000000000000206654;3086;46
000000000000005963;3093;3117
000000000000607906;3180;216
000000000000023776;3085;101
000000000000710446;3086;127
000000000000118791;3085;26
000000000000052652;3206;506
000000000000506262;3074;75
000000000000189986;3089;137
000000000000636577;3091;87
000000000000005724;3086;319
000000000000579994;3093;60
000000000000145238;3193;148
000000000000351786;3172;176
000000000000607260;3193;8
000000000000631669;3193;96
000000000650059001;3085;184
000000000000203297;3088;29
000000000000141270;3172;131
000000000000355005;3089;40
000000000000004901;3093;30
000000000000621033;3187;313
000000000000062405;3225;1190
000000000000667696;3180;49
000000000000010632;3092;60
000000000000200713;3091;12
000000000000120789;3212;41
000000000648870001;3212;31
000000000000646386;3225;181
000000000000011506;3088;67
000000000000032238;3225;36
000000000000597755;3098;32
000000000000138712;3225;6110
000000000000646214;3098;73
000000000000628711;3193;58
000000000645975001;3093;257
000000000000883205;3187;29
000000000000907292;3085;156
000000000000010012;3086;224
000000000000118792;3187;100
000000000000571228;3193;381
000000000000191112;3212;132
000000000402629004;3074;3570
000000000000210484;3088;40
000000000000650198;3094;111
000000000000160867;3187;172
000000000400067006;3098;140
000000000000661944;3225;23
000000000000163044;3093;45
000000000000010579;3206;57
000000000000667762;3180;160
000000000000185005;3193;201
000000000000138712;3211;4485
000000000000652984;3206;68
000000000000975247;3223;8
000000000000230843;3091;112
000000000000955614;3193;37
000000000000503539;3187;642
000000000000133229;3212;613
000000000000216960;3089;36
000000000000665212;3225;30
000000000402163002;3211;101
000000000000124981;3193;791
000000000000566344;3089;121
000000000000014296;3093;42
000000000000120517;3089;127
000000000000008509;3074;99
000000000000639501;3223;88
000000000000567727;3091;28
000000000000646386;3088;757
000000000000652700;3180;606
000000000000639789;3225;12
000000000000167456;3088;395
000000000665771001;3074;76
000000000000640068;3206;13
000000000000664937;3091;36
000000000000181828;3093;19
000000000000141870;3088;48
000000000000005054;3211;212
000000000000665402;3225;27
000000000000640484;3091;37
000000000000710446;3089;176
000000000000173896;3206;59
000000000000052614;3172;109
000000000000667600;3086;33
000000000400218001;3074;139
000000000000506262;3172;148
000000000000662178;3206;60
000000000000354906;3093;80
000000000000130196;3085;117
000000000000639787;3225;31
000000000000210239;3086;468
000000000000899947;3098;476
000000000000165526;3172;221
000000000000010570;3092;188
000000000000010647;3085;155
000000000000938543;3098;12
000000000000638934;3187;92
000000000000605708;3092;802
000000000000133333;3094;38
000000000000607508;3211;23
000000000000010586;3093;201
000000000000213259;3085;25
000000000000607508;3089;23
000000000645975002;3225;441
000000000000634412;3094;80
000000000000187005;3091;416
000000000000899946;3212;1082
000000000000641093;3085;28
000000000000575145;3091;28
000000000000215154;3088;94
000000000000633961;3093;50
000000000666059003;3085;25
000000000000178386;3206;106
000000000000005760;3098;148
000000000000215380;3088;1088
000000000000052538;3091;62
000000000000174330;3223;61
000000000000024572;3086;1824
000000000000355618;3089;669
000000000000640873;3187;32
000000000000030965;3074;57
000000000400261002;3193;418
000000000000668903;3225;70
000000000000351785;3225;74
000000000000520463;3074;28
000000000000666101;3223;322
000000000000665741;3094;447
000000000000140119;3088;45
000000000000006495;3094;76
000000000000668125;3206;153
000000000000567912;3074;21
000000000000182568;3074;63
000000000000816588;3206;304
000000000000127649;3086;34
000000000000140119;3211;31
000000000000006446;3093;235
000000000000781195;3098;47
000000000000010517;3225;137
000000000402163002;3094;1875
000000000000543098;3225;37
000000000000052391;3074;68
000000000000648980;3212;165
000000000621962002;3211;34
000000000647039004;3085;29
000000000000543098;3089;41
000000000000052658;3092;166
000000000000218099;3093;58
000000000000651990;3187;116
000000000000617411;3092;37
000000000000052524;3085;46
000000000000024631;3091;99
000000000668910001;3094;631
000000000000006558;3223;767
000000000000780173;3093;363
000000000000630952;3180;47
000000000000613365;3187;30
000000000000795025;3193;1443
000000000000639525;3094;27
000000000000638228;3223;57
000000000402160009;3206;28
000000000000641093;3180;60
000000000000155394;3088;1528
000000000000663046;3180;81
000000000000663243;3093;77
000000000000181373;3180;29
000000000402613002;3085;4522
000000000000013475;3206;34
000000000000253327;3193;67
000000000000913286;3211;88
000000000000339668;3212;251
000000000000198447;3089;266
000000000000125621;3223;91
000000000000210393;3086;92
000000000000649345;3223;213
000000000000547306;3094;31
000000000000638532;3091;170
000000000000358032;3074;129
000000000000662371;3193;51
000000000000127649;3092;116
000000000000626753;3225;18
000000000668910001;3212;65
000000000000960218;3092;261
000000000000626753;3094;30
000000000000173898;3074;34
000000000000358391;3086;777
000000000000668651;3225;13
000000000000712974;3211;491
000000000000130196;3206;106
000000000000006126;3172;1939
000000000000665273;3223;20
000000000000179977;3091;87
000000000000303385;3091;134
000000000000141205;3098;88
000000000400069002;3212;380
000000000000641025;3223;384
000000000668190002;3074;128
000000000000665518;3094;23
000000000000006129;3180;158
000000000000516749;3193;655
000000000000615836;3180;68
000000000000010008;3187;465
000000000000186376;3225;35
000000000000138610;3086;66
000000000000603916;3193;261
000000000000133181;3098;279
000000000000641548;3180;62
000000000000639501;3086;34
000000000000005861;3085;89
000000000000052391;3086;41
000000000000005757;3086;175
000000000000653876;3180;12
000000000000135488;3092;439
000000000000618836;3212;17
000000000000966828;3172;249
000000000000520482;3172;213
000000000000059805;3089;145
000000000000192594;3223;11
000000000000632283;3193;59
000000000000612882;3092;41
000000000000933456;3211;37
000000000639107001;3225;35
000000000000566339;3086;142
000000000401864001;3089;24
000000000000667803;3212;11
000000000000052674;3211;131
000000000000860193;3085;19
000000000000612861;3074;59
000000000636515001;3086;27
000000000000052657;3086;198
000000000000031911;3225;47
000000000000170198;3172;201
000000000000180027;3225;21
000000000000173895;3093;53
000000000000133224;3187;318
000000000000667429;3225;156
000000000000638619;3206;25
000000000000180018;3086;33
000000000000006442;3193;4087
000000000000009130;3193;390
000000000000147553;3094;230
000000000000567412;3098;61
000000000000287807;3091;10
000000000000295106;3180;26
000000000000647173;3091;64
000000000000810438;3187;46
000000000000031416;3223;29
000000000000005756;3098;2025
000000000000018222;3098;25
000000000000120517;3212;107
000000000000166754;3172;75
000000000000179567;3223;199
000000000000006526;3223;197
000000000000128237;3088;199
000000000000176786;3211;8
000000000000178379;3212;137
000000000000015864;3180;112
000000000000640143;3225;34
000000000402613001;3193;465
000000000000141302;3212;375
000000000000128218;3211;174
000000000000640173;3092;49
000000000000358391;3225;101
000000000000182571;3085;43
000000000000011016;3206;84
000000000000662799;3187;32
000000000000530962;3180;43
000000000000665704;3091;71
000000000000868933;3193;271
000000000000569209;3093;58
000000000000195024;3180;25
000000000000562128;3091;184
000000000648870001;3086;98
000000000000013241;3187;75
000000000000146753;3180;150
000000000000197613;3187;24
000000000000779613;3086;39
000000000000667600;3225;173
000000000400329010;3212;495
000000000000052538;3180;278
000000000400185004;3074;224
000000000000629264;3223;18
000000000000005873;3206;99
000000000000175894;3187;20
000000000668910002;3180;170
000000000000661795;3074;15
000000000000351783;3086;207
000000000000214184;3225;21
000000000000208698;3225;19
000000000000612504;3211;86
000000000000023002;3085;214
000000000000766964;3085;25
000000000000759335;3074;1469
000000000000355621;3212;383
000000000000618365;3074;30
000000000000133435;3092;540
000000000000688936;3180;21
000000000000024668;3098;4366
000000000000569209;3091;57
000000000000169663;3206;52
000000000000046528;3187;515
000000000647039002;3093;15
000000000000118792;3094;185
000000000000631045;3225;22
000000000000620407;3212;432
000000000619006002;3206;18
000000000000561208;3206;106
000000000000030951;3206;19
000000000000328254;3091;47
000000000400067004;3086;376
000000000000652003;3098;65
000000000000192068;3212;16
000000000402160005;3091;149
000000000000635931;3086;185
000000000000863277;3180;30
000000000000692549;3092;20
000000000000356297;3086;29
000000000000141820;3172;351
000000000000668141;3225;102
000000000000566344;3211;132
000000000000519804;3187;118
000000000000640959;3172;2237
000000000000018250;3074;264
000000000000192563;3180;121
000000000000189987;3086;150
000000000000652003;3093;64
000000000000506149;3093;48
000000000000135092;3092;181
000000000668910001;3172;208
000000000000005961;3086;12
000000000000358358;3089;3585
000000000000005965;3172;22
000000000000635684;3172;36
000000000000779613;3094;31
000000000000824569;3074;34
000000000650100002;3074;150
000000000000629264;3193;36
000000000000651999;3091;89
000000000000640960;3098;176
000000000000186376;3193;37
000000000000052676;3085;123
000000000000604495;3074;23
000000000000638517;3086;15
000000000000181372;3074;138
000000000000210189;3089;74
000000000000145238;3223;40
000000000000189987;3089;98
000000000000007493;3193;628
000000000000598865;3086;437
000000000000059685;3223;219
000000000400070001;3093;191
000000000000631799;3206;9
000000000000010577;3212;13
000000000641229002;3212;229
000000000000171547;3187;271
000000000000295085;3212;21
000000000000006126;3225;1297
000000000000132115;3091;41
000000000000158523;3086;12
000000000000558053;3094;24
000000000000172456;3193;23
000000000000976752;3085;45
000000000000354918;3172;61
000000000000133179;3223;315
000000000665091001;3094;20
000000000000663244;3088;43
000000000000649345;3092;428
000000000000576448;3225;23
000000000000617412;3086;49
000000000000607911;3098;20
000000000000665799;3206;15
000000000000668903;3193;170
000000000000018137;3223;24
000000000000189558;3091;49
000000000000006519;3074;506
000000000000139492;3091;86
000000000665091001;3088;48
000000000648870002;3187;15
000000000000192843;3206;25
000000000000985918;3074;37
000000000000056648;3180;50
000000000000006457;3206;438
000000000000010526;3074;618
000000000634901002;3074;217
000000000616726002;3206;40
000000000000052679;3223;52
000000000000519804;3211;133
000000000000585243;3172;153
000000000000661795;3193;9
000000000000212914;3225;34
000000000000645721;3212;48
000000000000501361;3172;3484
000000000000780250;3187;80
000000000000632050;3212;32
000000000000152770;3172;49
000000000000565609;3172;46
000000000000007484;3180;242
000000000000566339;3074;259
000000000000612530;3223;13
000000000000648040;3172;29
000000000000035129;3085;70
000000000000052657;3225;89
000000000000718537;3223;2421
000000000000868530;3172;110
000000000000171547;3094;31
000000000000618835;3187;79
000000000401851006;3223;262
000000000402135002;3086;76
000000000000005760;3206;157
000000000000295106;3098;32
000000000400329006;3225;381
000000000000616112;3091;50
000000000000638517;3225;18
000000000402163019;3206;18
000000000000615003;3086;86
000000000000955614;3223;35
000000000000120294;3093;266
000000000401867004;3223;37
000000000000828564;3206;103
000000000402613001;3211;610
000000000000010528;3212;342
000000000000648065;3085;60
000000000000059809;3187;86
000000000000598867;3212;281
000000000000612233;3074;576
000000000000828564;3091;122
000000000000780250;3172;56
000000000000210189;3223;764
000000000000645928;3193;141
000000000000190995;3093;140
000000000000213721;3089;45
000000000000211077;3211;128
000000000000650198;3212;167
000000000000663844;3211;453
000000000000052614;3074;175
000000000000539998;3074;171
000000000639559001;3180;119
000000000000220630;3193;23
000000000000688936;3091;48
000000000650100001;3085;85
000000000000031915;3091;37
000000000000020318;3089;66
000000000000188148;3193;409
000000000400218001;3092;172
000000000000164853;3212;57
000000000000626166;3098;115
000000000000633961;3091;47
000000000000214187;3074;52
000000000000645433;3094;45
000000000000652974;3093;30
000000000000642687;3074;371
000000000000581680;3180;375
000000000665771003;3223;12
000000000000576448;3074;23
000000000000766964;3098;32
000000000000210393;3089;64
000000000000118792;3092;116
000000000000894768;3092;157
000000000000214184;3088;104
000000000000215264;3091;30
000000000000665856;3225;17
000000000000652002;3091;67
000000000000212914;3172;55
000000000000164008;3092;84
000000000000665274;3206;33
000000000000195024;3091;21
000000000000655096;3089;9
000000000402163013;3206;149
000000000000901361;3088;127
000000000000008645;3074;48
000000000000983071;3180;13
000000000000871178;3180;53
000000000000633967;3093;239
000000000000765475;3085;36
000000000000024668;3091;2951
000000000000650198;3092;96
000000000000321096;3193;137
000000000000667803;3225;21
000000000000010216;3225;32
000000000000663844;3094;464
000000000000355904;3091;29
000000000000631045;3193;42
000000000000230843;3206;68
000000000000176788;3085;142
000000000000138712;3074;4804
000000000000518338;3093;120
000000000401927001;3092;25
000000000000030965;3172;39
000000000000667695;3086;53
000000000000665791;3193;51
000000000000321018;3180;809
000000000400329002;3093;465
000000000000005965;3088;23
000000000000786457;3187;30
000000000000010579;3098;60
000000000000007493;3223;500
000000000000630076;3206;19
000000000000665791;3172;34
000000000000666016;3085;15
000000000000617411;3088;71
000000000000031911;3074;54
000000000000618836;3086;142
000000000000007408;3091;1808
000000000000131441;3088;1247
000000000000133435;3172;785
000000000000611858;3091;48
000000000645975003;3086;286
000000000000653377;3180;330
000000000000661120;3193;130
000000000000007407;3187;673
000000000000781195;3085;239
000000000000015532;3098;24
000000000000899948;3223;1155
000000000000008645;3172;28
000000000000119092;3089;46
000000000000577226;3089;14
000000000401724001;3206;46
000000000401914004;3086;163
000000000000174334;3089;79
000000000000010524;3206;60
000000000000252158;3093;177
000000000000661119;3085;703
000000000000158522;3085;34
000000000000197613;3092;43
000000000000955556;3206;33
000000000401851006;3211;58
000000000000641385;3193;105
000000000000653352;3212;38
000000000000760476;3187;6189
000000000000625676;3091;352
000000000400055005;3098;366
000000000000616933;3098;7
000000000000006532;3094;124
000000000400070001;3098;363
000000000000616985;3180;280
000000000000197613;3094;61
000000000000133223;3211;96
000000000000624684;3187;40
000000000668910001;3223;348
000000000000665518;3074;21
000000000000254525;3085;80
000000000402160001;3074;18
000000000650386002;3088;24
000000000000010647;3098;106
000000000000358358;3211;4677
000000000666059003;3206;28
000000000000133180;3180;118
000000000000650196;3091;91
000000000000615004;3223;319
000000000640546002;3091;25
000000000000018287;3187;107
000000000000010680;3098;50
000000000000767397;3094;350
000000000000203297;3089;27
000000000000133223;3212;153
000000000000759658;3085;43
000000000000642723;3091;7
000000000000815280;3223;45
000000000000759335;3172;3550
000000000000131318;3074;49
000000000000131441;3086;1540
000000000000017739;3093;161
000000000000661120;3225;193
000000000000180017;3187;9
000000000000212914;3074;36
000000000000646822;3180;758
000000000000632283;3172;39
000000000000666016;3206;26
000000000000629712;3088;98
000000000000667839;3091;62
000000000000013241;3193;62
000000000000152047;3085;55
000000000000665901;3088;43
000000000000181263;3223;29
000000000000211077;3212;38
000000000000641109;3193;15
000000000000163045;3092;59
000000000000506262;3223;113
000000000000613365;3074;42
000000000000005960;3225;367
000000000000192068;3223;14
000000000000900825;3180;1206
000000000000815275;3212;110
000000000000560915;3223;15
000000000000566684;3086;67
000000000402613001;3225;714
000000000000567913;3088;18
000000000000354918;3088;201
000000000000185005;3089;84
000000000000005753;3094;66
000000000000635083;3193;51
000000000000133229;3187;2071
000000000000059685;3092;72
000000000000052387;3212;324
000000000000180030;3085;19
000000000000344300;3085;236
000000000000651225;3172;96
000000000000139890;3093;23
000000000000547306;3092;20
000000000000355630;3091;1633
000000000000277024;3223;82
000000000000007493;3086;348
000000000000007504;3085;675
000000000000607896;3091;26
000000000000643027;3225;189
000000000000666102;3206;758
000000000000572390;3086;58
000000000000179987;3225;14
000000000000139922;3223;42
000000000000031023;3180;211
000000000645975003;3223;141
000000000000539998;3089;53
000000000000006535;3211;196
000000000000642726;3094;5
000000000000598867;3223;106
000000000000010662;3094;34
000000000000615078;3092;49
000000000000625810;3172;75
000000000000009671;3098;74
000000000000007448;3187;300
000000000000006129;3206;81
000000000000213259;3180;137
000000000000666166;3085;23
000000000000010584;3223;59
000000000000010577;3094;74
000000000000616932;3223;4
000000000000024197;3086;62
000000000000295085;3223;136
000000000000218917;3093;43
000000000000351785;3172;122
000000000000645928;3088;100
000000000000184561;3091;248
000000000000177525;3091;75
000000000000661944;3092;29
000000000000035196;3098;52
000000000000533072;3091;19
000000000000991226;3211;125
000000000000640873;3088;55
000000000000146528;3172;81
000000000000666029;3187;24
000000000000652003;3085;36
000000000000503539;3074;536
000000000400072001;3187;32
000000000000181877;3211;103
000000000000646834;3088;36
000000000000351784;3206;90
000000000000146224;3223;6
000000000668910001;3225;102
000000000000616932;3172;7
000000000000141820;3086;50
000000000000047388;3212;479
000000000000575693;3098;23
000000000000520463;3193;42
000000000000046528;3092;432
000000000000355621;3086;688
000000000000321550;3206;96
000000000000291227;3091;651
000000000400308003;3212;182
000000000000024197;3172;59
000000000000164008;3089;39
000000000400433002;3094;1311
000000000000284478;3074;56
000000000000187005;3098;167
000000000000197613;3211;58
000000000000506147;3098;37
000000000000558055;3085;32
000000000000617381;3091;26
000000000000124981;3089;204
000000000000358358;3086;12462
000000000000133435;3193;717
000000000000566342;3085;127
000000000000649345;3211;283
000000000000667908;3193;31
000000000000141820;3094;273
000000000000612233;3094;128
000000000000180030;3206;28
000000000000192562;3223;69
000000000000059685;3086;46
000000000000549591;3172;522
000000000000845600;3225;32
000000000000562182;3088;36
000000000000638518;3094;63
000000000000516747;3180;1278
000000000000152770;3088;48
000000000000251914;3187;70
000000000000177770;3094;389
000000000000018287;3089;186
000000000000009640;3089;24
000000000000024735;3211;1506
000000000622768002;3212;254
000000000000665855;3212;192
000000000000665263;3172;236
000000000000652880;3223;23
000000000000275754;3089;25
000000000000585347;3088;84
000000000000652481;3172;167
000000000000141270;3092;133
000000000000032389;3098;2411
000000000000024197;3211;160
000000000000606428;3206;9
000000000000006516;3212;53
000000000000213259;3093;46
000000000000358031;3094;38
000000000000626636;3225;1056
000000000401867004;3094;67
000000000000168914;3091;81
000000000000013241;3088;69
000000000000004933;3193;1144
000000000000344299;3206;1408
000000000000339668;3092;148
000000000000526074;3223;157
000000000000182690;3089;56
000000000000024599;3172;292
000000000000059809;3212;328
000000000000900825;3091;437
000000000000638518;3074;14
000000000000008558;3098;32
000000000000170847;3085;120
000000000000668141;3074;143
000000000000622173;3089;30
000000000000546061;3088;72
000000000000641025;3187;196
000000000000018222;3093;22
000000000000641025;3092;424
000000000000623594;3093;175
000000000000208698;3193;21
000000000402135002;3193;148
000000000000618835;3086;78
000000000000351784;3085;61
000000000000597758;3206;30
000000000000639546;3180;121
000000000000141271;3093;60
000000000000170080;3085;259
000000000000008645;3089;31
000000000000578191;3180;439
000000000400218004;3211;171
000000000000616932;3211;7
000000000000353250;3074;47
000000000000749098;3086;194
000000000000210403;3206;160
000000000000035246;3212;84
000000000000251252;3206;30
000000000000668651;3223;18
000000000000641384;3086;22
000000000401724015;3206;476
000000000000210295;3212;72
000000000000667119;3086;26
000000000400055001;3172;153
000000000000158375;3172;133
000000000000630440;3211;16
000000000000638518;3193;107
000000000000615835;3092;120
000000000641229001;3091;385
000000000634901002;3172;137
000000000000164153;3085;301
000000000000649041;3094;132
000000000000024729;3086;1905
000000000400067004;3223;69
000000000000631045;3172;44
000000000000007515;3187;116
000000000000169663;3091;56
000000000000010659;3091;89
000000000000650197;3180;77
000000000000035196;3180;72
000000000000180012;3086;18
000000000000133179;3094;375
000000000000744843;3091;29
000000000000020318;3094;222
000000000000177772;3172;138
000000000000626166;3093;79
000000000000560511;3088;113
000000000000975247;3172;6
000000000000216960;3187;50
000000000000170132;3092;46
000000000000006558;3172;112
000000000000668188;3074;157
000000000000688937;3180;60
000000000668190002;3187;70
000000000000539292;3206;139
000000000000176198;3093;31
000000000000145238;3086;246
000000000000625676;3098;199
000000000000358032;3094;28
000000000000152048;3193;360
000000000000661854;3085;234
000000000000135488;3086;582
000000000000152047;3093;136
000000000000646200;3223;44
000000000000629295;3225;47
000000000000710446;3172;762
000000000000128218;3088;255
000000000000146527;3206;26
000000000000010577;3211;18
000000000000140265;3223;153
000000000000189558;3206;51
000000000000566344;3212;92
000000000000006106;3091;735
000000000650059002;3085;276
000000000000184968;3223;51
000000000000652481;3211;63
000000000000639501;3089;105
000000000648444001;3094;108
000000000000052674;3088;106
000000000000641114;3223;14
000000000000666019;3093;39
000000000000192594;3187;9
000000000000010586;3206;117
000000000401851006;3092;282
000000000000739961;3193;28
000000000000135092;3225;69
000000000000652974;3180;49
000000000000648065;3091;49
000000000000640484;3093;15
000000000000665263;3086;189
000000000000024735;3094;4514
000000000400067004;3088;269
000000000000647468;3180;86
000000000402629006;3212;823
000000000650386002;3223;14
000000000000354906;3206;99
000000000000287807;3085;16
000000000000614051;3225;99
000000000665771003;3212;24
000000000000142838;3091;58
000000000000665274;3091;14
000000000000642688;3223;447
000000000000192594;3086;15
000000000000133223;3086;80
000000000000011016;3180;147
000000000000667672;3089;13
000000000000648065;3206;43
000000000000005959;3074;673
000000000000141993;3180;220
000000000000128237;3223;29
000000000000985414;3074;205
000000000000624684;3193;222
000000000000649868;3225;24
000000000000210336;3094;347
000000000000754765;3206;31
000000000649484001;3225;18
000000000000625303;3098;23
000000000000650823;3091;180
000000000000054626;3086;46
000000000000637755;3092;24
000000000000158522;3093;30
000000000000641025;3193;509
000000000000652466;3211;77
000000000666059002;3088;29
000000000000688938;3225;81
000000000000007518;3093;3733
000000000000141403;3093;89
000000000000355622;3193;91
000000000000053891;3074;185
000000000000642723;3085;5
000000000000631161;3172;49
000000000000164008;3193;90
000000000000009130;3172;1228
000000000000868530;3193;62
000000000000052391;3211;39
000000000000759336;3225;1091
000000000000877304;3223;132
000000000000010662;3187;149
000000000000355005;3074;43
000000000000174299;3091;43
000000000000011506;3094;205
000000000000667695;3094;42
000000000000010586;3091;204
000000000000650823;3093;191
000000000000214186;3098;103
000000000000516749;3212;255
000000000000163735;3085;73
000000000000006129;3085;193
000000000000617411;3193;62
000000000000640961;3089;55
000000000000147606;3074;48
000000000000133229;3086;219
000000000000019953;3089;93
000000000000006466;3172;72
000000000000667672;3074;57
000000000000057969;3085;1050
000000000000135488;3193;174
000000000000665273;3086;24
000000000000018123;3092;1149
000000000000961236;3088;37
000000000000182568;3225;34
000000000000615003;3223;42
000000000000640173;3212;44
000000000000010681;3187;132
000000000000342883;3098;73
000000000000631161;3223;46
000000000400069001;3093;382
000000000000712974;3193;984
000000000000614115;3225;33
000000000000632283;3086;39
000000000000005759;3223;50
000000000649484001;3086;51
000000000000141820;3092;351
000000000000667803;3223;22
000000000000577057;3088;29
000000000000010687;3211;56
000000000000328254;3098;70
000000000000174334;3094;164
000000000000544823;3193;14
000000000000964689;3093;268
000000000000006552;3206;164
000000000000646214;3093;138
000000000000031023;3091;217
000000000000566684;3172;592
000000000000639525;3088;25
000000000000206654;3092;42
000000000000759335;3211;1350
000000000000018286;3086;108
000000000000667968;3206;110
000000000000558396;3206;78
000000000000211158;3085;42
000000000000018137;3211;34
000000000400067001;3172;101
000000000000606625;3172;181
000000000000606510;3089;49
000000000400308001;3223;3741
000000000000010632;3086;64
000000000400308003;3092;139
000000000000140102;3093;63
000000000000600320;3091;46
000000000000633961;3085;24
000000000000654810;3225;7
000000000000588612;3085;41
000000000000872676;3225;169
000000000400218004;3089;69
000000000000577057;3187;21
000000000400185004;3094;226
000000000000132115;3206;109
000000000000642688;3089;553
000000000000321096;3088;111
000000000000009452;3180;37
000000000000220630;3092;22
000000000000126791;3085;120
000000000000030965;3086;122
000000000000645720;3094;9
000000000000349179;3085;345
000000000000941356;3098;82
000000000000506264;3091;55
000000000000019952;3180;131
000000000000006442;3092;3819
000000000636515001;3223;51
000000000000758871;3206;89
000000000000533071;3089;23
000000000000615078;3211;50
000000000000010630;3088;28
000000000000739961;3088;52
000000000000914447;3074;58
000000000000010577;3225;19
000000000000667610;3172;116
000000000000637737;3092;48
000000000000607911;3206;69
000000000000571222;3089;63
000000000000639501;3212;445
000000000000546061;3092;75
000000000636515002;3223;72
000000000000667263;3180;43
000000000000208698;3074;36
000000000000017665;3091;85
000000000000665280;3088;22
000000000000024599;3094;327
000000000000011016;3091;125
000000000000181372;3193;87
000000000000612806;3093;2580
000000000000006442;3086;4211
000000000000985414;3193;286
000000000000506262;3187;12
000000000000645724;3092;385
000000000000505749;3086;196
000000000000133181;3180;149
000000000000192594;3212;7
000000000000010570;3211;103
000000000000351783;3211;46
000000000000180027;3086;24
000000000000864253;3092;150
000000000000638546;3180;19
000000000000577226;3212;41
000000000000356040;3085;53
000000000000634834;3085;119
000000000000651990;3172;333
000000000000188150;3180;74
000000000000157195;3088;14
000000000000355622;3088;466
000000000000007101;3085;137
000000000000210403;3091;109
000000000000133224;3074;660
000000000000641384;3223;62
000000000000006535;3193;205
000000000000630954;3098;296
000000000000566684;3074;1126
000000000000937354;3225;35
000000000402124004;3223;27
000000000000168302;3089;36
000000000000008644;3091;34
000000000000637737;3172;76
000000000000132114;3086;65
000000000000650626;3206;30
000000000000518013;3098;79
000000000000607914;3180;323
000000000000648504;3212;15
000000000000218099;3091;58
000000000000214186;3091;109
000000000000712440;3086;986
000000000000651990;3225;113
000000000000005054;3088;305
000000000000616733;3225;14
000000000000145903;3094;128
000000000000614115;3223;47
000000000402163005;3193;214
000000000000647083;3093;35
000000000000132112;3180;177
000000000000131441;3193;172
000000000000170132;3225;36
000000000000639525;3223;16
000000000000251252;3091;36
000000000000191112;3193;55
000000000000007387;3088;196
000000000000815275;3172;76
000000000000655578;3098;15
000000000400218001;3193;149
000000000000191249;3172;19
000000000000758871;3091;200
000000000000607260;3074;16
000000000400071004;3088;13
000000000000166832;3098;54
000000000402163005;3088;33
000000000000118791;3091;54
000000000000641385;3211;89
000000000000189987;3092;256
000000000000606625;3074;139
000000000000637200;3089;8
000000000000059805;3212;113
000000000000604342;3193;124
000000000000052658;3094;772
000000000000560511;3086;121
000000000668190002;3088;81
000000000000651990;3094;13
000000000000616068;3085;130
000000000000561301;3098;20
000000000000653352;3088;19
000000000000566684;3223;227
000000000000171547;3092;50
000000000000688938;3187;53
000000000000628527;3180;76
000000000000213570;3091;30
000000000000634994;3206;112
000000000000253327;3211;53
000000000400433002;3193;987
000000000402629003;3086;336
000000000000181373;3093;23
000000000000132462;3223;415
000000000000005542;3206;42
000000000400329002;3206;804
000000000000053901;3089;341
000000000000167455;3212;507
000000000000899948;3211;2276
000000000000519804;3172;177
000000000000052294;3212;256
000000000000286465;3092;81
000000000000647125;3089;43
000000000000141270;3089;65
000000000000210189;3074;91
000000000000617412;3092;51
000000000000324538;3098;65
000000000000607911;3093;70
000000000000652481;3092;57
000000000000637755;3193;22
000000000000351783;3212;307
000000000000617412;3187;42
000000000000355618;3211;1130
000000000000008644;3085;38
000000000000167455;3193;944
000000000000175894;3089;26
000000000000189986;3187;54
000000000000007390;3223;2209
000000000000321094;3086;839
000000000401867009;3180;43
000000000000167456;3086;207
000000000000253327;3094;55
000000000000759335;3225;1490
000000000000617412;3225;35
000000000402629006;3172;3548
000000000000649222;3187;52
000000000000147553;3086;299
000000000000598872;3223;98
000000000000661594;3093;56
000000000000210064;3098;13085
000000000000665365;3091;91
000000000000661945;3089;176
000000000000666004;3193;136
000000000000358391;3211;495
000000000000135092;3193;281
000000000000612888;3093;47
000000000000005760;3180;144
000000000000032389;3085;2019
000000000000598872;3074;302
000000000000957755;3098;94
000000000000017966;3193;37
000000000000133229;3092;2566
000000000000615395;3223;33
000000000000648040;3187;29
000000000000339586;3206;57
000000000000252158;3206;107
000000000624299003;3085;110
000000000000132462;3225;1244
000000000000655684;3074;8
000000000000894768;3094;20
000000000000217412;3089;35
000000000000321094;3074;1641
000000000000612808;3206;202
000000000000017960;3223;37
000000000000637200;3172;17
000000000000639076;3074;77
000000000000005474;3088;98
000000000000634900;3085;58
000000000000148242;3172;109
000000000000543099;3225;8
000000000400071004;3223;37
000000000000154632;3172;97
000000000616561002;3193;38
000000000000006537;3092;137
000000000000646214;3180;138
000000000000562679;3092;34
000000000000053891;3092;1537
000000000647039003;3085;22
000000000000024552;3089;63
000000000000662371;3172;130
000000000000217412;3172;71
000000000000759659;3098;103
000000000000141404;3193;51
000000000000663242;3089;63
000000000400218002;3206;99
000000000000059809;3094;507
000000000000007448;3223;162
000000000000167456;3089;159
000000000000894768;3074;35
000000000000611421;3180;532
000000000000007515;3089;117
000000000401861010;3091;17
000000000000007493;3187;540
000000000000641384;3172;58
000000000000607904;3172;182
000000000000133333;3193;198
000000000000004901;3180;43
000000000647039003;3098;46
000000000000666101;3092;199
000000000000181877;3223;120
000000000000005757;3074;30
000000000000019952;3206;96
000000000000991226;3088;98
000000000400329001;3223;405
000000000650100002;3086;130
000000000000005256;3206;125
000000000000767397;3193;491
000000000000006490;3089;80
000000000000215161;3225;991
000000000000559524;3212;467
000000000000991226;3225;101
000000000000647125;3074;62
000000000000955556;3093;36
000000000000955614;3187;23
000000000000170198;3089;89
000000000000637755;3211;8
000000000000877304;3088;210
000000000000035196;3093;147
000000000000168302;3088;36
000000000663007004;3223;33
000000000000561155;3098;407
000000000000749097;3092;3159
000000000000006674;3180;13
000000000000571232;3172;547
000000000400183006;3086;136
000000000000009009;3180;231
000000000401914004;3211;288
000000000000008892;3098;136
000000000000135092;3086;733
000000000000635301;3085;35
000000000000178088;3180;81
000000000000638654;3091;173
000000000000776038;3206;262
000000000000652001;3098;38
000000000401926001;3085;22
000000000000298060;3091;174
000000000000667695;3088;66
000000000000842477;3211;84
000000000000577057;3212;74
000000000000641384;3092;85
000000000000619701;3093;51
000000000000665791;3187;52
000000000000614358;3172;74
000000000645975001;3098;416
000000000000178386;3098;91
000000000000191249;3092;29
000000000000654810;3223;19
000000000000145903;3187;95
000000000000023002;3206;363
000000000000964689;3180;192
000000000000189558;3093;152
000000000000342159;3180;24
000000000000561242;3088;10
000000000000059809;3211;120
000000000000639896;3180;179
000000000000154633;3092;41
000000000000358391;3193;2952
000000000000180009;3088;33
000000000402629003;3187;965
000000000000009451;3180;19
000000000000018123;3223;1901
000000000000010647;3206;87
000000000000210393;3225;24
000000000665091001;3187;20
000000000000611123;3093;6
000000000000052392;3085;244
000000000000008892;3093;144
000000000622768001;3225;45
000000000000759336;3089;1105
000000000000661944;3089;32
000000000000665610;3092;8
000000000000718537;3225;2210
000000000000010521;3085;319
000000000402629001;3098;169
000000000000153589;3180;93
000000000000165524;3091;46
000000000000010659;3206;89
000000000000900820;3193;4130
000000000000153589;3093;73
000000000000008914;3225;511
000000000000147716;3089;22
000000000000621033;3092;818
000000000000635529;3088;20
000000000000292183;3211;61
000000000000182690;3223;46
000000000000321094;3094;2345
000000000000018250;3187;1267
000000000000014296;3180;46
000000000000210484;3086;11
000000000000023002;3093;248
000000000000133223;3223;58
000000000000645928;3094;51
000000000000646386;3094;595
000000000000640010;3085;47
000000000000818130;3098;104
000000000000642726;3089;8
000000000000781196;3086;36
000000000000568755;3092;174
000000000000214184;3193;33
000000000000604342;3223;298
000000000000597758;3098;13
000000000000007390;3212;3710
000000000000625303;3180;29
000000000000351783;3225;71
000000000000141360;3225;1036
000000000000640476;3211;89
000000000000900816;3093;1920
000000000000667429;3089;24
000000000000607496;3212;11
000000000000005753;3088;66
000000000000625810;3089;23
000000000000355618;3212;2061
000000000000612667;3089;287
000000000000631045;3187;26
000000000000604494;3091;14
000000000000179987;3094;21
000000000000007515;3225;220
000000000000358391;3074;953
000000000000612808;3091;87
000000000647039004;3098;25
000000000402629006;3092;4187
000000000000059805;3092;383
000000000000006128;3089;11
000000000402160001;3223;227
000000000000631045;3092;58
000000000400067005;3074;111
000000000000616209;3212;38
000000000000179368;3085;15
000000000000913285;3098;84
000000000000154633;3089;47
000000000000570705;3086;94
000000000000218488;3098;60
000000000000179567;3088;312
000000000000649345;3088;69
000000000000647468;3093;60
000000000000739681;3092;94
000000000000181372;3212;130
000000000000355622;3074;260
000000000000562182;3089;25
000000000000006128;3172;47
000000000000651999;3206;31
000000000000145903;3086;121
000000000000810437;3098;166
000000000000609808;3085;14
000000000000165488;3085;870
000000000000055532;3092;441
000000000000355622;3212;18
000000000000128237;3074;108
000000000000615835;3088;153
000000000000121949;3092;71
000000000000795025;3223;651
000000000000018286;3193;600
000000000000607896;3098;18
000000000000665275;3091;131
000000000000661795;3225;50
000000000000213721;3187;74
000000000000018250;3092;173
000000000000630078;3092;24
000000000000625402;3089;82
000000000000913285;3180;12
000000000000605405;3223;23
000000000000900824;3193;628
000000000668910001;3187;163
000000000000864253;3225;48
000000000000519804;3089;168
000000000000516749;3089;153
000000000000253327;3092;69
000000000000004912;3187;413
000000000000667762;3091;33
000000000000355618;3094;1294
000000000000182574;3098;30
000000000000056986;3074;169
000000000000006542;3206;119
000000000000665741;3193;829
000000000000182571;3093;18
000000000000665741;3092;880
000000000000356297;3223;21
000000000000543828;3223;25
000000000000665212;3092;112
000000000000062405;3212;1756
000000000000533071;3223;33
000000000000006516;3193;38
000000000000611419;3098;355
000000000000024668;3180;3524
000000000000006668;3206;27
000000000000698846;3206;172
000000000000652466;3092;48
000000000000342158;3223;19
000000000000900821;3086;3608
000000000000063027;3085;545
000000000000667263;3206;53
000000000000010632;3193;32
000000000402613001;3086;289
000000000000616985;3206;149
000000000000983071;3091;35
000000000000177512;3187;1131
000000000000062389;3187;29
000000000000005759;3092;47
000000000000631161;3193;40
000000000000349368;3206;3947
000000000000015532;3206;31
000000000000562128;3098;334
000000000000009009;3091;234
000000000400185002;3086;303
000000000645975002;3089;420
000000000000619701;3206;20
000000000000618365;3092;22
000000000668910003;3223;84
000000000000639525;3086;26
000000000000006490;3193;118
000000000000128237;3225;58
000000000000120294;3180;347
000000000000558396;3085;29
000000000000284478;3088;56
000000000000640173;3225;25
000000000000010630;3212;164
000000000000182690;3225;39
000000000000138610;3211;86
000000000000612808;3180;233
000000000000010570;3074;217
000000000000010571;3093;283
000000000000598872;3211;420
000000000000174442;3093;45
000000000000606510;3088;57
000000000000648979;3193;196
000000000000960219;3093;83
000000000000053901;3187;759
000000000000646822;3091;362
000000000654827003;3180;12
000000000000011016;3098;86
000000000000210336;3225;38
000000000000637930;3223;7
000000000000282932;3206;17
000000000000506147;3091;60
000000000000181372;3086;87
000000000000913286;3086;76
000000000000615835;3225;81
000000000000200354;3225;16
000000000000614115;3172;159
000000000000618228;3172;114
000000000000218597;3093;35
000000000000506149;3085;59
000000000000005757;3094;24
000000000402629003;3074;94
000000000000621033;3094;867
000000000000212914;3193;27
000000000000566344;3092;177
000000000000141270;3211;54
000000000000900824;3074;1336
000000000000666029;3225;16
000000000000011506;3212;451
000000000000585347;3094;51
000000000649484001;3089;22
000000000000005966;3206;4
000000000000278354;3093;29
000000000000861944;3089;49
000000000000210295;3094;59
000000000000641384;3074;101
000000000000215264;3180;27
000000000000214184;3223;24
000000000000024668;3085;3818
000000000000562679;3094;23
000000000000566342;3180;253
000000000000649314;3206;210
000000000401861011;3092;25
000000000000649041;3225;95
000000000000121724;3180;34
000000000000615395;3089;39
000000000000662371;3223;200
000000000000632286;3088;19
000000000000628711;3172;707
000000000000618836;3074;78
000000000000053893;3098;697
000000000000628239;3098;80
000000000000661795;3212;169
000000000668910003;3172;146
000000000000281009;3086;126
000000000000300245;3206;17
000000000000810438;3086;64
000000000622768001;3193;84
000000000000291510;3225;25
000000000616562001;3172;44
000000000000178379;3223;33
000000000400183006;3089;47
000000000000640021;3098;357
000000000000632283;3211;66
000000000000231595;3098;8
000000000000639546;3085;148
000000000000661945;3094;79
000000000000164124;3085;135
000000000000291510;3172;17
000000000000053891;3193;507
000000000000607508;3212;37
000000000000018286;3088;127
000000000000170198;3094;112
000000000000197610;3091;47
000000000000008645;3088;35
000000000000667803;3094;26
000000000000210403;3093;175
000000000000635466;3091;44
000000000000543391;3172;26
000000000000170847;3180;281
000000000000598867;3172;323
000000000000046528;3211;1077
000000000000281009;3094;143
000000000000178379;3088;92
000000000000631323;3211;65
000000000000141360;3074;1852
000000000000629430;3089;139
000000000000133229;3193;134
000000000000140265;3225;80
000000000000900818;3088;2413
000000000000606510;3092;158
000000000000005960;3172;480
000000000000781198;3206;35
000000000400067005;3193;81
000000000000630440;3074;16
000000000000006490;3088;47
000000000000010217;3193;87
000000000000612861;3089;78
000000000000869698;3180;68
000000000000005960;3094;142
000000000000639039;3089;99
000000000000985414;3212;165
000000000000152770;3223;31
000000000000607261;3093;42
000000000000544058;3223;41
000000000000141302;3225;68
000000000000662799;3089;41
000000000649484001;3172;270
000000000000635532;3223;30
000000000000006557;3098;46
000000000000190995;3085;23
000000000648870002;3086;162
000000000000147716;3187;30
000000000000171547;3089;70
000000000000024631;3098;92
000000000000652985;3098;29
000000000000052651;3094;80
000000000000167455;3092;2230
000000000000215161;3088;158
000000000000645721;3223;38
000000000000544759;3193;14
000000000000973574;3193;9
000000000000052294;3074;187
000000000641229001;3093;352
000000000000006126;3089;1017
000000000000629757;3074;1409
000000000000625402;3074;103
000000000000521924;3094;64
000000000000133181;3091;165
000000000000575841;3211;30
000000000401861011;3225;12
000000000000625810;3223;78
000000000000665402;3074;41
000000000000004912;3223;153
000000000402032001;3088;19
000000000000251914;3092;156
000000000000203300;3187;10
000000000000008527;3223;139
000000000000046528;3094;425
000000000000291653;3092;82
000000000000035129;3098;152
000000000648444001;3074;76
000000000000577226;3086;23
000000000000059805;3223;64
000000000000810438;3094;53
000000000000973574;3089;9
000000000000572837;3180;9
000000000000295085;3088;160
000000000000024735;3172;778
000000000000624684;3225;60
000000000000124981;3088;294
000000000000665263;3088;133
000000000000052524;3206;50
000000000000905315;3180;31
000000000000637755;3172;48
000000000000661442;3085;96
000000000000744843;3206;15
000000000000665901;3223;41
000000000000616068;3091;142
000000000000614358;3094;25
000000000000625810;3211;38
000000000000059685;3074;49
000000000000358032;3172;49
000000000000573622;3092;29
000000000000203455;3193;498
000000000000665264;3098;115
000000000402032001;3187;96
000000000000062389;3225;29
000000000000955614;3074;16
000000000645975003;3225;504
000000000000648979;3211;222
000000000622009001;3086;52
000000000000148242;3212;39
000000000000558053;3211;18
000000000000192843;3093;27
000000000000640010;3180;23
000000000000630624;3089;109
000000000000638916;3074;68
000000000000005965;3074;19
000000000000638517;3212;39
000000000000006105;3088;2793
000000000000014362;3180;19
000000000000632285;3085;42
000000000000914447;3088;15
000000000000005724;3187;154
000000000000539998;3088;69
000000000000005542;3180;30
000000000000170201;3098;138
000000000000006517;3212;56
000000000000018250;3094;291
000000000000013475;3098;31
000000000000640961;3212;451
000000000000627253;3098;72
000000000000152770;3225;33
000000000000196224;3091;14
000000000000612882;3225;46
000000000000617380;3187;38
000000000000662371;3094;90
000000000000321096;3223;164
000000000000031628;3206;115
000000000000604435;3092;96
000000000000284478;3187;44
000000000000501361;3212;1189
000000000000052651;3092;377
000000000000570705;3092;72
000000000668910001;3086;602
000000000000355620;3172;539
000000000000620407;3193;396
000000000000141360;3187;470
000000000000612233;3172;689
000000000000667968;3085;51
000000000000612504;3187;61
000000000000653734;3092;30
000000000000124981;3187;117
000000000000214184;3172;94
000000000000625810;3088;26
000000000400329006;3223;345
000000000000646070;3206;26
000000000000119092;3086;115
000000000000647736;3074;144
000000000000621034;3098;63
000000000000181877;3193;124
000000000000561536;3086;55
000000000000182690;3092;42
000000000665656001;3187;35
000000000628439002;3091;71
000000000000152770;3187;43
000000000000575145;3098;44
000000000000007515;3092;459
000000000000913285;3091;53
000000000000605708;3089;2334
000000000000191250;3093;71
000000000000899948;3086;2735
000000000402163005;3086;310
000000000000141193;3088;60
000000000000651990;3212;221
000000000000163735;3180;62
000000000000526074;3092;191
000000000000668127;3085;218
000000000000861944;3086;163
000000000000642726;3088;7
000000000000665477;3206;70
000000000000650655;3211;43
000000000000177770;3092;335
000000000000353250;3088;137
000000000000639695;3089;84
000000000000351785;3193;45
000000000000052107;3092;289
000000000000667695;3089;40
000000000000189986;3211;155
000000000000135488;3089;563
000000000000170132;3193;49
000000000000815280;3074;32
000000000000961236;3089;39
000000000000560915;3092;42
000000000000031357;3206;24
000000000000188150;3098;72
000000000000638654;3180;88
000000000000650655;3187;34
000000000000031356;3091;24
000000000000052392;3098;47
000000000000907292;3091;131
000000000000625810;3225;18
000000000000053891;3088;944
000000000000152048;3211;188
000000000666059002;3187;35
000000000000024727;3180;179
000000000000637670;3187;71
000000000000665063;3085;1865
000000000000210403;3085;206
000000000000650196;3098;116
000000000000032326;3223;423
000000000000260876;3180;51
000000000000198339;3225;354
000000000000189987;3223;184
000000000000615395;3088;51
000000000000643027;3094;160
000000000000008509;3172;71
000000000000355630;3093;1794
000000000000011016;3085;126
000000000402629001;3206;418
000000000000351786;3074;299
000000000000180031;3098;112
000000000000321096;3092;136
000000000000141820;3074;362
000000000000178379;3211;51
000000000000606510;3211;195
000000000000181263;3088;30
000000000000358358;3187;6993
000000000000007413;3086;86
000000000400185002;3094;245
000000000000621033;3088;306
000000000000153589;3206;56
000000000000210257;3223;76
000000000650100002;3187;76
000000000000031910;3085;261
000000000000020321;3093;158
000000000000981938;3180;93
000000000000666029;3086;21
000000000000006451;3211;57
000000000000218488;3085;21
000000000000618228;3074;40
000000000000661945;3225;124
000000000000607261;3206;59
000000000000638916;3223;112
000000000000544823;3086;23
000000000621962002;3094;42
000000000000649314;3085;465
000000000000883205;3212;25
000000000000894768;3225;21
000000000000631161;3211;37
000000000000635466;3085;25
000000000000516749;3223;247
000000000000152048;3088;165
000000000000018112;3074;26
000000000000901361;3074;82
000000000663007001;3093;53
000000000000011506;3211;71
000000000639107002;3098;88
000000000000710446;3074;631
000000000000186376;3089;14
000000000000900821;3212;2342
000000000000876417;3180;349
000000000000501361;3211;866
000000000000211061;3093;73
000000000000955555;3180;24
000000000000618228;3187;86
000000000000546061;3094;33
000000000000146224;3211;27
000000000400308001;3074;7841
000000000000900820;3211;153
000000000000174334;3092;345
000000000000284090;3091;28
000000000000141403;3091;58
000000000000760902;3098;66
000000000000141402;3074;30
000000000000868530;3094;66
000000000000528751;3085;15
000000000000180004;3206;74
000000000400308001;3089;1890
000000000000154634;3206;116
000000000000009130;3225;209
000000000000005724;3088;285
000000000000561301;3180;23
000000000000615004;3187;599
000000000000163896;3180;77
000000000000141193;3212;73
000000000000213396;3085;14
000000000000052392;3180;358
000000000000291653;3074;98
000000000000629295;3074;57
000000000000640873;3212;44
000000000000158886;3085;94
000000000000965821;3212;48
000000000402613002;3098;3082
000000000000010216;3187;49
000000000000622002;3211;117
000000000622768002;3088;113
000000000000132599;3088;50
000000000000010217;3088;79
000000000000577226;3088;19
000000000622768002;3223;47
000000000000128223;3193;85
000000000401867002;3093;55
000000000000164853;3193;174
000000000000530964;3180;25
000000000000883205;3092;53
000000000000009640;3086;49
000000000000607260;3086;12
000000000000005474;3223;24
000000000000350937;3086;46
000000000000960219;3180;68
000000000000200148;3172;43
000000000000629402;3089;47
000000000000006459;3098;63
000000000000899947;3206;460
000000000000358358;3088;6974
000000000000612806;3085;1103
000000000000603916;3086;240
000000000000667610;3089;29
000000000000291510;3187;38
000000000000877304;3089;196
000000000000526074;3074;105
000000000000641025;3211;48
000000000000624993;3180;68
000000000000598873;3094;448
000000000000354918;3225;116
000000000000138610;3089;59
000000000000655684;3092;57
000000000000606624;3093;16
000000000000321094;3223;1957
000000000000966828;3211;83
000000000000544705;3225;20
000000000000005960;3089;314
000000000000052391;3225;156
000000000000152767;3085;87
000000000000612888;3091;47
000000000000653734;3074;33
000000000000667839;3180;41
000000000000665212;3172;64
000000000000639789;3092;70
000000000000864253;3094;56
000000000000983071;3098;32
000000000000005963;3180;1033
000000000000062389;3094;24
000000000000006490;3172;87
000000000000195024;3085;12
000000000000666029;3212;27
000000000000648732;3085;53
000000000000181878;3074;94
000000000000598865;3172;411
000000000000781198;3091;34
000000000000612530;3225;40
000000000000635530;3172;7
000000000000052674;3193;113
000000000000007518;3180;4123
000000000000178018;3211;47
000000000000007390;3074;2003
000000000000882758;3088;90
000000000000615835;3187;72
000000000000759335;3193;2846
000000000000053809;3211;1140
000000000000666259;3172;64
000000000000007408;3085;357
000000000000006490;3074;115
000000000000064466;3085;17
000000000401926001;3091;34
000000000000985415;3187;1279
000000000000062389;3074;46
000000000000614472;3089;24
000000000000562128;3093;120
000000000000024668;3206;3369
000000000000868530;3223;792
000000000645975002;3088;544
000000000000358335;3091;965
000000000000018222;3206;127
000000000000638916;3212;192
000000000000121949;3074;59
000000000000006532;3074;322
000000000000828564;3098;102
000000000000567913;3074;10
000000000000663245;3172;205
000000000000009671;3093;32
000000000000006451;3223;246
000000000000616209;3187;13
000000000654827002;3180;21
000000000402160009;3085;27
000000000000006558;3094;47
000000000000571223;3091;131
000000000000638518;3089;24
000000000641229001;3180;317
000000000000665715;3092;18
000000000666059001;3187;45
000000000000665275;3093;198
000000000000767397;3074;98
000000000000759335;3223;1493
000000000000168906;3211;32
000000000000010631;3086;23
000000000000629771;3225;269
000000000000612505;3225;83
000000000665922002;3091;54
000000000000133223;3172;104
000000000000585243;3092;218
000000000000645478;3091;86
000000000000558051;3212;6
000000000000047388;3092;563
000000000000626636;3094;1295
000000000628439001;3172;48
000000000000576939;3091;79
000000000000152047;3098;86
000000000000178369;3212;25
000000000000622173;3094;68
000000000000198339;3212;3140
000000000000616202;3212;25
000000000000005964;3211;964
000000000000213570;3093;15
000000000000518338;3098;169
000000000000178379;3187;39
000000000000662257;3172;289
000000000000010591;3212;41
000000000000008527;3225;39
000000000000018292;3088;410
000000000636515001;3089;29
000000000000062405;3094;355
000000000000358392;3091;149
000000000400329005;3180;1763
000000000000631799;3091;6
000000000000216960;3086;99
000000000000203300;3089;6
000000000000543098;3193;20
000000000000975247;3225;7
000000000400185002;3092;380
000000000000174334;3211;133
000000000000651999;3098;94
000000000000030964;3085;43
000000000000011016;3093;119
000000000000635532;3088;45
000000000000641109;3223;35
000000000000631668;3094;26
000000000000017966;3225;26
000000000000339586;3085;31
000000000402613002;3206;1426
000000000000629712;3193;59
000000000000667119;3223;22
000000000000616068;3206;19
000000000000181263;3089;27
000000000400071004;3092;85
000000000000663242;3212;130
000000000000211077;3086;89
000000000000146986;3187;40
000000000000181263;3172;45
000000000000004933;3086;1257
000000000000217411;3212;83
000000000400072001;3086;29
000000000000167456;3187;201
000000000000178087;3093;105
000000000000612883;3225;46
000000000000877304;3212;206
000000000000647123;3089;49
000000000622768006;3085;42
000000000000024729;3172;6605
000000000000607904;3225;163
000000000000035284;3225;25
000000000000661119;3206;440
000000000000645928;3211;40
000000000000662799;3225;23
000000000000781199;3088;35
000000000000981938;3206;111
000000000000004900;3211;29
000000000000128223;3089;181
000000000000976753;3093;420
000000000000053892;3180;549
000000000400067005;3088;126
000000000000053901;3088;895
000000000616726002;3085;61
000000000000053809;3193;1005
000000000000010577;3086;23
000000000000567412;3093;39
000000000000973574;3074;8
000000000000062389;3211;71
000000000000187005;3085;482
000000000000217411;3092;44
000000000000632285;3091;46
000000000000215380;3193;372
000000000000132112;3098;135
000000000000351786;3092;278
000000000400261002;3088;482
000000000000636570;3225;6
000000000000520476;3091;39
000000000000604495;3211;21
000000000400261002;3223;252
000000000000960217;3193;142
000000000000011214;3074;62
000000000000894768;3193;56
000000000000176169;3206;157
000000000000052612;3088;469
000000000000189537;3172;75
000000000000191112;3086;115
000000000000612504;3193;43
000000000000877304;3094;220
000000000000210336;3089;54
000000000000057969;3098;296
000000000000191246;3098;82
000000000402163005;3172;48
000000000000031628;3091;123
000000000000933456;3187;37
000000000000630624;3074;52
000000000639107002;3093;55
000000000000616203;3093;19
000000000000612504;3089;550
000000000000625402;3223;22
000000000401724010;3206;479
000000000000187418;3093;59
000000000650386001;3089;17
000000000000004912;3211;590
000000000000815275;3223;56
000000000000824569;3092;57
000000000000571232;3211;124
000000000000786457;3086;20
000000000000845600;3212;43
000000000000955555;3098;13
000000000000739681;3211;166
000000000000006558;3225;712
000000000000194269;3172;93
000000000000214184;3089;46
000000000000560445;3211;182
000000000000615078;3172;59
000000000000654237;3093;27
000000000000118791;3093;96
000000000000566339;3094;115
000000000000627254;3098;47
000000000000351785;3223;36
000000000000665901;3092;35
000000000401867004;3193;103
000000000000182690;3088;49
000000000000010664;3094;83
000000000000006105;3187;1878
000000000000607508;3092;23
000000000000650419;3206;116
000000000000880880;3074;151
000000000000652984;3098;61
000000000000024727;3206;91
000000000668910003;3074;90
000000000000164124;3093;124
000000000000652985;3091;31
000000000000358359;3085;163
000000000000018112;3089;38
000000000000559524;3086;204
000000000000544169;3092;160
000000000000321096;3212;150
000000000000131318;3086;14
000000000621962002;3193;44
000000000650100002;3225;96
000000000402163002;3086;366
000000000000176786;3212;9
000000000000010630;3089;25
000000000000634412;3074;180
000000000000191112;3092;132
000000000000018137;3086;32
000000000000059809;3086;47
000000000000120517;3193;134
000000000000629402;3086;63
000000000000647716;3074;104
000000000000349368;3180;4830
000000000000030965;3211;35
000000000400218002;3180;633
000000000000181372;3211;84
000000000000355620;3086;592
000000000000665791;3212;55
000000000000640021;3091;311
000000000000604495;3088;7
000000000000216960;3094;94
000000000000052612;3086;468
000000000000731782;3089;284
000000000000652972;3206;104
000000000000616733;3223;19
000000000000665856;3212;75
000000000400329009;3211;373
000000000400071004;3212;97
000000000000648979;3212;169
000000000000185006;3211;132
000000000000631668;3086;63
000000000401914004;3172;109
000000000000630078;3074;12
000000000000613458;3172;26
000000000000568764;3085;25
000000000000626165;3180;57
000000000000616932;3094;4
000000000000655684;3086;44
000000000000197613;3225;42
000000000000882758;3223;31
000000000000641385;3172;66
000000000000625810;3074;53
000000000665656002;3193;45
000000000000192843;3180;28
000000000000985414;3187;160
000000000000354918;3187;33
000000000000571223;3093;729
000000000000017734;3089;49
000000000000005959;3193;90
000000000000665715;3225;22
000000000000344299;3098;1251
000000000000010584;3193;86
000000000000749097;3089;508
000000000000618835;3089;36
000000000000145237;3089;277
000000000639107002;3091;92
000000000000006532;3225;122
000000000000616203;3206;10
000000000000215154;3187;26
000000000000566342;3091;121
000000000000052630;3225;16
000000000000629757;3223;111
000000000000899946;3086;7361
000000000000164853;3225;180
000000000000632283;3088;22
000000000000052651;3088;159
000000000000203297;3074;38
000000000000876417;3093;417
000000000000663156;3098;62
000000000000645723;3180;47
000000000000133333;3074;196
000000000000032238;3223;287
000000000000154632;3089;41
000000000000516748;3225;2110
000000000000612808;3085;242
000000000000156185;3085;26
000000000000883205;3172;50
000000000000023002;3098;66
000000000000156144;3172;82
000000000665771003;3187;16
000000000000639501;3172;372
000000000000351786;3187;158
000000000000165488;3180;860
000000000000191246;3093;146
000000000000640476;3089;111
000000000000637670;3225;192
000000000000505749;3225;28
000000000000777211;3180;152
000000000000181263;3225;23
000000000000018119;3098;1095
000000000000516748;3074;8179
000000000000052652;3093;822
000000000000991226;3223;82
000000000000215153;3180;22
000000000000568755;3086;81
000000000000024572;3225;2644
000000000663007001;3206;59
000000000000355005;3172;137
000000000000010012;3225;139
000000000000622989;3074;109
000000000401867004;3225;40
000000000400071001;3085;55
000000000622009001;3223;42
000000000000528751;3206;20
000000000000635529;3092;14
000000000000606510;3086;106
000000000000648040;3074;159
000000000000641109;3092;17
000000000000141402;3172;78
000000000000615835;3074;101
000000000000191247;3180;39
000000000400055001;3223;355
000000000401851006;3074;253
000000000000643026;3180;293
000000000000005757;3089;37
000000000000900826;3094;1192
000000000000031416;3211;14
000000000665656001;3212;18
000000000000047388;3094;397
000000000000623107;3211;28
000000000000006552;3180;252
000000000000006442;3089;5571
000000000000178369;3074;24
000000000000252158;3085;154
000000000000018286;3223;75
000000000000132112;3093;215
000000000000781195;3206;94
000000000000543393;3206;15
000000000000134123;3085;19
000000000000203297;3094;38
000000000000816587;3085;465
000000000000652481;3074;66
000000000000009671;3085;41
000000000000760476;3092;8537
000000000000004933;3088;1481
000000000000585347;3089;139
000000000000633961;3180;46
000000000000017664;3088;72
000000000000543828;3088;29
000000000000611858;3098;51
000000000000579800;3091;444
000000000000354906;3098;28
000000000000665273;3212;23
000000000000010631;3172;92
000000000000006442;3211;2503
000000000000031222;3094;19
000000000000628388;3187;60
000000000000031222;3092;26
000000000000698846;3085;317
000000000000179567;3225;71
000000000000611419;3206;237
000000000402160001;3092;263
000000000000880880;3089;162
000000000000004912;3225;147
000000000000648980;3088;86
000000000000052658;3225;466
000000000000197613;3223;38
000000000000739961;3089;54
000000000000666914;3180;179
000000000402032001;3089;45
000000000000146528;3212;40
000000000000170198;3225;36
000000000000665856;3211;39
000000000000615836;3085;333
000000000000571227;3180;120
000000000000141193;3086;113
000000000000147552;3091;202
000000000000645721;3088;16
000000000000017659;3225;77
000000000400329010;3211;461
000000000000600320;3206;57
000000000000062470;3098;161
000000000647039003;3206;18
000000000000254525;3093;147
000000000000174330;3187;56
000000000000503539;3193;707
000000000000973574;3094;6
000000000000630078;3225;12
000000000000010577;3074;10
000000000000133179;3187;3350
000000000000168302;3211;44
000000000000010571;3091;168
000000000000654237;3180;11
000000000000118603;3098;11
000000000000035246;3187;64
000000000622009001;3089;36
000000000000653377;3091;330
000000000400329009;3223;501
000000000000035196;3206;23
000000000400055004;3093;617
000000000000052651;3212;377
000000000649484001;3193;276
000000000000688937;3093;31
000000000401914004;3212;68
000000000000749097;3074;773
000000000000638621;3086;56
000000000000191004;3089;75
000000000000721107;3172;244
000000000000667422;3193;136
000000000000189557;3074;97
000000000000005965;3092;21
000000000000006535;3094;519
000000000000158479;3098;141
000000000000628091;3180;183
000000000000754767;3172;33
000000000000210189;3211;104
000000000000133342;3206;20
000000000000191250;3098;68
000000000000651999;3085;30
000000000000622989;3193;73
000000000000179744;3225;17
000000000000616932;3193;7
000000000000576448;3172;22
000000000400433002;3074;1131
000000000000017929;3172;324
000000000000558053;3172;33
000000000000627253;3180;70
000000000000355618;3193;1462
000000000000132462;3088;420
000000000000006105;3212;4063
000000000000606510;3094;217
000000000000668141;3223;77
000000000000627254;3085;51
000000000000614358;3187;12
000000000400183006;3193;34
000000000000062470;3085;181
000000000000342159;3098;19
000000000000017659;3187;54
000000000000667600;3211;78
000000000000646834;3223;85
000000000000744843;3093;10
000000000000653377;3085;308
000000000000154633;3212;94
000000000000141870;3223;154
000000000000052659;3180;413
000000000000004912;3092;248
000000000000505749;3088;171
000000000000606698;3093;269
000000000000641114;3172;76
000000000000005759;3211;36
000000000000147553;3193;185
000000000000575841;3092;28
000000000000645433;3193;34
000000000000667429;3212;148
000000000000010005;3206;467
000000000000052531;3086;150
000000000000056986;3092;144
000000000000052658;3088;661
000000000000667694;3180;14
000000000000749097;3212;303
000000000000047388;3193;311
000000000000668188;3225;55
000000000000781021;3085;50
000000000000665275;3206;103
000000000000519771;3206;23
000000000000635684;3088;25
000000000000655684;3211;37
000000000000567727;3180;33
000000000616561002;3225;42
000000000000355005;3187;27
000000000000982844;3223;93
000000000000180019;3098;53
000000000400308003;3172;278
000000000000639525;3225;16
000000000000128237;3187;148
000000000000625402;3092;80
000000000622768001;3223;50
000000000000900817;3088;2455
000000000000565453;3172;30
000000000000052656;3225;122
000000000000955613;3225;42
000000000402160001;3212;26
000000000000141403;3206;65
000000000000667385;3098;56
000000000000752668;3223;81
000000000402160005;3098;192
000000000000605708;3074;630
000000000000124981;3225;112
000000000666059002;3086;36
000000000000059685;3211;53
000000000624310002;3074;13
000000000000018123;3089;257
000000000000141870;3092;157
000000000000900817;3225;10953
000000000000655096;3187;20
000000000000648980;3187;793
000000000400308001;3225;1756
000000000000558396;3093;95
000000000000213570;3085;21
000000000400261003;3180;166
000000000650100002;3172;182
000000000000645433;3092;48
000000000000868933;3094;97
000000000400308003;3193;308
000000000000121949;3172;40
000000000000648065;3180;55
000000000000052294;3094;593
000000000000629771;3223;60
000000000401864002;3211;35
000000000000210239;3089;120
000000000000639787;3074;29
000000000000141269;3180;175
000000000649484001;3223;161
000000000000632286;3211;61
000000000000179987;3223;24
000000000402163020;3206;30
000000000000543828;3172;23
000000000000955556;3098;26
000000000000292185;3180;313
000000000000647716;3094;225
000000000000638620;3094;24
000000000000156185;3206;37
000000000000625401;3091;30
000000000000629712;3074;72
000000000000623256;3085;62
000000000000577057;3223;11
000000000000606698;3085;73
000000000000358335;3098;929
000000000000667600;3088;61
000000000000006128;3223;47
000000000000010681;3094;247
000000000000616820;3091;802
000000000000132462;3187;13055
000000000000752668;3094;142
000000000000170201;3091;14
000000000000131441;3172;1118
000000000000641279;3206;29
000000000000141993;3093;145
000000000000024733;3172;8842
000000000000007407;3193;154
000000000000641025;3212;79
000000000000646214;3206;39
000000000000156561;3093;67
000000000000010517;3074;235
000000000000278354;3098;37
000000000000053809;3212;1269
000000000000031911;3187;85
000000000000169663;3180;117
000000000000629771;3088;79
000000000000032136;3089;218
000000000000618228;3211;77
000000000000118603;3093;16
000000000000650419;3098;118
000000000000647737;3206;203
000000000000031913;3085;40
000000000000579800;3206;213
000000000000614357;3098;16
000000000000006444;3089;436
000000000000156146;3085;116
000000000000052651;3193;332
000000000000005753;3212;61
000000000000640143;3094;76
000000000000010526;3193;177
000000000000955614;3172;29
000000000650386001;3223;16
000000000000064466;3093;31
000000000000355961;3093;44
000000000000667422;3086;254
000000000000225728;3193;70
000000000000617380;3089;22
000000000000572390;3094;16
000000000000052391;3187;55
000000000000062389;3223;29
000000000000631161;3212;26
000000000000641384;3187;19
000000000000125621;3172;65
000000000400261002;3086;296
000000000000618228;3086;120
000000000000666015;3187;15
000000000000009640;3193;24
000000000000146509;3098;498
000000000000652002;3098;60
000000000664214001;3180;47
000000000402163006;3211;35
000000000000010216;3172;64
000000000639107001;3193;72
000000000401861010;3180;277
000000000647039004;3091;28
000000000400329005;3098;732
000000000000667803;3089;16
000000000666059001;3074;54
000000000000339668;3193;164
000000000000180030;3098;62
000000000000665901;3172;31
000000000000630954;3085;147
000000000000120294;3085;108
000000000648870003;3172;59
000000000400308001;3172;3989
000000000000964689;3206;210
000000000000011506;3193;945
000000000000632286;3089;41
000000000000180017;3074;27
000000000000652972;3085;79
000000000000052392;3093;265
000000000000961236;3211;51
000000000000180030;3093;31
000000000000167455;3074;662
000000000000214187;3086;67
000000000000578191;3091;325
000000000000062389;3212;78
000000000000597755;3085;69
000000000000052612;3089;636
000000000000955613;3089;11
000000000000251914;3172;31
000000000000006535;3223;97
000000000000668188;3086;70
000000000000629295;3223;46
000000000000666101;3094;273
000000000000163295;3085;28
000000000000622001;3094;575
000000000000559524;3187;209
000000000000145903;3212;129
000000000000666016;3180;26
000000000000900820;3092;6120
000000000000180009;3094;24
000000000000842477;3074;80
000000000401914004;3187;201
000000000000217411;3211;74
000000000000152048;3212;215
000000000000665063;3091;3719
000000000000759336;3211;804
000000000000553519;3074;235
000000000000047391;3093;759
000000000000133223;3092;34
000000000402163002;3225;21
000000000000516748;3187;2757
000000000000120517;3223;107
000000000000052634;3098;98
000000000000138712;3094;8558
000000000000170132;3088;48
000000000641229002;3223;288
000000000000009228;3092;379
000000000000218488;3093;43
000000000000024729;3225;1692
000000000000231595;3091;24
000000000000203300;3212;25
000000000000662178;3085;153
000000000000955555;3091;22
000000000000181877;3225;55
000000000000666019;3098;31
000000000000154633;3074;26
000000000000005960;3088;142
000000000000024729;3092;6354
000000000000611419;3180;191
000000000641229002;3172;306
000000000000006449;3098;74
000000000000024727;3093;198
000000000000010662;3212;455
000000000000339668;3086;179
000000000000125621;3088;96
000000000000758872;3091;349
000000000000665063;3180;1976
000000000000665477;3098;86
000000000000194269;3187;55
000000000400329001;3088;569
000000000401864001;3172;55
000000000000192594;3094;23
000000000000780172;3086;127
000000000000585243;3088;245
000000000000215974;3093;13
000000000000006490;3212;119
000000000000010521;3093;630
000000000000251914;3094;49
000000000000625402;3212;60
000000000000181878;3089;70
000000000000668903;3223;73
000000000628439001;3094;33
000000000000024735;3212;2713
000000000000176636;3091;46
000000000000649041;3092;180
000000000000053891;3187;1458
000000000000781196;3187;69
000000000000170201;3206;24
000000000000789276;3093;53
000000000000206654;3211;32
000000000000543700;3206;18
000000000000597758;3093;161
000000000000133223;3089;64
000000000000132114;3211;55
000000000000759661;3206;77
000000000622768002;3094;115
000000000634844001;3187;32
000000000000622001;3088;397
000000000000062470;3180;56
000000000000653876;3091;19
000000000000631669;3092;19
000000000000185006;3223;50
000000000000145237;3086;437
000000000000666031;3088;78
000000000622009002;3180;79
000000000000864253;3211;50
000000000000629761;3089;114
000000000000641114;3211;46
000000000000005474;3089;112
000000000000941355;3193;736
000000000000624684;3094;115
000000000000010511;3212;132
000000000000955613;3187;14
000000000000630624;3211;111
000000000000913286;3089;19
000000000000295085;3089;127
000000000000868933;3089;73
000000000000607496;3225;8
000000000000503540;3091;563
000000000000666031;3193;71
000000000000303385;3206;56
000000000400433002;3089;1024
000000000000006516;3172;156
000000000000661975;3094;62
000000000000863277;3091;26
000000000000182334;3085;67
000000000000606625;3089;117
000000000648870004;3211;42
000000000000007518;3206;3118
000000000000141820;3211;33
000000000402163002;3172;187
000000000000600320;3098;41
000000000000629403;3074;36
000000000000606624;3206;23
000000000000006449;3085;65
000000000000654810;3172;6
000000000000960218;3172;99
000000000000615395;3193;67
000000000000006668;3091;14
000000000000275754;3088;65
000000000000780250;3092;48
000000000000005966;3180;12
000000000622768002;3187;38
000000000000631668;3088;88
000000000000120517;3088;141
000000000000154633;3172;31
000000000000919940;3180;168
000000000000007407;3074;1028
000000000000607904;3212;241
000000000000031221;3225;29
000000000000218074;3085;263
000000000000559524;3225;485
000000000000024572;3212;4732
000000000000133333;3172;113
000000000000530962;3093;143
000000000000646822;3093;715
000000000000649868;3074;31
000000000000519771;3180;18
000000000401914004;3223;36
000000000000640959;3094;990
000000000000007493;3088;940
000000000000010517;3211;260
000000000000213721;3088;118
000000000000899948;3187;783
000000000000128223;3088;201
000000000000634834;3180;104
000000000000977143;3093;21
000000000000777211;3091;89
000000000000639896;3085;150
000000000000004909;3212;61
000000000000182568;3212;91
000000000000163045;3172;65
000000000000662178;3180;67
000000000000635726;3091;33
000000000000985918;3094;41
000000000000172456;3089;35
000000000000180018;3088;41
000000000000632050;3094;24
000000000000053864;3098;81
000000000000035246;3094;759
000000000000505193;3098;54
000000000000007493;3089;584
000000000000017929;3212;388
000000000000630078;3193;36
000000000000152048;3074;223
000000000000062471;3212;89
000000000000663245;3094;76
000000000000516747;3206;347
000000000000571222;3225;323
000000000000749098;3212;180
000000000000218917;3206;68
000000000000011214;3086;167
000000000000005054;3092;347
000000000400329001;3094;379
000000000000568755;3094;128
000000000668910001;3193;139
000000000000146528;3092;47
000000000645975002;3092;314
000000000000627253;3085;74
000000000000165526;3086;40
000000000000141993;3085;192
000000000000533071;3094;97
000000000000665856;3223;10
000000000000543391;3074;11
000000000000795025;3212;10925
000000000000052531;3212;359
000000000000158886;3180;91
000000000402629003;3225;386
000000000000054189;3223;1084
000000000401862004;3089;27
000000000000607911;3180;52
000000000000662257;3193;33
000000000000882757;3091;23
000000000000571222;3172;545
000000000000648979;3223;90
000000000000158886;3098;82
000000000000767398;3091;345
000000000000665275;3085;60
000000000000604342;3172;144
000000000000007390;3211;1495
000000000000118792;3089;321
000000000400308003;3223;125
000000000000284662;3091;362
000000000000355618;3086;2317
000000000000291653;3193;28
000000000000663245;3223;44
000000000000624684;3172;81
000000000400072001;3074;64
000000000000635931;3193;626
000000000000667119;3211;33
000000000000641279;3091;36
000000000000967746;3206;18
000000000000665212;3086;96
000000000000349179;3180;1177
000000000000688937;3206;31
000000000000006557;3180;228
000000000000766964;3180;25
000000000000178369;3088;17
000000000000652489;3091;8
000000000000668903;3089;35
000000000000985415;3089;341
000000000000612667;3187;160
000000000000005964;3089;748
000000000000010591;3193;37
000000000000010584;3088;86
000000000000177772;3223;176
000000000000543098;3172;26
000000000402032001;3193;88
000000000000010681;3223;508
000000000000543098;3094;46
000000000000620407;3092;796
000000000650386002;3172;16
000000000000739681;3086;353
000000000000213721;3211;79
000000000000661854;3206;53
000000000000192594;3172;42
000000000000158375;3088;21
000000000000172738;3093;143
000000000000575642;3206;102
000000000000191249;3193;28
000000000000626166;3206;69
000000000000692549;3193;24
000000000000347001;3093;134
000000000000642726;3225;8
000000000000900821;3225;188
000000000000158375;3212;102
000000000000868933;3092;97
000000000000053957;3180;153
000000000665922001;3187;35
000000000400308003;3089;128
000000000000639040;3098;37
000000000401724001;3085;32
000000000000006107;3098;674
000000000000520482;3223;54
000000000647039002;3206;27
000000000000635532;3172;33
000000000000860193;3180;140
000000000000178386;3180;87
000000000000024729;3094;4875
000000000000062471;3088;126
000000000000052294;3225;210
000000000650386002;3074;8
000000000401864001;3088;36
000000000401867012;3206;58
000000000000642687;3193;201
000000000000010579;3091;54
000000000000024599;3187;70
000000000000621034;3085;156
000000000000665212;3094;106
000000000000698846;3180;343
000000000000663244;3172;66
000000000000182690;3193;37
000000000641229002;3094;198
000000000000006126;3187;7417
000000000000640476;3094;55
000000000000526074;3089;172
000000000000024197;3223;90
000000000402163013;3093;33
000000000000665901;3193;69
000000000665771003;3088;25
000000000000055532;3086;299
000000000000567913;3211;12
000000000000010526;3086;205
000000000000647125;3211;80
000000000000627254;3091;57
000000000000055532;3089;228
000000000000662799;3211;14
000000000000016957;3093;133
000000000000559524;3088;1084
000000000000631669;3074;94
000000000000539998;3211;65
000000000000634834;3091;130
000000000000006535;3225;230
000000000400071003;3212;81
000000000402053001;3206;34
000000000000006466;3225;99
000000000000182568;3088;108
000000000000339668;3187;136
000000000000617412;3094;52
000000000647039004;3180;30
000000000000166754;3211;76
000000000000665799;3093;16
000000000000721107;3187;108
000000000000139940;3098;100
000000000000006106;3098;242
000000000000877304;3086;227
000000000000631323;3225;12
000000000000622173;3172;38
000000000000284478;3086;49
000000000000628113;3180;533
000000000000576448;3092;34
000000000000626753;3172;27
000000000000649314;3180;417
000000000000010008;3225;453
000000000000210403;3098;189
000000000000031910;3091;259
000000000000661120;3211;98
000000000000665402;3086;36
000000000000661120;3094;215
000000000000154634;3180;78
000000000400072001;3225;40
000000000000160867;3223;138
000000000000141302;3089;113
000000000000005054;3172;502
000000000000138712;3089;4531
000000000000173898;3225;66
000000000400329004;3085;264
000000000000166754;3089;91
000000000000218597;3091;59
000000000000130196;3091;582
000000000000004933;3089;1662
000000000000020321;3180;127
000000000000544823;3225;17
000000000000203455;3088;962
000000000000006143;3098;626
000000000000024155;3098;140
000000000000780250;3223;45
000000000000291510;3094;65
000000000000007387;3223;9630
000000000000135092;3212;132
000000000000024733;3088;3883
000000000000120517;3074;101
000000000000210484;3223;25
000000000000185005;3092;159
000000000000642723;3093;2
000000000000611728;3225;71
000000000000731782;3223;499
000000000000009452;3206;39
000000000000008509;3092;81
000000000000005964;3223;678
000000000000585802;3093;96
000000000665922001;3212;61
000000000000180017;3094;14
000000000000640961;3193;208
000000000000900816;3091;1271
000000000000005155;3180;109
000000000000607911;3091;45
000000000000651999;3180;33
000000000000650823;3098;133
000000000000640476;3074;97
000000000622768004;3180;171
000000000000177770;3074;348
000000000000007493;3092;1011
000000000000155394;3187;1794
000000000000544169;3211;149
000000000000766964;3206;42
000000000000628239;3091;68
000000000000544169;3172;36
000000000000133229;3225;121
000000000000052614;3094;124
000000000000966828;3089;192
000000000400329010;3172;430
000000000000561536;3193;203
000000000000010517;3086;142
000000000000666915;3089;113
000000000000052531;3193;285
000000000000549591;3088;139
000000000000613458;3074;22
000000000000052294;3187;164
000000000000062405;3172;707
000000000000181372;3172;50
000000000000612883;3088;43
000000000401851006;3172;283
000000000000667263;3091;22
000000000402629001;3093;168
000000000000520482;3211;66
000000000648870003;3086;73
000000000000692549;3172;47
000000000000024197;3094;557
000000000000622173;3074;82
000000000000883205;3094;38
000000000000210239;3172;71
000000000000648732;3180;49
000000000000173898;3212;71
000000000000501361;3187;69
000000000000767397;3092;306
000000000000164129;3093;33
000000000000539908;3180;79
000000000000173895;3098;37
000000000000629771;3074;301
000000000000198342;3098;434
000000000000617911;3091;34
000000000000007413;3088;53
000000000000637930;3225;9
000000000000358335;3093;3042
000000000000354906;3085;88
000000000000200713;3206;25
000000000000665704;3206;76
000000000000639936;3180;192
000000000000215155;3098;76
000000000000648979;3094;229
000000000000211158;3180;47
000000000000165526;3092;245
000000000000141302;3211;58
000000000000024155;3093;149
000000000000810438;3074;34
000000000000024552;3223;129
000000000000188148;3225;763
000000000000164129;3206;72
000000000000006495;3089;54
000000000000147716;3172;42
000000000000618365;3089;50
000000000000688938;3212;100
000000000000179981;3091;221
000000000000006442;3225;2731
000000000000629264;3074;19
000000000000007413;3223;94
000000000000546061;3086;24
000000000000145903;3088;162
000000000000215841;3180;1555
000000000000629401;3074;63
000000000000007087;3091;92
000000000000194269;3074;98
000000000000006557;3206;47
000000000000351992;3093;7
000000000000647736;3089;253
000000000000868530;3086;62
000000000000638518;3172;59
000000000000147716;3225;29
000000000000629761;3092;61
000000000000124981;3092;688
000000000000619699;3091;24
000000000000630078;3172;13
000000000000665518;3172;41
000000000000062389;3089;43
000000000000180010;3206;19
000000000000619700;3206;22
000000000000210239;3225;30
000000000000543828;3094;23
000000000636515002;3187;34
000000000000651225;3187;48
000000000000351783;3094;242
000000000400218004;3092;255
000000000401867004;3086;42
000000000000141193;3211;89
000000000000985415;3193;1512
000000000000053893;3093;904
000000000000005758;3206;26
000000000000883202;3086;45
000000000000570705;3211;53
000000000000210393;3088;52
000000000000005759;3225;37
000000000000155394;3089;1644
000000000000639546;3098;117
000000000000663244;3086;70
000000000000179744;3193;56
000000000000181372;3088;199
000000000000152048;3225;125
000000000000900820;3086;1336
000000000000192563;3206;352
000000000000598873;3211;440
000000000000180009;3074;24
000000000000661944;3086;78
000000000000141402;3223;28
000000000000650196;3206;43
000000000000759336;3094;396
000000000000618836;3225;86
000000000000187418;3098;28
000000000000688937;3098;59
000000000000141360;3089;376
000000000623989001;3225;36
000000000000277182;3206;52
000000000639107001;3092;151
000000000000127649;3211;30
000000000000180027;3092;29
000000000000900818;3211;327
000000000400218004;3088;393
000000000000217411;3187;134
000000000000598872;3092;263
000000000000665855;3211;57
000000000000607904;3089;299
000000000000350937;3092;50
000000000000667803;3086;27
000000000665656002;3092;49
000000000000052524;3091;109
000000000000860193;3098;95
000000000000018286;3172;124
000000000000631249;3094;160
000000000000568929;3094;75
000000000000009674;3180;49
000000000000624684;3088;106
000000000000639501;3092;150
000000000000017664;3074;41
000000000000047388;3211;296
000000000000937354;3074;45
000000000000665402;3211;48
000000000000186376;3172;152
000000000000188148;3074;1622
000000000000576448;3089;16
000000000000640960;3093;121
000000000000172469;3091;132
000000000000006106;3206;65
000000000000899946;3223;2386
000000000000138610;3172;50
000000000000010008;3094;795
000000000000810438;3172;48
000000000402251001;3212;51
000000000000648519;3098;13
000000000000643027;3089;138
000000000000031023;3098;219
000000000000650196;3180;69
000000000000638228;3094;71
000000000000631668;3225;39
000000000000188148;3212;1439
000000000000665609;3098;12
000000000000639788;3093;55
000000000000780173;3085;137
000000000000007448;3086;1103
000000000402032001;3223;52
000000000000598867;3094;359
000000000000179368;3206;24
000000000000248328;3093;320
000000000000147716;3211;53
000000000402053001;3098;60
000000000000055532;3094;276
000000000000616209;3088;35
000000000000506071;3206;117
000000000000059805;3074;111
000000000000647125;3187;40
000000000000985918;3223;38
000000000000010570;3193;166
000000000000619701;3085;13
000000000000558422;3093;217
000000000000668188;3094;41
000000000000024631;3180;612
000000000000649042;3098;103
000000000000646822;3085;515
000000000000005757;3092;26
000000000000561155;3180;296
000000000665922002;3093;79
000000000000024572;3211;2606
000000000000604495;3086;28
000000000000629402;3088;38
000000000000645720;3086;36
000000000400329006;3172;510
000000000000121949;3187;48
000000000000230843;3098;35
000000000402135002;3094;127
000000000000052391;3092;106
000000000000614357;3180;14
000000000000640143;3187;32
000000000000358032;3089;16
000000000000169183;3172;242
000000000000568818;3093;43
000000000000131318;3088;39
000000000000666259;3089;30
000000000636515001;3187;18
000000000000779613;3187;30
000000000000957753;3172;207
000000000000646070;3093;762
000000000000024735;3187;2404
000000000000174330;3172;110
000000000000200354;3223;16
000000000000665518;3193;36
000000000000052658;3193;806
000000000000920545;3187;1973
000000000000017929;3094;391
000000000000014362;3098;63
000000000000047388;3089;597
000000000000035284;3211;105
000000000000639787;3092;48
000000000000629295;3172;135
000000000000624684;3089;77
000000000000640873;3223;66
000000000000666032;3180;56
000000000000626165;3206;52
000000000402135002;3172;181
000000000000118792;3172;333
000000000000179744;3187;44
000000000000195024;3206;27
000000000000189557;3092;225
000000000000614358;3225;39
000000000000900824;3212;528
000000000000639525;3187;17
000000000000561536;3211;88
000000000000754764;3089;53
000000000650100002;3193;97
000000000000178089;3180;112
000000000000868933;3225;78
000000000000009228;3088;288
000000000000006446;3098;75
000000000000982844;3172;28
000000000000010511;3225;40
000000000000647123;3092;15
000000000400308001;3086;1189
000000000000652466;3223;58
000000000000650655;3193;61
000000000000668125;3098;69
000000000000629295;3193;48
000000000000765475;3093;43
000000000000575841;3172;30
000000000400067002;3193;294
000000000000635529;3212;10
000000000000210064;3091;28372
000000000000667672;3094;19
000000000000031222;3088;52
000000000000133333;3086;43
000000000000178018;3094;29
000000000000640476;3172;83
000000000639107002;3206;31
000000000000612035;3098;157
000000000000035284;3193;147
000000000000501362;3091;765
000000000000666921;3180;29
000000000000170080;3180;205
000000000000760902;3091;88
000000000000154632;3074;92
000000000000192068;3089;7
000000000000661120;3187;57
000000000000667692;3094;80
000000000000651225;3089;38
000000000000194269;3094;65
000000000000759659;3091;48
000000000000118792;3223;37
000000000000612233;3089;230
000000000000010570;3172;82
000000000401724015;3098;2101
000000000000009640;3074;38
000000000000665901;3094;55
000000000000628388;3089;22
000000000000351783;3092;170
000000000000052656;3092;100
000000000000739681;3187;90
000000000000355621;3074;991
000000000402629003;3223;458
000000000000619700;3093;27
000000000000565453;3187;169
000000000000194269;3211;27
000000000000641025;3172;347
000000000000776038;3098;241
000000000000668651;3074;27
000000000000815281;3098;27
000000000000053891;3086;237
000000000000006526;3094;173
000000000000627254;3206;84
000000000666059003;3180;44
000000000000198339;3089;431
000000000000031416;3086;30
000000000000615078;3223;25
000000000000655096;3225;22
000000000000650197;3085;121
000000000622768004;3085;62
000000000000253327;3223;65
000000000000165526;3225;94
000000000000177512;3088;1611
000000000000177525;3093;78
000000000000648037;3092;25
000000000000650655;3074;28
000000000000052658;3172;708
000000000000604495;3172;14
000000000000880880;3094;408
000000000000758872;3180;182
000000000000544169;3225;28
000000000000666015;3094;27
000000000402629004;3223;825
000000000636515002;3172;79
000000000000633967;3180;268
000000000000179743;3180;81
000000000000647125;3223;119
000000000000015769;3223;13
000000000000218099;3206;42
000000000000292183;3086;33
000000000000031416;3088;21
000000000000643027;3212;223
000000000000634994;3085;85
000000000000215154;3212;34
000000000000558051;3193;8
000000000000251914;3086;163
000000000000215154;3074;52
000000000000210257;3193;39
000000000668910001;3074;86
000000000000152048;3223;114
000000000000649222;3225;82
000000000000291510;3193;43
000000000000194269;3092;97
000000000000006128;3211;38
000000000000645724;3074;296
000000000000031222;3193;34
000000000000031221;3074;26
000000000000781196;3088;67
000000000000629264;3212;20
000000000000638517;3088;20
000000000000252158;3098;174
000000000000666015;3223;34
000000000000177770;3211;259
000000000000031356;3206;43
000000000000631254;3093;35
000000000000128223;3187;132
000000000000155394;3092;1627
000000000665771003;3225;28
000000000000165526;3212;110
000000000000628711;3225;876
000000000000006129;3091;196
000000000000629761;3088;137
000000000000519804;3193;259
000000000000567727;3098;78
000000000000189987;3074;359
000000000000645478;3085;90
000000000000667610;3094;56
000000000000688936;3206;52
000000000665922001;3211;66
000000000000661944;3223;34
000000000000606428;3085;6
000000000000284090;3206;16
000000000000016957;3180;65
000000000000565609;3074;45
000000000000178087;3098;118
000000000000920545;3074;416
000000000000251914;3223;98
000000000000913286;3074;100
000000000402613001;3212;176
000000000000324013;3085;36
000000000000214187;3089;47
000000000000661944;3187;25
000000000647039004;3206;38
000000000400072001;3089;44
000000000000635684;3074;37
000000000000059805;3172;127
000000000000647163;3091;54
000000000000164008;3172;60
000000000000616820;3206;296
000000000000721107;3088;17
000000000000198447;3211;44
000000000402053001;3085;40
000000000000641548;3206;23
000000000000167455;3211;306
000000000401861010;3085;68
000000000647039003;3180;31
000000000000810438;3092;40
000000000000009671;3091;58
000000000000231594;3206;32
000000000000013908;3098;28
000000000000646834;3211;96
000000000000648979;3187;175
000000000000662371;3089;177
000000000000010517;3187;5481
000000000000206654;3094;34
000000000000180017;3086;15
000000000000179567;3193;229
000000000000636570;3187;14
000000000000128237;3094;219
000000000000622001;3225;589
000000000634844002;3206;27
000000000665771001;3092;58
000000000000132462;3092;1240
000000000000030965;3225;24
000000000000014296;3098;104
000000000000007413;3193;42
000000000000621035;3180;1097
000000000000815275;3225;42
000000000000217412;3212;99
000000000000641384;3212;71
000000000000208698;3172;37
000000000000616932;3074;13
000000000000007407;3094;430
000000000000127649;3225;22
000000000000215264;3093;38
000000000639559001;3093;23
000000000000251914;3074;66
000000000000567727;3085;22
000000000665091001;3074;48
000000000000165526;3088;477
000000000000024668;3093;2143
000000000000612806;3091;959
000000000000653352;3086;10
000000000000628239;3206;107
000000000000615004;3088;61
000000000000138610;3094;69
000000000000121949;3193;47
000000000000617411;3225;54
000000000000612806;3206;1565
000000000000539908;3085;39
000000000000138712;3212;5335
000000000000358358;3074;5652
000000000000165524;3098;134
000000000000640476;3212;110
000000000000163735;3206;105
000000000000544701;3223;18
000000000665656001;3088;33
000000000000031356;3098;67
000000000648870001;3225;65
000000000000024552;3088;244
000000000000649041;3088;177
000000000000615835;3089;220
000000000000187005;3206;444
000000000400185002;3074;192
000000000000358391;3212;457
000000000665771003;3172;26
000000000000004912;3089;497
000000000000004900;3089;59
000000000000561536;3223;79
000000000000611858;3093;48
000000000000052720;3172;13
000000000000618228;3089;66
000000000000667907;3206;206
000000000000210393;3172;108
000000000000131441;3092;334
000000000000176198;3180;34
000000000000560915;3089;42
000000000000213570;3098;39
000000000000177525;3180;90
000000000000138712;3193;6382
000000000400329005;3085;530
000000000000639525;3092;24
000000000000991226;3074;103
000000000000010664;3074;44
000000000000133224;3211;294
000000000000654237;3098;26
000000000000612861;3211;95
000000000000355005;3086;37
000000000000158375;3225;39
000000000000631161;3086;29
000000000000619701;3180;50
000000000000575693;3093;15
000000000000612504;3074;123
000000000000007387;3212;1961
000000000000597755;3180;60
000000000000217412;3193;56
000000000650100002;3092;97
000000000000619700;3085;23
000000000000648145;3206;209
000000000000667600;3193;88
000000000000607904;3086;187
000000000401867009;3091;38
000000000000152767;3206;77
000000000000815275;3074;73
000000000000569209;3085;49
000000000000031910;3098;180
000000000000900817;3187;3143
000000000000567912;3172;23
000000000000882758;3212;54
000000000000052651;3211;244
000000000000666914;3085;133
000000000000667429;3193;215
000000000000339668;3074;149
000000000000648732;3098;26
000000000000010521;3098;404
000000000000503539;3094;511
000000000000128227;3098;159
000000000000640959;3092;1274
000000000000604495;3223;10
000000000000640476;3092;254
000000000650386001;3088;20
000000000000165488;3093;1079
000000000000197613;3088;48
000000000000649222;3086;38
000000000000754764;3187;893
000000000000210537;3225;48
000000000000052614;3225;125
000000000000649041;3193;558
000000000400433002;3172;1027
000000000000612808;3098;13
000000000000213396;3093;21
000000000000611728;3212;44
000000000668190002;3225;87
000000000000645453;3085;31
000000000000120517;3225;130
000000000000005964;3088;1370
000000000000543099;3211;72
000000000000668188;3088;47
000000000000648040;3094;35
000000000000133224;3092;2183
000000000000661594;3098;39
000000000000662372;3085;55
000000000000759335;3094;1302
000000000665091001;3086;15
000000000000017664;3225;36
000000000000518012;3206;38
000000000000180030;3180;33
000000000000631045;3088;17
000000000648444001;3225;20
000000000000666015;3212;41
000000000000005966;3091;20
000000000000641114;3187;14
000000000000759336;3086;1013
000000000000731601;3180;478
000000000000133435;3225;66
000000000000607508;3193;35
000000000000665845;3211;31
000000000000544823;3074;28
000000000000663244;3225;45
000000000000018287;3212;433
000000000000667695;3172;67
000000000000167456;3212;189
000000000000622001;3212;679
000000000000616492;3091;26
000000000000631161;3092;45
000000000000665184;3085;45
000000000000665610;3211;8
000000000000894768;3223;12
000000000000052524;3093;50
000000000000189537;3074;41
000000000616726002;3098;92
000000000000163401;3091;157
000000000000688938;3086;167
000000000000941356;3093;437
000000000000739681;3172;172
000000000000665855;3089;25
000000000000154634;3085;66
000000000000141404;3094;32
000000000000558051;3089;6
000000000000543391;3223;18
000000000000544058;3086;79
000000000000017734;3187;48
000000000000009640;3225;48
000000000400218001;3094;427
000000000000612882;3086;79
000000000000754764;3074;648
000000000000004933;3092;1406
000000000000665610;3212;8
000000000000661795;3172;69
000000000000215974;3180;48
000000000000661795;3223;10
000000000402629006;3211;3126
000000000000062471;3193;95
000000000000147606;3094;39
000000000000991225;3089;81
000000000000213180;3172;71
000000000000667600;3089;63
000000000000611123;3091;9
000000000000131441;3212;1271
000000000000653352;3193;8
000000000000009228;3089;216
000000000000663845;3085;232
000000000623989002;3225;26
000000000000667672;3193;11
000000000000649868;3089;22
000000000000561242;3086;11
000000000000189986;3092;211
000000000000181878;3092;83
000000000000983071;3206;38
000000000000218099;3098;25
000000000000612667;3074;383
000000000000562679;3193;24
000000000000543098;3223;21
000000000000562182;3086;23
000000000000197613;3086;52
000000000000627770;3193;82
000000000648870002;3211;22
000000000000007448;3211;167
000000000000622002;3212;124
000000000000941356;3085;142
000000000000145237;3172;313
000000000000635466;3093;109
000000000000613365;3225;32
000000000000861944;3212;240
000000000000615395;3086;69
000000000000211077;3223;69
000000000400071004;3086;69
000000000000196224;3180;26
000000000000639040;3093;144
000000000000163039;3094;35
000000000000648732;3091;30
000000000000625401;3180;59
000000000000010517;3193;283
000000000000635726;3180;30
000000000000955615;3206;21
000000000000156144;3187;74
000000000000131318;3094;32
000000000000612233;3193;675
000000000000211077;3094;132
000000000000189987;3212;1069
000000000000158375;3223;103
000000000000146215;3180;54
000000000400067005;3094;135
000000000000941355;3172;1597
000000000000216960;3092;93
000000000400329004;3091;478
000000000665922001;3094;54
000000000000647163;3180;61
000000000000880880;3092;115
000000000000230843;3180;62
000000000000006531;3085;3605
000000000000639038;3225;47
000000000000005724;3089;182
000000000000180016;3086;18
000000000000647716;3212;218
000000000000024552;3212;111
000000000000526074;3172;148
000000000000178379;3172;136
000000000000158523;3092;16
000000000000016957;3085;81
000000000000629430;3225;28
000000000000638621;3092;37
000000000000356297;3092;46
000000000000004933;3211;1700
000000000000567912;3211;51
000000000000645453;3091;67
000000000402629006;3225;998
000000000000198342;3093;83
000000000000612667;3211;305
000000000000648979;3074;128
000000000000622474;3187;57
000000000000347001;3206;82
000000000000291227;3180;611
000000000668190002;3223;186
000000000000023002;3091;88
000000000000629757;3225;1174
000000000666059001;3212;57
000000000000871178;3085;52
000000000648870001;3193;58
000000000000179193;3098;48
000000000000668060;3085;120
000000000000985415;3211;414
000000000000571228;3074;1954
000000000000169057;3085;60
000000000000960218;3193;74
000000000000010511;3086;55
000000000000185006;3088;107
000000000000544058;3088;82
000000000000020318;3074;190
000000000000006526;3211;128
000000000000180027;3223;31
000000000000667610;3086;155
000000000000024572;3223;5611
000000000000530964;3085;11
000000000000501361;3074;1914
000000000400067005;3223;58
000000000000119092;3092;37
000000000000600320;3180;37
000000000400218001;3223;1012
000000000000052656;3193;90
000000000000167455;3086;297
000000000000615395;3074;49
000000000000665518;3088;16
000000000000630624;3225;32
000000000000063027;3091;188
000000000000549591;3225;629
000000000000203455;3086;382
000000000000141360;3211;1091
000000000000626166;3091;54
000000000400071004;3172;47
000000000000731782;3088;944
000000000000616733;3088;35
000000000000883205;3088;35
000000000000637930;3074;13
000000000000638517;3211;17
000000000000052387;3193;406
000000000000010005;3085;256
000000000000191112;3172;107
000000000000215161;3187;71
000000000000665609;3180;14
000000000000605708;3187;5836
000000000000321096;3086;153
000000000000605405;3225;46
000000000000640873;3094;111
000000000000210484;3193;58
000000000000131318;3089;26
000000000000611421;3091;520
000000000000667815;3085;12
000000000000148242;3187;93
000000000000628711;3212;603
000000000000173896;3093;61
000000000000031222;3074;19
000000000665420003;3092;111
000000000000977143;3085;16
000000000000211034;3223;29
000000000000616202;3074;32
000000000000152048;3089;137
000000000000213396;3091;16
000000000000616985;3085;50
000000000000634412;3086;46
000000000000342159;3093;13
000000000000632050;3086;24
000000000400182008;3180;824
000000000000661795;3088;30
000000000000645720;3223;18
000000000000275754;3172;408
000000000000010688;3180;160
000000000000905315;3206;47
000000000000178379;3092;73
000000000000215153;3093;127
000000000000052107;3187;73
000000000000056648;3098;63
000000000000024599;3223;204
000000000000024552;3092;356
000000000000961236;3172;45
000000000000024155;3091;130
000000000000655684;3223;73
000000000400185002;3211;49
000000000000629771;3212;591
000000000000152770;3094;49
000000000401851006;3225;12
000000000000712974;3094;631
000000000000665518;3089;27
000000000000667610;3212;52
000000000400067005;3092;78
000000000000174442;3091;54
000000000000004931;3223;78
000000000000894768;3212;46
000000000000616733;3172;32
000000000000006518;3211;80
000000000000053845;3098;253
000000000000157195;3086;17
000000000000667696;3085;32
000000000400067005;3086;63
000000000000010517;3089;234
000000000639107001;3089;39
000000000000358391;3223;3326
000000000000615395;3092;81
000000000000140119;3187;33
000000000000163896;3098;66
000000000000667422;3074;146
000000000000603916;3187;129
000000000000759335;3187;1346
000000000000781196;3074;38
000000000000125621;3212;67
000000000000052391;3212;22
000000000622009001;3088;40
000000000000648349;3223;22
000000000000141870;3212;50
000000000000007493;3172;558
000000000000607906;3085;106
000000000000665365;3098;117
000000000000017659;3193;50
000000000000668189;3180;55
000000000000179744;3094;48
000000000402629003;3092;1169
000000000000617380;3092;21
000000000000571222;3187;241
000000000000054189;3211;44
000000000000991226;3212;90
000000000000863275;3206;16
000000000000613365;3094;42
000000000400183001;3092;92
000000000400055004;3180;342
000000000000985415;3088;535
000000000000128223;3086;265
000000000000739961;3086;93
000000000000178086;3193;119
000000000000661945;3086;57
000000000000991225;3211;70
000000000000010631;3212;236
000000000000632050;3187;24
000000000000018222;3091;22
000000000400329009;3193;1266
000000000000543099;3212;13
000000000000295085;3074;64
000000000000667908;3187;132
000000000000665212;3187;134
000000000000635301;3091;48
000000000000007390;3089;5554
000000000000052612;3187;521
000000000000648519;3091;7
000000000000661120;3092;382
000000000000052107;3074;383
000000000000635931;3212;500
000000000000692549;3225;15
000000000000135488;3187;586
000000000000141404;3089;36
000000000000006519;3088;226
000000000000900825;3098;1310
000000000000006532;3172;529
000000000000503538;3093;548
000000000000141271;3180;186
000000000000007408;3098;13
000000000000052659;3085;415
000000000000883202;3094;35
000000000000668141;3193;115
000000000000518012;3091;18
000000000000645928;3092;146
000000000000629761;3223;65
000000000000004898;3172;266
000000000000637670;3086;144
000000000000217412;3223;48
000000000000964689;3098;221
000000000635476002;3091;43
000000000000154632;3193;80
000000000000652973;3172;36
000000000000135092;3223;74
000000000000900817;3086;1395
000000000000668189;3085;60
000000000000612883;3223;324
000000000648870001;3089;64
000000000000941355;3211;608
000000000000786457;3225;21
000000000000017665;3180;47
000000000000187418;3206;33
000000000000133435;3086;547
000000000400069002;3092;660
000000000000639041;3172;36
000000000000018112;3172;33
000000000000615004;3092;44
000000000000056986;3172;230
000000000000007087;3180;166
000000000000008914;3193;590
000000000000955614;3089;17
000000000000216012;3098;196
000000000000120789;3074;21
000000000000179981;3180;160
000000000000637930;3172;24
000000000000598865;3225;194
000000000000967746;3180;31
000000000000665264;3085;46
000000000000024729;3089;1485
000000000622768006;3206;142
000000000000284662;3098;306
000000000000991225;3088;46
000000000000661945;3092;408
000000000000210189;3225;107
000000000000651225;3211;53
000000000634903001;3223;244
000000000000139940;3091;43
000000000000864254;3180;237
000000000000020321;3091;149
000000000000506262;3088;161
000000000000572390;3074;13
000000000000191004;3094;39
000000000000174334;3193;219
000000000000286465;3212;82
000000000000254525;3091;140
000000000000124981;3086;198
000000000000630624;3092;84
000000000000169183;3187;147
000000000000781196;3172;81
000000000000035246;3193;380
000000000000667692;3211;109
000000000000186376;3187;15
000000000400185002;3212;183
000000000000181828;3206;15
000000000000565453;3089;16
000000000000663651;3091;13
000000000000010688;3093;218
000000000000052387;3089;459
000000000000008645;3086;23
000000000000648154;3098;17
000000000000617411;3212;54
000000000000575642;3180;278
000000000000598866;3225;92
000000000000667119;3187;34
000000000000955613;3172;15
000000000000615395;3212;66
000000000000321096;3172;153
000000000000203455;3089;375
000000000000900820;3212;311
000000000000759659;3085;56
000000000000937354;3193;21
000000000000530964;3098;23
000000000000810438;3223;22
000000000000631161;3074;33
000000000000006668;3180;13
000000000000009336;3223;8
000000000000629757;3193;2707
000000000000618836;3092;195
000000000000652880;3193;50
000000000000565609;3223;25
000000000000824569;3212;23
000000000400069002;3088;549
000000000000558053;3074;23
000000000000185006;3074;131
000000000000567413;3223;22
000000000000010584;3074;107
000000000000007390;3225;1984
000000000000197610;3093;49
000000000000140119;3086;32
000000000000007448;3089;274
000000000000180027;3074;27
000000000000521924;3086;36
000000000000206654;3212;14
000000000000166754;3094;82
000000000000629757;3088;1215
000000000665420002;3098;41
000000000000626636;3088;1030
000000000000606624;3085;14
000000000000169183;3225;145
000000000000355620;3223;325
000000000000181372;3225;110
000000000000604435;3172;64
000000000624310002;3193;12
000000000000191250;3180;137
000000000000665063;3093;961
000000000000008558;3180;42
000000000000006451;3074;225
000000000000010517;3223;144
000000000000647736;3223;30
000000000000210336;3187;64
000000000000652973;3225;55
000000000000539908;3206;201
000000000000960219;3098;200
000000000000215153;3085;62
000000000000168302;3172;25
000000000000622173;3193;75
000000000000013908;3206;33
000000000000606625;3211;87
000000000000174330;3089;72
000000000000140119;3223;64
000000000000017960;3225;22
000000000000179193;3085;42
000000000000005960;3086;416
000000000000007413;3092;288
000000000000157195;3172;7
000000000402160001;3187;14
000000000000749097;3193;440
000000000000052720;3193;13
000000000000629264;3094;83
000000000000842477;3088;73
000000000000191249;3074;19
000000000000868530;3074;33
000000000000639039;3074;206
000000000000174785;3206;29
000000000000253711;3093;19
000000000000631669;3172;121
000000000000146528;3223;44
000000000000006535;3092;390
000000000000605405;3074;95
000000000000663244;3187;57
000000000622768001;3211;98
000000000000005960;3092;321
000000000000180010;3098;41
000000000000056986;3193;290
000000000401861011;3223;12
000000000648870004;3187;63
000000000000650198;3223;47
000000000000665365;3206;91
000000000000145237;3212;331
000000000000009009;3085;233
000000000000135092;3094;211
000000000000645928;3187;35
000000000400329010;3074;1209
000000000400069002;3074;436
000000000000647716;3086;135
000000000000637200;3086;10
000000000623989001;3223;33
000000000000571228;3094;1480
000000000000017659;3088;105
000000000000739681;3089;170
000000000000160867;3225;24
000000000000215153;3091;61
000000000000189986;3074;137
000000000000662371;3211;32
000000000000640959;3088;1640
000000000000571228;3086;1497
000000000000052656;3089;351
000000000000966828;3212;110
000000000000518338;3091;123
000000000000032389;3091;3401
000000000402629004;3088;694
000000000000006674;3098;8
000000000000641384;3211;99
000000000000667839;3093;51
000000000000519804;3223;209
000000000000035246;3223;126
000000000000607904;3092;366
000000000000185007;3206;100
000000000647039004;3093;59
000000000000620407;3089;254
000000000000141870;3225;32
000000000000767397;3086;207
000000000668190002;3094;65
000000000000710446;3212;76
000000000000612035;3085;55
000000000000810438;3225;89
000000000000510814;3085;90
000000000000355618;3088;2672
000000000000617411;3172;63
000000000000603675;3094;43
000000000000010579;3180;89
000000000000198447;3074;254
000000000000638620;3092;19
000000000000662371;3074;154
000000000000191007;3206;121
000000000000611728;3088;30
000000000000166832;3180;24
000000000000566344;3223;52
000000000000052656;3212;193
000000000000665265;3180;47
000000000000188148;3223;79
000000000000189557;3089;69
000000000000185005;3094;255
000000000663007002;3206;57
000000000000650198;3074;156
000000000000156144;3074;50
000000000000127649;3212;39
000000000000638517;3074;12
000000000000639038;3212;113
000000000000156146;3093;146
000000000000140265;3212;190
000000000000056986;3225;62
000000000000985415;3225;510
000000000000052651;3172;247
000000000000661120;3089;169
000000000000005757;3088;125
000000000000638620;3086;32
000000000000566202;3093;13
000000000400433002;3225;145
000000000000018250;3223;146
000000000000815281;3085;33
000000000000642688;3092;596
000000000000006455;3074;352
000000000000121949;3094;69
000000000000009009;3206;156
000000000000991225;3094;78
000000000000546916;3098;36
000000000000640143;3074;36
000000000000006531;3206;745
000000000000186376;3094;16
000000000000655096;3211;14
000000000402163002;3074;279
000000000000620407;3074;1570
000000000000128237;3086;293
000000000000663242;3092;78
000000000000900816;3206;1094
000000000000169057;3091;21
000000000000356040;3180;35
000000000000337024;3193;131
000000000000344300;3091;141
000000000000619700;3098;15
000000000000010662;3092;788
000000000000631668;3212;63
000000000000585802;3091;21
000000000000760476;3089;186
000000000000007448;3212;420
000000000000619699;3206;11
000000000000339668;3088;156
000000000000665518;3086;13
000000000000665518;3225;15
000000000000355618;3172;2818
000000000000520463;3089;46
000000000000292183;3193;48
000000000000629771;3211;77
000000000000208698;3088;43
000000000000199738;3092;192
000000000000568929;3172;27
000000000000284662;3206;297
000000000000146214;3225;21
000000000000643026;3093;79
000000000000344300;3098;230
000000000000648979;3088;99
000000000400329009;3074;1559
000000000000553519;3088;217
000000000000024572;3172;8172
000000000000665901;3074;24
000000000622768004;3098;47
000000000000006542;3091;91
000000000000358358;3225;8801
000000000000688938;3088;106
000000000000008558;3085;23
000000000000628528;3098;85
000000000000648040;3193;27
000000000000661120;3223;45
000000000000215974;3206;43
000000000000605405;3086;83
000000000000913286;3092;5214
000000000000646203;3098;128
000000000000177772;3094;173
000000000000141360;3092;3384
000000000000134121;3172;45
000000000000760476;3223;8038
000000000000172456;3092;44
000000000000005963;3098;1087
000000000000032136;3086;544
000000000000210537;3223;17
000000000000004973;3180;69
000000000000638228;3187;29
000000000624310001;3092;35
000000000000355961;3098;38
000000000000612233;3225;178
000000000000635083;3094;29
000000000000006451;3212;153
000000000000667422;3211;155
000000000400067004;3193;279
000000000000665855;3223;28
000000000000667672;3225;16
000000000000629402;3187;84
000000000000321094;3211;1969
000000000000759336;3223;1021
000000000000005054;3193;90
000000000000606510;3193;292
000000000000052651;3187;162
000000000000780927;3093;70
000000000000006519;3086;391
000000000000900817;3193;5074
000000000000133223;3187;111
000000000401864001;3086;24
000000000000192594;3225;18
000000000000606428;3093;28
000000000000030964;3098;26
000000000000639695;3193;154
000000000000616492;3085;25
000000000000665280;3172;19
000000000000018287;3074;210
000000000668610002;3091;90
000000000000617411;3086;48
000000000000018292;3193;313
000000000000622989;3172;86
000000000000158523;3088;17
000000000000024729;3088;2184
000000000000861944;3094;21
000000000000005256;3098;179
000000000000629757;3092;2436
000000000000349179;3091;1360
000000000000629757;3172;3593
000000000000641114;3212;14
000000000000342158;3088;47
000000000000612667;3094;387
000000000640546002;3093;21
000000000000011506;3074;643
000000000000300245;3093;22
000000000000185148;3085;251
000000000000622474;3212;25
000000000000005965;3223;16
000000000000197610;3085;48
000000000000568764;3093;35
000000000000121949;3086;51
000000000000530964;3091;11
000000000000900816;3098;2261
000000000000007387;3193;1233
000000000636515002;3086;48
000000000000598873;3225;87
000000000000017659;3172;130
000000000000018119;3093;1465
000000000000520476;3093;155
000000000000053892;3093;375
000000000634844001;3092;41
000000000000005758;3085;24
000000000000180017;3225;13
000000000400055001;3089;149
000000000401867009;3085;54
000000000000642726;3187;10
000000000000140119;3094;60
000000000000664937;3093;56
000000000400071004;3074;71
000000000000185005;3223;55
000000000000662372;3091;146
000000000621962002;3172;45
000000000000353250;3187;132
000000000000010217;3086;48
000000000000053901;3172;320
000000000000152047;3206;120
000000000000503539;3212;552
000000000400308003;3088;418
000000000000637755;3223;18
000000000000172456;3223;18
000000000000765475;3091;16
000000000000652880;3094;56
000000000000645433;3172;88
000000000000052614;3092;127
000000000000544058;3212;58
000000000000047391;3180;1068
000000000000024572;3088;3224
000000000000622001;3223;564
000000000000178089;3206;91
000000000000626636;3086;30
000000000000651990;3074;43
000000000000562679;3089;18
000000000000665184;3098;230
000000000000181878;3223;101
000000000000010521;3180;526
000000000000816587;3093;597
000000000000567912;3094;97
000000000000991225;3187;2281
000000000000135488;3225;520
000000000000177772;3092;329
000000000000621035;3091;508
000000000000254525;3098;88
000000000000177770;3193;320
000000000000180009;3187;15
000000000000170080;3098;130
000000000000611858;3085;53
000000000000649041;3172;169
000000000000185006;3172;78
000000000645975003;3074;282
000000000000141360;3086;743
000000000000007605;3091;151
000000000000010681;3211;44
000000000000009640;3212;163
000000000000571222;3088;144
000000000666059002;3092;34
000000000000630624;3193;67
000000000636515002;3193;75
000000000000169183;3212;31
000000000000164853;3187;94
000000000000614340;3098;422
000000000000501361;3094;3588
000000000000973574;3211;4
000000000000639039;3211;67
000000000000180017;3088;36
000000000000006558;3211;64
000000000000645721;3172;24
000000000000627770;3172;112
000000000000667610;3223;29
000000000000604342;3212;169
000000000000629264;3088;60
000000000000612035;3206;58
000000000000321018;3091;99
000000000400069001;3098;515
000000000000568755;3088;110
000000000000018250;3211;244
000000000000605405;3094;31
000000000000712440;3094;649
000000000000006495;3074;158
000000000000647716;3225;70
000000000000024599;3086;89
000000000000350937;3193;36
000000000000648519;3180;13
000000000000666015;3074;19
000000000000516543;3085;257
000000000400067001;3074;1371
000000000000010577;3092;29
000000000000215155;3206;201
000000000000617411;3089;45
000000000000214188;3074;271
000000000000631323;3193;31
000000000000133223;3193;88
000000000000618228;3225;134
000000000000163045;3223;36
000000000000007087;3206;60
000000000000172456;3088;58
000000000000172738;3206;57
000000000000354918;3193;181
000000000000054189;3172;742
000000000000666004;3225;16
000000000000024733;3225;2467
000000000000342883;3093;198
000000000000975245;3086;71
000000000000210257;3172;38
000000000000933456;3092;64
000000000000648504;3211;24
000000000000957753;3225;52
000000000000005474;3187;80
000000000000639039;3212;446
000000000000032136;3172;185
000000000000868933;3223;73
000000000000169937;3088;115
000000000000185006;3089;86
000000000650386001;3211;8
000000000000665212;3223;40
000000000000600320;3093;42
000000000000286465;3211;43
000000000000180018;3089;24
000000000000006537;3088;102
000000000000632286;3086;38
000000000000665791;3211;50
000000000000210484;3089;20
000000000000052679;3088;62
000000000000024155;3085;84
000000000666059001;3193;57
000000000000955613;3223;45
000000000000506264;3180;37
000000000000607508;3225;11
000000000000158522;3180;34
000000000000191104;3180;96
000000000000622001;3211;690
000000000000616492;3206;27
000000000000214589;3180;188
000000000000355620;3225;540
000000000000217412;3187;77
000000000000146224;3172;16
000000000000544705;3211;25
000000000000648732;3206;36
000000000000607896;3180;32
000000000000718537;3092;3288
000000000000781196;3211;84
000000000000900818;3094;1353
000000000000047388;3223;174
000000000000132599;3089;38
000000000000605708;3225;433
000000000000004933;3225;768
000000000000054626;3187;24
000000000402197001;3098;105
000000000000781021;3098;84
000000000000516749;3088;138
000000000000052107;3172;263
000000000000006535;3172;687
000000000639107001;3223;44
000000000000640960;3180;149
000000000000565453;3092;23
000000000000544058;3211;66
000000000000635313;3085;229
000000000000617381;3098;27
000000000000666915;3211;81
000000000000665848;3091;83
000000000401867009;3093;85
000000000000166754;3193;98
000000000000878691;3091;148
000000000000544705;3089;30
000000000000181878;3094;85
000000000000503539;3225;767
000000000000134123;3206;28
000000000000688938;3193;67
000000000000133333;3212;104
000000000000190995;3091;238
000000000000351787;3085;73
000000000000284478;3094;42
000000000628439001;3211;39
000000000000616820;3093;1709
000000000000358391;3089;651
000000000000355621;3089;860
000000000000133333;3088;102
000000000402613001;3092;242
000000000000005054;3094;790
000000000000358391;3088;797
000000000000521924;3187;149
000000000000191246;3206;68
000000000000632285;3098;27
000000000000901361;3193;42
000000000000135488;3088;245
000000000000622002;3092;224
000000000000009130;3223;256
000000000000544705;3086;30
000000000000253327;3088;58
000000000000031356;3180;48
000000000000191004;3092;88
000000000000636577;3093;42
000000000000641025;3088;60
000000000000666029;3211;64
000000000000010008;3086;891
000000000000006486;3193;284
000000000666059003;3091;35
000000000000650626;3091;27
000000000000351785;3092;185
000000000000863275;3180;48
000000000000710446;3187;551
000000000000192563;3091;113
000000000000182607;3091;541
000000000000663245;3086;47
000000000000006532;3089;93
000000000000059805;3094;141
000000000000567913;3187;8276
000000000000562679;3086;32
000000000000057969;3093;945
000000000000567912;3086;17
000000000000047388;3088;430
000000000000031221;3086;22
000000000000781196;3212;63
000000000645975005;3091;533
000000000402160009;3098;105
000000000000611420;3206;380
000000000000355630;3085;2678
000000000000629430;3187;28
000000000000121724;3098;47
000000000000191004;3088;62
000000000000566344;3187;105
000000000000739681;3074;387
000000000000141870;3193;58
000000000000192068;3211;21
000000000000351783;3074;178
000000000000018286;3212;128
000000000000191112;3187;29
000000000000133224;3223;297
000000000000654237;3206;22
000000000000607496;3074;8
000000000000008914;3088;1566
000000000402032001;3092;49
000000000000213180;3187;18
000000000000562679;3223;21
000000000000625402;3187;81
000000000000549591;3092;113
000000000000606510;3223;98
000000000000174295;3180;88
000000000000638654;3098;48
000000000000158375;3187;21
000000000000214187;3225;42
000000000000520482;3088;46
000000000000570705;3193;48
000000000402251001;3092;82
000000000000616202;3172;19
000000000000668060;3180;152
000000000000192594;3193;10
000000000000355618;3223;1390
000000000000010631;3089;34
000000000000631669;3089;30
000000000000647716;3211;192
000000000000200713;3085;36
000000000000353250;3211;51
000000000000863275;3098;70
000000000000024735;3223;6301
000000000000640961;3088;131
000000000000655684;3193;54
000000000000179567;3172;306
000000000000868530;3225;26
000000000000005964;3193;1224
000000000000031416;3172;61
000000000000281009;3172;358
000000000000141360;3193;2062
000000000000650198;3211;64
000000000000230843;3085;56
000000000000967746;3091;15
000000000000863275;3093;90
000000000000145237;3092;752
000000000000638517;3223;17
000000000000052387;3092;282
000000000000668188;3211;39
000000000000191249;3212;17
000000000400185004;3193;115
000000000000141302;3187;110
000000000000141193;3094;109
000000000000179744;3212;61
000000000000024631;3085;60
000000000000006537;3074;104
000000000000141360;3088;521
000000000000172738;3180;52
000000000622009002;3093;113
000000000000630954;3091;84
000000000000006486;3212;121
000000000000649314;3093;513
000000000000626753;3089;26
000000000000661854;3093;172
000000000000163044;3180;43
000000000000006519;3193;99
000000000000616820;3098;575
000000000000062471;3074;105
000000000000006558;3193;73
000000000000052634;3085;147
000000000000006674;3206;25
000000000000636371;3093;249
000000000000638517;3187;35
000000000000291510;3088;43
000000000000005759;3089;36
000000000000179567;3074;124
000000000000611420;3085;242
000000000000546916;3091;22
000000000000647125;3094;72
000000000000668188;3212;58
000000000000180027;3187;16
000000000401914004;3094;226
000000000000024155;3206;118
000000000000210064;3180;16255
000000000400055005;3206;266
000000000000635684;3092;43
000000000000749098;3225;54
000000000000629401;3092;62
000000000000637755;3086;24
000000000000576939;3085;61
000000000400067004;3092;385
000000000000633967;3206;259
000000000000181877;3092;115
000000000000007407;3211;56
000000000000017929;3223;324
000000000000638619;3098;24
000000000000024599;3088;335
000000000000005760;3093;139
000000000000667968;3091;96
000000000000125621;3089;52
000000000000665280;3193;17
000000000000640961;3074;147
000000000000568764;3098;20
000000000400329006;3074;685
000000000000668903;3088;24
000000000000503538;3091;466
000000000622009001;3193;25
000000000000128237;3211;153
000000000000985415;3094;596
000000000000652984;3180;68
000000000000630440;3094;21
000000000000520476;3180;119
000000000000842477;3092;79
000000000000845600;3223;18
000000000000206654;3225;21
000000000000668141;3092;129
000000000000634834;3093;112
000000000641229001;3206;358
000000000000213180;3212;48
000000000000872676;3193;188
000000000000212914;3088;95
000000000000558053;3193;34
000000000000622001;3187;609
000000000000215380;3187;674
000000000000652001;3206;97
000000000000011506;3089;157
000000000000611858;3206;56
000000000000189537;3225;105
000000000000639039;3094;157
000000000000549591;3193;291
000000000000665610;3094;10
000000000000665741;3074;208
000000000000878691;3206;106
000000000000648519;3206;10
000000000000005542;3098;48
000000000000355621;3187;163
000000000000598872;3172;308
000000000000521924;3074;169
000000000000560511;3187;131
000000000000178089;3093;47
000000000000618835;3193;110
000000000000141193;3225;108
000000000000152047;3091;103
000000000000617381;3206;26
000000000000005753;3086;84
000000000000626636;3089;1371
000000000000163401;3098;49
000000000401867012;3085;35
000000000000059809;3172;241
000000000000010528;3187;43
000000000000505193;3180;54
000000000400329001;3212;715
000000000000005474;3193;30
000000000000635313;3180;462
000000000000516748;3223;3600
000000000000553519;3212;561
000000000000572837;3091;8
000000000000651990;3223;65
000000000000640961;3172;237
000000000000624684;3223;71
000000000000668127;3098;246
000000000000010577;3187;61
000000000000667672;3223;17
000000000000786457;3193;46
000000000000019952;3091;149
000000000000052651;3225;109
000000000000707736;3223;20
000000000000251914;3212;122
000000000663007002;3091;83
000000000402163005;3187;5850
000000000000018137;3088;14
000000000000353250;3172;331
000000000000010216;3086;55
000000000000543391;3193;15
000000000000217411;3225;100
000000000000062389;3086;34
000000000000632286;3225;27
000000000000005959;3187;651
000000000000347001;3180;150
000000000000139890;3180;49
000000000000981938;3098;110
000000000000626753;3092;132
000000000000598872;3193;305
000000000000598872;3225;100
000000000000520482;3074;109
000000000000639040;3091;59
000000000000214184;3086;38
000000000000532217;3091;84
000000000000632286;3193;74
000000000000960217;3089;71
000000000400067004;3074;238
000000000000607904;3074;223
000000000000169937;3074;40
000000000000185007;3091;94
000000000000010681;3172;170
000000000000641025;3225;425
000000000639559001;3085;27
000000000000164153;3091;670
000000000647039003;3093;39
000000000000629757;3212;2591
000000000000639076;3223;49
000000000000355621;3193;981
000000000000614472;3074;50
000000000000006126;3094;1145
000000000000567912;3193;11
000000000000140265;3172;255
000000000000052658;3212;304
000000000000218597;3085;53
000000000000165526;3193;250
000000000000516543;3093;344
000000000000505746;3093;39
000000000000145903;3225;112
000000000000966828;3088;81
000000000000640143;3172;71
000000000000598867;3211;457
000000000000665365;3180;120
000000000000605708;3086;1417
000000000000147716;3094;13
000000000000164153;3206;260
000000000000145238;3225;227
000000000000006106;3180;71
000000000000631249;3225;113
000000000000955615;3091;15
000000000400218004;3094;398
000000000000629264;3089;25
000000000000645453;3180;53
000000000000667850;3212;6
000000000000342158;3074;31
000000000000712974;3089;799
000000000400072001;3193;74
000000000000358392;3098;314
000000000000558051;3092;20
000000000621962002;3092;39
000000000000010570;3089;80
000000000000184561;3085;317
000000000000121724;3093;66
000000000000214187;3094;40
000000000000210257;3089;28
000000000000810438;3211;53
000000000654770001;3091;67
000000000000642687;3211;269
000000000400055001;3088;171
000000000000004909;3086;89
000000000000666259;3094;65
000000000000641385;3074;72
000000000000636371;3085;113
000000000402163020;3085;25
000000000000138712;3088;6530
000000000000165524;3085;29
000000000000053864;3206;25
000000000000530962;3091;119
000000000000146527;3180;48
000000000000520482;3187;50
000000000000566344;3193;142
000000000000052107;3088;91
000000000000667694;3091;37
000000000400218004;3074;130
000000000000665704;3180;46
000000000000721107;3094;28
000000000000645453;3098;31
000000000000883205;3074;35
000000000668190002;3212;96
000000000000140119;3212;99
000000000000006535;3074;486
000000000000053892;3206;280
000000000000622002;3094;115
000000000000712440;3193;1659
000000000000718537;3089;3029
000000000000501361;3193;1776
000000000000251252;3085;32
000000000000277024;3225;68
000000000000177770;3225;315
000000000000661975;3187;22
000000000000621936;3085;52
000000000000506264;3098;80
000000000000638517;3089;23
000000000402032001;3225;48
000000000000642688;3086;539
000000000000355630;3180;2802
000000000000146753;3091;129
000000000000018286;3187;162
000000000000642687;3223;132
000000000000639041;3212;49
000000000000781199;3089;27
000000000000017929;3092;359
000000000000665848;3093;90
000000000000291653;3172;69
000000000000141270;3212;395
000000000401926001;3098;35
000000000000937354;3094;21
000000000401864002;3212;44
000000000000920545;3193;414
000000000000052663;3212;128
000000000000955613;3088;18
000000000668190001;3206;96
000000000402163006;3088;24
000000000000008644;3180;45
000000000000560445;3092;349
000000000000007387;3092;3628
000000000000128218;3212;104
000000000000191112;3211;27
000000000000172469;3085;119
000000000000635931;3088;130
000000000000010012;3094;137
000000000000776038;3093;207
000000000000652466;3193;78
000000000000650655;3212;36
000000000000543700;3098;25
000000000000631121;3098;30
000000000000052107;3212;146
000000000000146224;3074;14
000000000000010012;3092;325
000000000000648040;3092;23
000000000000650626;3093;43
000000000000665275;3098;745
000000000000628113;3206;609
000000000000054626;3094;25
000000000000611728;3089;71
000000000665420003;3212;101
000000000000650197;3093;83
000000000000613458;3225;22
000000000000652002;3180;31
000000000000882758;3092;138
000000000000632934;3098;28
000000000000177512;3172;2102
000000000000985918;3088;40
000000000000010570;3094;310
000000000000625809;3093;21
000000000622768001;3088;69
000000000000024733;3187;8507
000000000000284478;3172;68
000000000000618836;3172;107
000000000000900821;3092;2116
000000000000349368;3091;12054
000000000400067004;3225;28
000000000000618365;3086;52
000000000000052663;3223;168
000000000402629004;3094;763
000000000000860193;3206;37
000000000000629403;3212;38
000000000401862004;3086;51
000000000000648145;3180;165
000000000000632286;3092;59
000000000000653377;3093;320
000000000000647716;3092;160
000000000000639041;3094;150
000000000000645478;3206;84
000000000000128218;3172;263
000000000000009640;3172;112
000000000000635529;3074;9
000000000000253327;3212;27
000000000000006128;3092;60
000000000000006526;3088;142
000000000000665786;3093;239
000000000000519804;3074;77
000000000000220630;3094;15
000000000000521924;3193;108
000000000400055001;3092;336
000000000400069001;3085;287
000000000000615078;3088;39
000000000000648154;3093;23
000000000000648037;3172;31
000000000000198447;3212;277
000000000635476002;3206;68
000000000000630078;3089;22
000000000000630953;3180;133
000000000400308003;3094;357
000000000000358031;3074;141
000000000000134121;3094;45
000000000000163045;3074;30
000000000400433002;3092;1180
000000000000568764;3206;25
000000000000035246;3086;405
000000000000662178;3098;160
000000000000640960;3206;65
000000000000615078;3094;69
000000000000976752;3093;570
000000000000607508;3074;63
000000000000010008;3212;1135
000000000000616932;3088;6
000000000000781199;3211;44
000000000000152767;3180;81
000000000000179983;3093;27
000000000000006531;3091;1155
000000000000533071;3187;40
000000000000665855;3187;48
000000000401867004;3089;24
000000000000010584;3211;123
000000000000666031;3086;30
000000000000005861;3098;91
000000000000759658;3180;113
000000000000200148;3225;48
000000000402160005;3093;13
000000000000566342;3093;147
000000000000339668;3225;178
000000000000178086;3223;57
000000000000544058;3225;36
000000000000506149;3180;69
000000000000622001;3092;760
000000000000252158;3180;244
000000000000167455;3225;240
000000000000131441;3094;533
000000000000052614;3086;82
000000000000006449;3180;27
000000000000052657;3211;106
000000000000159971;3223;36
000000000000544823;3212;16
000000000000179987;3187;38
000000000000667119;3225;27
000000000624310002;3187;13
000000000000665715;3223;16
000000000000920545;3089;2360
000000000401864001;3211;34
000000000000645928;3074;44
000000000000182690;3211;43
000000000000010591;3086;40
000000000000613365;3088;37
000000000000192594;3074;13
000000000000158525;3098;372
000000000000665845;3074;57
000000000000163045;3086;65
000000000000052634;3093;150
000000000000010664;3223;15
000000000000024729;3193;4395
000000000000324538;3180;44
000000000000991225;3172;87
000000000000663242;3187;63
000000000000553519;3172;759
000000000400183001;3089;66
000000000665922002;3206;28
000000000000004912;3193;480
000000000000648980;3094;120
000000000665922001;3086;50
000000000400055005;3091;251
000000000000015769;3094;12
000000000000052679;3089;205
000000000000665848;3085;77
000000000000754767;3089;24
000000000000179987;3092;33
000000000000667907;3085;262
000000000000005542;3091;46
000000000000054626;3074;23
000000000000561208;3085;43
000000000000052679;3074;63
000000000000569209;3206;55
000000000000561301;3091;15
000000000000010632;3088;45
000000000000053864;3093;64
000000000401864001;3225;18
000000000000169663;3098;87
000000000000665848;3098;72
000000000000141820;3193;387
000000000401927001;3086;35
000000000622009001;3094;84
000000000000610841;3223;7
000000000000516748;3172;2739
000000000000278354;3180;32
000000000000154633;3094;38
000000000000605708;3094;2375
000000000650100001;3098;177
000000000000566339;3225;110
000000000000650197;3098;140
000000000000052676;3098;66
000000000000568755;3089;36
000000000000613458;3212;37
000000000402135002;3092;129
000000000000141302;3172;141
000000000666059002;3074;37
000000000000559524;3074;963
000000000000616733;3187;38
000000000648870004;3172;140
000000000000616209;3092;20
000000000000663844;3187;297
000000000000604435;3094;178
000000000000010591;3092;63
000000000000213571;3098;199
000000000000639896;3206;217
000000000000577226;3225;6
000000000000006105;3193;2179
000000000000006552;3098;604
000000000000667908;3092;25
000000000000571232;3193;279
000000000000639525;3212;31
000000000649484002;3092;27
000000000000639788;3091;54
000000000000818130;3180;49
000000000000052531;3089;204
000000000400072001;3211;60
000000000000648040;3211;35
000000000000179368;3098;41
000000000000017707;3092;131
000000000664214001;3093;19
000000000400071003;3193;34
000000000000639040;3085;50
000000000000139922;3088;59
000000000000177512;3092;759
000000000000606698;3180;242
000000000000168906;3094;60
000000000000637755;3225;9
000000000000017707;3225;107
000000000000053892;3085;158
000000000000213180;3225;57
000000000000010586;3180;51
000000000665420003;3172;97
000000000400067006;3206;56
000000000000612505;3193;34
000000000000210189;3193;74
000000000000155394;3211;3459
000000000402629004;3212;4042
000000000000005959;3094;1447
000000000000210403;3180;218
000000000000017960;3094;46
000000000000630076;3093;18
000000000665656001;3225;60
000000000000640476;3225;143
000000000000615003;3211;41
000000000000549591;3089;730
000000000000189557;3172;158
000000000000666915;3172;60
000000000000141404;3212;69
000000000000667968;3098;109
000000000000667422;3088;179
000000000000661119;3093;1584
000000000000004898;3092;30
000000000400183001;3225;61
000000000000024733;3086;3264
000000000000032136;3074;361
000000000000059805;3225;84
000000000000178369;3211;24
000000000000168906;3088;24
000000000000692549;3074;29
000000000000629771;3089;84
000000000000718537;3172;3435
000000000000007407;3088;240
000000000000646386;3212;295
000000000000666259;3086;22
000000000000639546;3093;163
000000000000779613;3212;36
000000000000937354;3088;9
000000000000321094;3225;224
000000000000182690;3094;53
000000000000017659;3092;88
000000000000631669;3088;40
000000000000006126;3212;2344
000000000000516543;3180;205
000000000000005054;3074;643
000000000000180013;3098;20
000000000000214578;3085;19
000000000000035129;3093;218
000000000000665184;3093;55
000000000000667429;3074;91
000000000000055532;3211;317
000000000000637755;3074;24
000000000000611728;3223;24
000000000000985415;3212;927
000000000000203300;3211;18
000000000000668189;3098;69
000000000000134123;3091;12
000000000000358032;3225;12
000000000000663242;3088;51
000000000000641113;3172;332
000000000000217412;3086;80
000000000000199738;3187;4886
000000000000626753;3211;83
000000000000604342;3094;79
000000000000018123;3212;289
000000000000739681;3223;134
000000000000641114;3094;20
000000000000009130;3187;338
000000000000198339;3187;732
000000000000010217;3187;60
000000000000661975;3086;17
000000000000546061;3223;30
000000000000178369;3172;35
000000000650386002;3094;16
000000000000015864;3206;26
000000000000612882;3212;14
000000000000622001;3074;616
000000000000617412;3074;93
000000000000718537;3088;857
000000000000007413;3074;122
000000000000606625;3094;230
000000000000251252;3180;84
000000000000665741;3088;2714
000000000000141360;3223;1577
000000000000172482;3180;95
000000000000665741;3225;3119
000000000000132114;3094;35
000000000000006442;3223;4275
000000000000253711;3206;24
000000000000120517;3172;88
000000000000178018;3074;96
000000000000130196;3180;604
000000000000191112;3094;85
000000000000667803;3187;10
000000000000646202;3206;249
000000000000215841;3098;1096
000000000000052663;3193;55
000000000000147552;3093;270
000000000668610001;3085;133
000000000000913285;3085;57
000000000000900821;3172;2423
000000000000355620;3074;405
000000000000627770;3223;72
000000000000138712;3092;5513
000000000000009130;3086;279
000000000000635313;3091;217
000000000000561524;3093;18
000000000000355961;3206;14
000000000000544169;3074;34
000000000000649222;3089;79
000000000000127649;3223;26
000000000000629401;3223;31
000000000000165526;3211;172
000000000000181877;3086;67
000000000000640476;3086;160
000000000000731782;3094;280
000000000000189557;3094;106
000000000654770002;3206;42
000000000000169183;3211;72
000000000000132462;3212;2167
000000000000214578;3093;15
000000000000145237;3088;257
000000000645975004;3098;374
000000000000560915;3211;19
000000000000133342;3091;12
000000000000606625;3212;131
000000000000260876;3085;21
000000000000666004;3172;146
000000000000666029;3088;69
000000000000018287;3172;171
000000000000128229;3098;39
000000000000010005;3093;358
000000000000955613;3074;20
000000000000007408;3093;1131
000000000000186377;3091;11
000000000000349179;3098;2899
000000000000649222;3092;55
000000000000354918;3086;302
000000000000597758;3180;84
000000000000005959;3223;730
000000000000181828;3085;45
000000000000914447;3193;27
000000000000667695;3212;14
000000000000828564;3180;124
000000000000629402;3225;36
000000000000052612;3092;553
000000000000005873;3091;48
000000000000154632;3088;80
000000000401861011;3172;46
000000000000645433;3223;30
000000000665656001;3172;31
000000000650059001;3206;303
000000000000182568;3094;149
000000000000284478;3225;60
000000000000138712;3187;1459
000000000000629430;3092;33
000000000000154632;3086;124
000000000400067006;3091;77
000000000000759658;3098;199
000000000000603675;3092;94
000000000000009640;3094;48
000000000000017734;3074;89
000000000668610002;3093;90
000000000000185006;3092;68
000000000000581680;3098;106
000000000000842477;3193;77
000000000622009001;3074;95
000000000000650655;3172;56
000000000000178018;3089;84
000000000000005959;3089;1214
000000000000132114;3172;37
000000000000668141;3086;42
000000000000643027;3223;72
000000000000178087;3180;160
000000000000899946;3172;4716
000000000000181878;3211;81
000000000000139492;3206;238
000000000000054626;3225;24
000000000000667692;3074;83
000000000000543828;3074;25
000000000000007413;3172;31
000000000000842477;3187;73
000000000000642687;3212;170
000000000000199738;3086;432
000000000000648980;3074;146
000000000000010524;3093;112
000000000000900817;3212;3971
000000000000661120;3086;70
000000000000215841;3093;2171
000000000000047391;3206;125
000000000000009228;3074;289
000000000000640961;3086;175
000000000000605405;3193;44
000000000648444001;3193;123
000000000000008645;3193;28
000000000000539908;3091;90
000000000000219335;3098;87
000000000000146509;3180;489
000000000000900826;3212;239
000000000000010571;3085;113
000000000000640959;3187;465
000000000622009001;3172;74
000000000000622173;3212;30
000000000000603675;3086;42
000000000000350937;3225;71
000000000000572390;3172;49
000000000000031416;3092;31
000000000000869698;3091;38
000000000000170198;3193;132
000000000000810437;3093;42
000000000000146528;3211;47
000000000000339586;3091;52
000000000000218488;3206;31
000000000000617412;3088;69
000000000000635083;3172;31
000000000000665609;3085;12
000000000000010662;3086;31
000000000000192562;3172;101
000000000000621936;3098;116
000000000000011214;3172;171
000000000639107001;3094;36
000000000000640021;3206;66
000000000000663156;3206;189
000000000000628528;3085;21
000000000650386001;3074;8
000000000000284662;3093;200
000000000000203383;3085;30
000000000000174295;3091;32
000000000000165526;3089;40
000000000000052634;3180;112
000000000000053891;3089;287
000000000000146528;3074;66
000000000000006105;3074;2107
000000000000652880;3089;95
000000000000641109;3094;16
000000000000663242;3211;50
000000000000544169;3212;33
000000000402124004;3088;166
000000000000024729;3211;2473
000000000000010511;3092;51
000000000000612667;3223;444
000000000000629401;3172;51
000000000000178089;3085;63
000000000000010687;3074;65
000000000000010591;3089;15
000000000000214184;3092;147
000000000400261002;3212;107
000000000000652972;3098;77
000000000000146527;3085;27
000000000000010012;3212;106
000000000000665280;3086;22
000000000000617381;3085;43
000000000000640021;3180;296
000000000000558053;3088;12
000000000000008527;3172;56
000000000400329002;3091;413
000000000000646834;3172;84
000000000400329005;3093;502
000000000000291227;3098;619
000000000000260876;3098;34
000000000000015769;3089;24
000000000000913286;3223;526
000000000000560915;3086;31
000000000000907292;3098;287
000000000624310002;3094;27
000000000000789276;3098;59
000000000000171547;3172;49
000000000000631668;3089;88
000000000000198339;3223;959
000000000000640959;3193;2279
000000000000614357;3091;19
000000000000007101;3098;74
000000000000213259;3206;82
000000000000622002;3225;80
000000000622768002;3089;67
000000000000611421;3098;690
000000000000585347;3086;118
000000000000731782;3092;605
000000000000052524;3180;60
000000000000639525;3193;20
000000000000015864;3093;112
000000000000052676;3206;48
000000000000648519;3093;10
000000000400067005;3172;177
000000000000292183;3088;45
000000000000164124;3091;85
000000000000900820;3172;6740
000000000649484001;3074;260
000000000000568755;3074;81
000000000000631669;3094;58
000000000000152770;3092;47
000000000000006466;3212;115
000000000000637931;3092;21
000000000666059003;3098;34
000000000000006143;3085;642
000000000000253327;3187;25
000000000000612883;3092;47
000000000000882758;3074;58
000000000000636371;3091;143
000000000000141302;3086;368
000000000000646834;3074;40
000000000000667695;3223;48
000000000000637737;3193;40
000000000000561523;3093;12
000000000000010681;3089;35
000000000000568755;3172;114
000000000000170845;3206;577
000000000000225728;3086;102
000000000000020318;3088;86
000000000000618835;3094;53
000000000000141193;3092;62
000000000000892231;3180;17
000000000000010511;3211;68
000000000634901001;3088;76
000000000000638518;3088;43
000000000000024552;3211;1506
000000000402053001;3180;56
000000000648870002;3172;300
000000000000960219;3206;92
000000000000017966;3094;32
000000000000630440;3225;22
000000000000985414;3086;113
000000000000052531;3092;317
000000000000053901;3092;1740
000000000000180017;3089;9
000000000622768002;3092;180
000000000000217412;3092;52
000000000000356040;3093;56
000000000645975002;3074;536
000000000000118792;3193;104
000000000000617380;3193;30
000000000402629003;3172;317
000000000000010217;3211;94
000000000000006451;3088;60
000000000000567913;3172;29
000000000000506262;3212;575
000000000621962002;3223;31
000000000400183001;3074;72
000000000000637200;3088;8
000000000000010632;3187;53
000000000000178369;3223;39
000000000000645433;3089;26
000000000000215974;3091;48
000000000000286465;3074;106
000000000000052294;3086;190
000000000000607906;3206;179
000000000401851006;3193;287
000000000000900826;3187;1484
000000000000344299;3085;1158
000000000000581680;3093;760
000000000000006486;3225;40
000000000000147716;3092;53
000000000000597755;3206;39
000000000000210189;3212;174
000000000000191250;3085;56
000000000000018287;3086;93
000000000000185021;3225;90
000000000000575841;3187;16
000000000000666259;3223;48
000000000000842477;3172;75
000000000000292183;3094;56
000000000000639789;3211;6
000000000665656002;3172;40
000000000000177772;3212;32
000000000000210295;3088;80
000000000000607897;3085;18
000000000000179744;3088;34
000000000000539292;3180;110
000000000000052107;3089;114
000000000648870004;3089;36
000000000000062471;3092;93
000000000000211061;3098;60
000000000000872676;3172;171
000000000401867004;3088;38
000000000000561242;3074;14
000000000000892231;3085;13
000000000000024599;3212;90
000000000665420002;3180;134
000000000000759336;3187;1098
000000000000004900;3212;58
000000000000131318;3212;41
000000000000566202;3206;28
000000000000941356;3206;145
000000000000018292;3211;401
000000000000009452;3098;51
000000000000900818;3187;2480
000000000000638517;3172;31
000000000000767398;3093;128
000000000000140265;3074;213
000000000000197613;3193;59
000000000000010647;3091;51
000000000000160867;3089;57
000000000000900821;3223;527
000000000000176786;3092;25
000000000000350937;3089;20
000000000000350937;3223;28
000000000000776038;3085;220
000000000000955556;3085;33
000000000000035196;3091;143
000000000000661795;3086;45
000000000000004973;3085;60
000000000000018112;3193;37
000000000000006438;3098;22
000000000401724009;3180;2335
000000000000558051;3211;6
000000000000666101;3212;448
000000000000662178;3091;57
000000000000355618;3074;2690
000000000000052674;3172;100
000000000000629762;3085;5025
000000000000543098;3212;47
000000000000622474;3086;70
000000000400218003;3091;124
000000000619006002;3098;32
000000000000646070;3091;124
000000000000710446;3088;202
000000000000006542;3180;75
000000000000175894;3074;22
000000000000632241;3091;43
000000000000662371;3092;258
000000000000354918;3074;127
000000000000640173;3172;270
000000000621962002;3074;30
000000000000353250;3223;70
000000000663007004;3225;29
000000000000900818;3172;6088
000000000000133224;3086;248
000000000000119092;3187;55
000000000000518013;3206;144
000000000000976752;3098;317
000000000636515001;3211;31
000000000000543099;3094;14
000000000000655684;3225;48
000000000000629295;3094;52
000000000665922001;3225;63
000000000000957753;3092;163
000000000000052524;3098;69
000000000000666914;3206;290
000000000000141870;3094;130
000000000000318983;3093;274
000000000000638518;3212;75
000000000400067001;3212;343
000000000000639787;3193;37
000000000000210239;3074;117
000000000000189987;3172;176
000000000401927001;3094;29
000000000000006451;3094;102
000000000000286465;3088;106
000000000000186377;3098;21
000000000000567413;3172;47
000000000000140102;3206;38
000000000000645720;3225;11
000000000000636570;3223;6
000000000000010525;3212;52
000000000000174334;3187;59
000000000000007408;3180;1095
000000000000635530;3092;12
000000000000710446;3193;724
000000000000213180;3088;35
000000000000017929;3086;439
000000000000006519;3211;173
000000000000006535;3089;76
000000000000607911;3085;27
000000000000185148;3093;234
000000000000666029;3193;69
000000000000052656;3172;368
000000000000210189;3094;184
000000000000194269;3089;61
000000000000157195;3212;15
000000000000351784;3180;181
000000000000620407;3086;3442
000000000000141193;3187;55
000000000000024552;3172;485
000000000000666166;3098;19
000000000000617412;3193;71
000000000000628528;3206;30
000000000000661975;3212;136
000000000000008591;3093;34
000000000000781199;3086;136
000000000000646202;3180;353
000000000000324538;3206;48
000000000000254525;3180;65
000000000000652615;3225;20
000000000000018250;3086;156
000000000000900826;3074;1249
000000000000146224;3094;12
000000000000622474;3092;54
000000000000607508;3086;24
000000000000558053;3086;19
000000000000649868;3193;30
000000000665656002;3074;34
000000000000018292;3223;231
000000000000056648;3085;92
000000000000147606;3088;34
000000000000662371;3086;69
000000000000052387;3172;622
000000000000321550;3091;83
000000000000647736;3172;236
000000000000203455;3074;288
000000000000128223;3092;183
000000000000612505;3223;45
000000000000213180;3223;33
000000000000964689;3091;342
000000000000191004;3225;36
000000000666059001;3172;58
000000000000024727;3098;180
000000000000186376;3088;20
000000000000622002;3187;106
000000000000035284;3172;64
000000000000629402;3211;28
000000000000356040;3098;41
000000000000731782;3086;505
000000000000052651;3223;141
000000000000154633;3193;89
000000000000174330;3092;108
000000000000985414;3225;36
000000000000200713;3093;19
000000000000662046;3225;44
000000000000010630;3223;33
000000000000516748;3092;9634
000000000000976753;3206;144
000000000402160001;3089;262
000000000000163045;3211;58
000000000000350937;3211;37
000000000000181877;3074;137
000000000000009452;3093;42
000000000000203300;3074;17
000000000000648979;3089;204
000000000000665786;3180;195
000000000665771003;3211;27
000000000000128223;3212;239
000000000000157195;3211;9
000000000000638621;3074;23
000000000000251252;3093;63
000000000000620407;3187;521
000000000000047391;3085;646
000000000000611123;3098;12
000000000000652984;3093;76
000000000000358031;3187;62
000000000000665365;3085;76
000000000623988002;3225;35
000000000000053901;3223;334
000000000000615004;3211;139
000000000000642723;3180;5
000000000000010511;3074;82
000000000000175894;3225;12
000000000000211158;3098;62
000000000000198491;3089;170
000000000000018123;3088;672
000000000000607896;3206;37
000000000000358359;3206;379
000000000000052659;3206;213
000000000000017664;3223;55
000000000000141820;3223;388
000000000000614340;3091;86
000000000000177770;3088;240
000000000000631668;3187;93
000000000000053892;3098;173
000000000645975005;3085;678
000000000000640959;3086;1248
000000000000641109;3187;10
000000000000649042;3206;161
000000000000661854;3091;125
000000000000169183;3089;171
000000000000342157;3091;15
000000000000141402;3092;35
000000000000170198;3092;144
000000000000617381;3093;32
000000000000645721;3187;16
000000000000140980;3225;67
000000000000128223;3225;44
000000000000780250;3088;48
000000000000208698;3089;31
000000000402163005;3211;58
000000000000163039;3223;24
000000000000631323;3212;71
000000000000166754;3225;21
000000000000519804;3088;221
000000000000631249;3074;209
000000000400055001;3211;246
000000000000828564;3093;58
000000000000128237;3212;106
000000000000179981;3206;79
000000000000007407;3225;213
000000000000358359;3093;447
000000000000638621;3193;31
000000000000606624;3091;20
000000000000191249;3088;26
000000000000667692;3086;88
000000000000018292;3092;439
000000000000553519;3094;225
000000000000191004;3187;36
000000000000006143;3180;94
000000000648870002;3074;65
000000000000585347;3172;167
000000000000505749;3074;283
000000000000018292;3212;299
000000000000053893;3206;289
000000000400067001;3086;295
000000000000892231;3206;17
000000000402032001;3094;55
000000000400055001;3225;91
000000000000008509;3086;82
000000000000189986;3172;183
000000000665656001;3223;46
000000000000668141;3094;106
000000000000647123;3193;16
000000000000188148;3089;1309
000000000000646203;3093;291
000000000000181877;3212;112
000000000400055001;3074;304
000000000000024733;3094;6244
000000000665922001;3074;60
000000000000351787;3093;169
000000000000622989;3212;58
000000000000174299;3098;41
000000000000170198;3187;360
000000000000046528;3223;1285
000000000000629401;3094;87
000000000000628527;3206;84
000000000000216960;3172;48
000000000000613365;3089;37
000000000000626165;3098;175
000000000000007448;3225;360
000000000000863278;3093;43
000000000000631045;3094;54
000000000000052676;3180;43
000000000000174785;3085;15
000000000000126791;3091;177
000000000000960219;3091;118
000000000000018250;3193;281
000000000000598873;3193;388
000000000000214186;3180;106
000000000000018137;3074;40
000000000000179368;3180;29
000000000000163896;3206;76
000000000000667429;3223;121
000000000000017966;3086;23
000000000000626636;3187;287
000000000000015769;3088;28
000000000000628528;3180;53
000000000000210484;3074;30
000000000000860193;3091;31
000000000000899948;3094;1921
000000000000052531;3225;345
000000000000647468;3098;48
000000000000119092;3094;92
000000000000566684;3094;247
000000000000118791;3098;47
000000000000562182;3074;23
000000000000017659;3094;64
000000000000128218;3094;241
000000000000899947;3180;910
000000000624310002;3088;27
000000000000639041;3225;70
000000000000611419;3093;148
000000000000612861;3187;41
000000000400055004;3206;66
000000000000628113;3093;1202
000000000000533071;3074;69
000000000000571232;3225;282
000000000000175894;3211;17
000000000400329001;3187;728
000000000000125621;3193;224
000000000000176636;3098;12
000000000000006495;3225;55
000000000000667695;3225;44
000000000000652002;3085;68
000000000000047388;3074;435
000000000000607897;3206;32
000000000000604435;3212;180
000000000000158523;3089;24
000000000000933456;3193;222
000000000000567413;3074;30
000000000000009640;3187;1281
000000000000291653;3094;50
000000000000351783;3223;100
000000000000652985;3180;62
000000000000177772;3211;126
000000000000214188;3089;87
000000000000351787;3098;86
000000000000625809;3098;24
000000000000612883;3211;50
000000000000612861;3094;93
000000000000031915;3098;40
000000000000017966;3074;28
000000000000815275;3193;119
000000000000625809;3206;32
000000000000560915;3088;44
000000000000152770;3211;43
000000000000024735;3193;3769
000000000000186376;3092;25
000000000000132599;3193;38
000000000000178018;3172;24
000000000000666015;3225;36
000000000000277182;3091;75
000000000000005861;3093;70
000000000000005474;3074;47
000000000000647737;3180;117
000000000000941355;3089;617
000000000000010511;3223;52
000000000000052392;3091;307
000000000000351783;3089;169
000000000000653352;3089;26
000000000000665704;3085;66
000000000000213259;3091;2305
000000000000052294;3088;240
000000000000955553;3180;25
000000000000575841;3086;18
000000000000622001;3193;382
000000000000635530;3088;24
000000000000146215;3098;34
000000000000031357;3093;37
000000000000185148;3091;157
000000000402163020;3091;31
000000000000004900;3088;41
000000000000642687;3094;262
000000000401914004;3074;161
000000000000024572;3094;5603
000000000000174442;3098;17
000000000000598872;3094;306
000000000000629771;3086;91
000000000000053809;3074;443
000000000000009640;3092;46
000000000000665402;3212;39
000000000000006486;3172;102
000000000000057969;3180;2259
000000000000142088;3223;124
000000000000170845;3098;343
000000000000731782;3074;220
000000000000731601;3093;90
000000000000213180;3092;49
000000000000780172;3172;339
000000000000133179;3088;102
000000000000665518;3092;17
000000000000158523;3193;18
000000000665771002;3074;74
000000000000941355;3187;5846
000000000000328254;3180;104
000000000636515001;3094;52
000000000000561536;3172;110
000000000000321096;3187;105
000000000634844003;3093;86
000000000000052612;3211;298
000000000000976753;3091;132
000000000000959403;3074;123
000000000000666004;3092;125
000000000000013241;3089;128
000000000000018119;3206;433
000000000000533071;3172;69
000000000000024570;3206;27
000000000000899946;3092;2431
000000000000206654;3223;27
000000000000710446;3094;94
000000000000780927;3180;195
000000000000616209;3193;31
000000000634844001;3094;28
000000000000191246;3091;90
000000000000607904;3193;407
000000000000739961;3092;27
000000000000185005;3212;85
000000000000006455;3187;60
000000000402160001;3094;243
000000000000665273;3172;13
000000000400218003;3098;203
000000000000284478;3089;37
000000000654770002;3085;14
000000000000573612;3180;34
000000000000900820;3187;1903
000000000000616203;3091;11
000000000000621035;3206;18
000000000000752668;3074;78
000000000000667907;3093;206
000000000000612882;3074;74
000000000400329009;3094;354
000000000000052656;3088;589
000000000000883205;3225;36
000000000000621936;3206;51
000000000000010521;3091;174
000000000000668189;3093;26
000000000000024733;3074;5948
000000000401851006;3088;10
000000000000147606;3086;51
000000000000141189;3091;42
000000000000014296;3091;43
000000000000286465;3172;103
000000000634901001;3086;116
000000000000665274;3180;14
000000000000008645;3225;31
000000000616562001;3223;16
000000000648870002;3094;79
000000000000342157;3093;19
000000000000546061;3074;87
000000000665771002;3212;80
000000000000650655;3086;42
000000000000739681;3212;278
000000000000653352;3223;5
000000000000628527;3093;71
000000000000603916;3089;178
000000000000628711;3088;528
000000000000824569;3089;28
000000000000665402;3092;35
000000000000630944;3091;158
000000000000169057;3093;79
000000000000189986;3212;749
000000000000630440;3172;16
000000000000008558;3093;21
000000000000615003;3225;32
000000000000215154;3086;53
000000000000006532;3223;153
000000000000566344;3225;65
000000000000180026;3086;22
000000000000765475;3098;134
000000000000010008;3074;750
000000000000607904;3187;158
000000000000300245;3091;48
000000000000571222;3092;912
000000000000010687;3225;41
000000000000217412;3211;85
000000000000638228;3092;33
000000000000647736;3225;139
000000000000141402;3089;32
000000000000062389;3088;57
000000000000034410;3085;83
000000000000172738;3091;65
000000000000140102;3091;41
000000000000174334;3172;138
000000000000892231;3091;12
000000000000321094;3187;197
000000000000006126;3074;1715
000000000668610002;3206;122
000000000000712440;3088;566
000000000665922002;3085;31
000000000000607260;3172;31
000000000647039002;3180;37
000000000000638934;3088;91
000000000000900826;3193;1014
000000000000132114;3074;39
000000000000667850;3089;9
000000000000665610;3225;13
000000000000826649;3093;29
000000000000286465;3193;84
000000000649484002;3225;15
000000000000158523;3172;19
000000000000503539;3088;412
000000000000199738;3225;201
000000000000059805;3086;150
000000000000174785;3098;24
000000000000622173;3092;10
000000000000749097;3094;2985
000000000000180027;3089;30
000000000000567913;3212;95
000000000000180009;3089;18
000000000000353250;3086;99
000000000000640959;3089;1091
000000000000013241;3086;96
000000000000632283;3223;77
000000000000059809;3223;81
000000000000056986;3089;175
000000000000133435;3212;750
000000000000062471;3094;157
000000000000565453;3094;78
000000000645975004;3091;328
000000000000059809;3225;81
000000000000133179;3211;498
000000000000010659;3098;53
000000000000017966;3211;26
000000000000159971;3225;28
000000000000665477;3180;75
000000000000627253;3093;68
000000000000666032;3091;50
000000000000024572;3074;2991
000000000000629401;3187;69
000000000000571232;3092;1393
000000000000010217;3092;81
000000000000688936;3093;33
000000000000612883;3094;57
000000000648444001;3089;43
000000000000752668;3086;83
000000000000588612;3091;74
000000000000018287;3223;94
000000000647039002;3098;40
000000000000145237;3225;306
000000000000356297;3074;52
000000000000005753;3074;57
000000000000132462;3172;3974
000000000000991225;3212;73
000000000000749097;3223;3727
000000000000767397;3211;336
000000000000010659;3085;95
000000000000603675;3187;54
000000000000638934;3212;56
000000000000544701;3092;10
000000000000291237;3085;22
000000000000017707;3172;295
000000000000731782;3193;398
000000000402629006;3089;3258
000000000000010681;3212;119
000000000000198491;3074;681
000000000000225728;3092;56
000000000000905315;3093;40
000000000000139940;3180;72
000000000634901002;3089;55
000000000000017659;3211;48
000000000000668903;3187;83
000000000000010662;3211;43
000000000000649639;3091;42
000000000000877304;3092;365
000000000668910001;3088;234
000000000000292183;3225;25
000000000000167456;3223;820
000000000000172738;3098;55
000000000000899948;3088;1294
000000000000214184;3187;44
000000000400183001;3172;115
000000000000566344;3086;230
000000000000650198;3172;50
000000000000612883;3187;58
000000000000210064;3085;1508
000000000000176788;3093;166
000000000000665786;3091;245
000000000000618836;3089;79
000000000000141270;3225;66
000000000000198447;3172;259
000000000000053901;3193;784
000000000000010216;3211;40
000000000402135002;3089;46
000000000000179567;3086;444
000000000000344299;3093;408
000000000000199738;3088;187
000000000000031356;3093;41
000000000000146527;3091;43
000000000400329001;3086;504
000000000000035284;3074;138
000000000000649345;3172;664
000000000000063027;3093;123
000000000000650655;3223;51
000000000000661118;3093;130
000000000000018222;3180;492
000000000000666015;3193;17
000000000000668903;3074;103
000000000000982844;3193;112
000000000400218002;3085;52
000000000634844003;3098;30
000000000000171547;3211;20
000000000000141404;3225;22
000000000000013908;3093;40
000000000000006495;3212;68
000000000400183006;3211;48
000000000000010570;3187;3391
000000000000124981;3074;659
000000000000666019;3206;23
000000000000006105;3094;2020
000000000000176786;3094;46
000000000000153589;3098;75
000000000000894768;3088;38
000000000000024552;3225;36
000000000000567413;3089;39
000000000000005959;3212;2643
000000000668190001;3085;123
000000000000665273;3193;25
000000000664214001;3091;32
000000000000024552;3086;45
000000000000641113;3089;251
000000000402163020;3180;48
000000000000576609;3098;29
000000000000645433;3212;159
000000000400329002;3098;1365
000000000000607897;3093;12
000000000000663046;3098;50
000000000650059001;3093;293
000000000000187418;3180;48
000000000000544171;3180;23
000000000000180010;3180;21
000000000000567412;3180;36
000000000000191021;3180;85
000000000000017734;3088;54
000000000000609808;3098;47
000000000000665280;3089;14
000000000000032389;3180;1053
000000000000005759;3074;36
000000000000024733;3223;10094
000000000000615078;3086;51
000000000000585243;3193;811
000000000000663242;3074;210
000000000000616933;3093;6
000000000000712974;3092;1969
000000000000639855;3180;190
000000000000832664;3187;106
000000000401867012;3091;48
000000000000598873;3223;83
000000000000960217;3092;362
000000000000646202;3091;137
000000000000749098;3094;1886
000000000402613001;3172;1705
000000000000135488;3172;630
000000000000145237;3223;284
000000000000661945;3074;42
000000000000641109;3088;15
000000000400067001;3088;50
000000000000177772;3193;323
000000000650386001;3094;19
000000000000146509;3085;350
000000000000192594;3089;14
000000000000614358;3089;18
000000000000052679;3092;31
000000000000973574;3086;5
000000000000014362;3085;52
000000000400070001;3206;96
000000000000760476;3193;8025
000000000000864254;3091;38
000000000000180009;3223;32
000000000000575642;3093;410
000000000000146753;3098;117
000000000000199738;3074;247
000000000000665264;3093;54
000000000000629402;3092;115
000000000000810437;3091;71
000000000000631669;3225;20
000000000000139890;3091;14
000000000000006537;3193;12
000000000402629006;3223;3834
000000000000665280;3212;20
000000000000167456;3225;181
000000000000900817;3089;1204
000000000000182571;3206;26
000000000000604435;3187;83
000000000000519771;3093;8
000000000000158525;3180;471
000000000000007413;3089;23
000000000000667422;3092;136
000000000000845600;3089;330
000000000000141993;3098;151
000000000000141403;3085;23
000000000000008914;3094;693
000000000000645928;3225;24
000000000000218597;3206;47
000000000000506262;3089;110
000000000000013908;3085;35
000000000000300245;3180;35
000000000000008645;3223;30
000000000000178379;3086;160
000000000000666032;3085;60
000000000000579800;3093;46
000000000401927001;3074;29
000000000000780250;3094;46
000000000401724010;3091;477
000000000000638546;3206;37
000000000000539998;3092;116
000000000000005724;3211;122
000000000000667692;3092;79
000000000000607260;3187;14
000000000000863275;3091;72
000000000000052679;3172;105
000000000000052674;3187;269
000000000000054189;3225;1291
000000000000006668;3098;12
000000000000665845;3172;38
000000000000624993;3098;73
000000000400071003;3225;22
000000000000585243;3074;273
000000000000009452;3085;38
000000000000189557;3225;65
000000000000630952;3093;46
000000000000189537;3088;43
000000000000641113;3074;504
000000000000128223;3074;92
000000000000506149;3206;39
000000000000646386;3172;279
000000000000643027;3088;187
000000000000789276;3085;29
000000000668610002;3098;80
000000000000662257;3074;378
000000000000018287;3094;215
000000000000010659;3180;110
000000000400067006;3093;189
000000000000585243;3225;174
000000000000032326;3074;307
000000000000617380;3086;23
000000000000125621;3086;82
000000000000665477;3093;81
000000000000160867;3193;197
000000000000569209;3098;35
000000000000052657;3088;438
000000000000005759;3187;23
000000000648870002;3089;58
000000000000661795;3094;60
000000000000178018;3193;36
000000000000614340;3206;307
000000000666059002;3223;32
000000000000868530;3212;46
000000000000177770;3172;278
000000000000640873;3172;79
000000000000055532;3088;267
000000000000172469;3180;135
000000000000017960;3211;23
000000000000626636;3074;1873
000000000400182008;3206;825
000000000000655096;3172;11
000000000000198342;3091;22
000000000400308002;3098;3026
000000000000604496;3206;14
000000000000568755;3193;262
000000000000619699;3093;19
000000000000626165;3093;95
000000000000933456;3094;79
000000000665771001;3211;57
000000000000615395;3172;80
000000000000634412;3089;68
000000000000566339;3223;103
000000000000120789;3223;23
000000000000629401;3089;57
000000000000571223;3206;516
000000000000544701;3225;20
000000000000614113;3098;110
000000000400070001;3180;875
000000000000749097;3086;541
000000000000606625;3225;72
000000000402613002;3180;1941
000000000000614340;3085;339
000000000000169183;3088;122
000000000000558053;3089;26
000000000000629403;3187;48
000000000000503539;3092;627
000000000400182008;3093;616
000000000000637737;3212;51
000000000401867002;3098;113
000000000000053891;3211;220
000000000000203297;3193;25
000000000000607261;3085;41
000000000000611123;3206;19
000000000665656001;3094;42
000000000000609808;3091;42
000000000402124001;3225;64
000000000000815280;3225;42
000000000000780927;3085;108
000000000000006535;3086;569
000000000000625810;3094;42
000000000000139890;3206;32
000000000000295106;3085;33
000000000000667694;3098;22
000000000000010216;3092;58
000000000000006495;3211;113
000000000000501362;3180;692
000000000000295085;3187;67
000000000000140120;3093;62
000000000000645720;3193;9
000000000000351786;3094;177
000000000000985415;3172;814
000000000000629762;3091;1295
000000000000192562;3225;197
000000000000652973;3223;27
000000000650100002;3094;93
000000000000031221;3187;24
000000000000013241;3211;61
000000000000616068;3180;131
000000000000024599;3089;84
000000000000189986;3094;636
000000000000351787;3180;114
000000000624310002;3089;31
000000000000215161;3212;138
000000000000141870;3172;23
000000000648870004;3094;34
000000000000030966;3091;34
000000000000163039;3211;39
000000000000208698;3094;23
000000000648870001;3187;39
000000000401867002;3206;49
000000000000295085;3086;59
000000000000147552;3085;86
000000000650100001;3091;154
000000000401861010;3093;15
000000000000141402;3211;28
000000000000863275;3085;60
000000000402251001;3094;17
000000000000652489;3085;24
000000000000585243;3223;499
000000000401927001;3211;36
000000000000652708;3091;42
000000000000661944;3212;35
000000000000655684;3212;17
000000000000170198;3086;14
000000000000199738;3089;237
000000000000191007;3098;140
000000000400329010;3086;439
000000000000816588;3093;223
000000000000009451;3085;20
000000000000005961;3074;21
000000000000863278;3206;16
000000000634844001;3172;92
000000000000959403;3088;186
000000000000128218;3223;35
000000000000010571;3180;314
000000000000655578;3206;12
000000000000575642;3091;301
000000000000666031;3089;36
000000000000010584;3187;1867
000000000000141360;3094;896
000000000000062405;3086;416
000000000000355005;3223;79
000000000000638621;3223;40
000000000000006537;3223;91
000000000000214578;3091;32
000000000000210064;3093;12042
000000000000899946;3094;4060
000000000000635529;3225;9
000000000000526074;3193;277
000000000000158525;3091;398
000000000645975005;3098;700
000000000000626166;3085;41
000000000000635083;3092;22
000000000000355622;3094;206
000000000000900824;3225;564
000000000000634834;3098;130
000000000000547306;3089;16
000000000000194269;3193;121
000000000000634412;3225;55
000000000622768001;3086;99
000000000000667695;3092;54
000000000000146753;3093;207
000000000000007413;3187;20
000000000000128227;3091;93
000000000000147553;3187;110
000000000000175894;3088;28
000000000000662257;3223;96
000000000000575145;3085;42
000000000000955615;3098;8
000000000000631669;3223;12
000000000000505749;3094;187
000000000400329003;3206;1947
000000000000668651;3187;9
000000000000053891;3172;499
000000000000052538;3098;100
000000000000611728;3193;29
000000000000120789;3193;40
000000000000295106;3093;39
000000000000546061;3225;34
000000000000010526;3089;187
000000000000007493;3225;564
000000000000615395;3211;42
000000000000139922;3187;24
000000000000781196;3094;42
000000000000816587;3206;308
000000000000629430;3094;16
000000000000648451;3206;6
000000000000053864;3085;27
000000000000170132;3223;34
000000000000561536;3212;111
000000000000191021;3085;55
000000000000008914;3223;478
000000000402629004;3086;600
000000000641229002;3088;182
000000000000668125;3093;93
000000000401851006;3086;79
000000000000004898;3211;54
000000000634901001;3212;113
000000000648870001;3223;86
000000000000158375;3193;52
000000000000133224;3172;245
000000000000665609;3091;10
000000000402163005;3074;214
000000000000652002;3093;42
000000000000006519;3172;1332
000000000000615003;3092;50
000000000000132114;3088;46
000000000000019953;3212;160
000000000000008509;3225;92
000000000401724015;3085;10
000000000000140119;3172;77
000000000000217922;3091;241
000000000402629006;3187;475
000000000000641114;3074;92
000000000000192068;3086;16
000000000000516749;3074;883
000000000000287807;3098;75
000000000000006105;3223;2555
000000000000347001;3091;121
000000000000975247;3094;10
000000000000544705;3187;174
000000000636515002;3211;47
000000000000607897;3180;18
000000000000640873;3074;19
000000000000191007;3091;140
000000000000637737;3094;29
000000000000598867;3086;304
000000000000615004;3225;58
000000000000985414;3089;178
000000000000613365;3212;27
000000000000815281;3093;32
000000000000646214;3091;135
000000000648870002;3212;74
000000000000627770;3094;51
000000000000985918;3211;37
000000000000056648;3091;37
000000000000630624;3187;94
000000000000164129;3098;45
000000000000141302;3094;246
000000000000010664;3086;112
000000000648444001;3088;77
000000000000640959;3211;332
000000000000031221;3089;19
000000000000901934;3206;131
000000000000191112;3225;44
000000000645975003;3092;322
000000000000616733;3193;31
000000000000215380;3212;756
000000000000131318;3193;54
000000000000652466;3212;95
000000000000616068;3093;183
000000000000975247;3074;11
000000000000667803;3193;61
000000000000630076;3098;35
000000000645975002;3094;252
000000000000533071;3086;39
000000000400185004;3172;151
000000000000780927;3206;43
000000000000218917;3180;107
000000000000543099;3074;69
000000000665091001;3225;19
000000000000749097;3211;137
000000000000781021;3206;61
000000000000913286;3088;104
000000000000133179;3086;73
000000000000667762;3085;53
000000000648870003;3088;29
000000000000665786;3085;202
000000000000321018;3206;117
000000000000004931;3225;60
000000000000635083;3187;20
000000000401724001;3098;804
000000000000253711;3180;57
000000000000562128;3180;141
000000000000899946;3074;3576
000000000000004900;3092;41
000000000000225728;3223;34
000000000000141270;3223;87
000000000000789276;3180;44
000000000000767398;3098;398
000000000648444001;3092;79
000000000000571223;3180;461
000000000000503538;3098;1825
000000000000211077;3089;73
000000000000665791;3074;35
000000000000650626;3180;40
000000000000666016;3091;21
000000000000006517;3088;74
000000000000215154;3092;31
000000000000199738;3211;249
000000000000561536;3187;45
000000000000614113;3206;74
000000000000292183;3172;52
000000000000779613;3225;48
000000000000639695;3225;25
000000000000355904;3206;16
000000000400329001;3089;362
000000000000643027;3172;531
000000000000355620;3092;947
000000000000056986;3088;161
000000000000639787;3211;27
000000000000663245;3187;89
000000000000731782;3172;477
000000000000759336;3092;417
000000000000607496;3193;7
000000000000134121;3225;19
000000000000010664;3187;44
000000000000503540;3206;673
000000000000124981;3172;617
000000000400185002;3172;159
000000000000581680;3091;338
000000000000665263;3092;107
000000000000615003;3187;40
000000000000141404;3187;26
000000000000629264;3092;100
000000000000900824;3172;754
000000000000155394;3212;1171
000000000000291510;3212;7
000000000000119002;3206;937
000000000000575693;3206;24
000000000000017734;3225;81
000000000000640021;3093;294
000000000000059685;3172;69
000000000000018222;3085;49
000000000000181878;3086;515
000000000000291237;3206;37
000000000000623020;3093;14
000000000000189537;3212;36
000000000401867004;3187;26
000000000000180019;3206;53
000000000000606510;3187;65
000000000000206654;3088;30
000000000000653377;3206;333
000000000000155394;3225;2115
000000000000505749;3092;288
000000000000146215;3085;17
000000000400433002;3223;1014
000000000400067001;3094;1601
000000000000558055;3180;15
000000000000662257;3212;211
000000000000612505;3086;69
000000000000607904;3223;186
000000000000645721;3092;23
000000000000652984;3091;70
000000000000218917;3098;65
000000000402124004;3212;199
000000000000639787;3089;24
000000000000616112;3206;26
000000000000006490;3223;88
000000000000031357;3085;27
000000000000991226;3187;159
000000000000641025;3086;624
000000000000526074;3094;128
000000000000661945;3193;42
000000000000324013;3093;47
000000000622768001;3089;60
000000000000011506;3187;223
000000000000284478;3193;21
000000000000667672;3172;42
000000000000165488;3098;277
000000000000178087;3206;95
000000000000146214;3187;66
000000000400069002;3225;139
000000000000145903;3223;255
000000000000615395;3187;22
000000000000024197;3074;36
000000000000635083;3089;21
000000000000639501;3187;147
000000000000133435;3074;828
000000000000174334;3086;109
000000000000181878;3193;103
000000000645975003;3187;203
000000000000182568;3187;101
000000000000630954;3180;316
000000000000181373;3206;14
000000000000629295;3088;105
000000000000567912;3212;90
000000000000355618;3092;1207
000000000000342158;3225;18
000000000402163006;3225;18
000000000000505749;3193;85
000000000000665704;3098;173
000000000000661854;3180;178
000000000000631121;3093;164
000000000000519804;3225;221
000000000000009336;3225;9
000000000000663156;3091;175
000000000000641113;3088;30
000000000000198447;3223;350
000000000000905315;3098;44
000000000000639038;3211;101
000000000000666259;3092;32
000000000000052294;3172;223
000000000000561536;3092;145
000000000401927001;3187;24
000000000401926001;3093;24
000000000000133224;3094;815
000000000000520463;3212;38
000000000000017659;3089;120
000000000000645724;3086;202
000000000000900819;3098;821
000000000000141403;3098;73
000000000000533072;3206;18
000000000000180017;3223;12
000000000000565609;3212;52
000000000000131441;3074;1308
000000000000192594;3092;20
000000000000170132;3089;66
000000000000318983;3098;215
000000000000198491;3211;764
000000000000053891;3212;487
000000000000006106;3085;80
000000000000173898;3187;48
000000000000558422;3206;106
000000000000543099;3172;13
000000000401867004;3172;86
000000000000126791;3098;141
000000000000900820;3225;468
000000000000665264;3180;81
000000000400069002;3223;517
000000000000648037;3223;17
000000000000017665;3098;49
000000000000603916;3074;225
000000000000281009;3088;241
000000000000712440;3074;784
000000000000566344;3088;91
000000000000303385;3180;297
000000000000616933;3091;8
000000000000572390;3089;16
000000000000604342;3187;33
000000000000169183;3086;83
000000000000019952;3085;119
000000000000006143;3093;500
000000000000665274;3085;16
000000000000230843;3093;145
000000000000638621;3088;47
000000000000597755;3093;51
000000000000133224;3212;688
000000000000203300;3092;12
000000000000503540;3180;579
000000000000192562;3074;100
000000000401861004;3098;37
000000000000760476;3225;4026
000000000000180009;3225;21
000000000000603916;3094;226
000000000000284090;3085;38
000000000000006495;3223;47
000000000400183001;3187;115
000000000634844002;3093;85
000000000000503538;3085;657
000000000000960218;3212;198
000000000000721107;3092;209
000000000000351785;3089;114
000000000000200148;3074;24
000000000000899948;3089;1859
000000000000177525;3085;69
000000000000009228;3193;95
000000000000059805;3187;49
000000000000665275;3180;56
000000000000055532;3225;239
000000000000018286;3225;92
000000000000277182;3098;140
000000000000009674;3085;74
000000000000178018;3187;26
000000000000191250;3206;57
000000000665922002;3098;54
000000000000062389;3193;58
000000000000010524;3180;164
000000000000637931;3225;16
000000000000638934;3223;56
000000000000661945;3088;41
000000000401862004;3074;22
000000000000505749;3211;105
000000000400329010;3092;727
000000000000571232;3223;201
000000000000631323;3172;83
000000000000006532;3211;99
000000000000007484;3091;53
000000000000698846;3093;261
000000000000648504;3092;344
000000000000155394;3074;1519
000000000000665856;3086;21
000000000000146214;3089;26
000000000000139922;3086;50
000000000000191007;3180;440
000000000000880880;3211;113
000000000000060385;3206;89
000000000000056986;3187;80
000000000000007504;3206;489
000000000000622474;3094;109
000000000000617380;3172;35
000000000000960217;3086;260
000000000402163002;3187;6190
000000000000006517;3223;44
000000000000010631;3074;76
000000000000344299;3091;5154
000000000000052663;3187;206
000000000000646203;3091;74
000000000000615835;3212;25
000000000000622173;3225;36
000000000000013241;3225;104
000000000000622474;3193;79
000000000401862004;3225;15
000000000000160867;3211;91
000000000000611858;3180;36
000000000000516543;3091;167
000000000000546916;3180;42
000000000000629771;3092;87
000000000000612882;3172;64
000000000000005474;3225;90
000000000000516748;3086;3310
000000000000665855;3074;84
000000000000353250;3225;170
000000000000655096;3212;22
000000000000168302;3193;97
000000000000173896;3098;58
000000000000358031;3088;18
000000000400067002;3223;42
000000000000010524;3091;132
000000000000031910;3180;155
000000000000030964;3091;77
000000000000215161;3094;95
000000000000612806;3180;1803
000000000000565453;3088;97
000000000000641114;3089;17
000000000400329006;3193;633
000000000000146986;3172;149
000000000000786457;3088;45
000000000649484001;3094;254
000000000000957753;3211;66
000000000000647163;3085;56
000000000000638934;3086;65
000000000000646203;3180;172
000000000000321550;3093;96
000000000000966828;3193;272
000000000000284090;3098;18
000000000000006528;3206;132
000000000000191007;3093;228
000000000648870003;3089;39
000000000000629762;3098;3033
000000000650100001;3180;184
000000000400329003;3093;727
000000000000663245;3092;47
000000000000598873;3212;389
000000000000010511;3172;79
000000000000147606;3225;20
000000000000863277;3085;18
000000000000663156;3093;101
000000000000174442;3180;136
000000000000154633;3088;39
000000000000607260;3089;69
000000000000652880;3225;17
000000000000005964;3074;1808
000000000000006438;3093;79
000000000000154632;3094;66
000000000634901002;3212;76
000000000000128229;3206;76
000000000000618228;3212;85
000000000000622989;3225;60
000000000000710446;3225;109
000000000000157195;3092;14
000000000000007493;3212;759
000000000000617411;3211;49
000000000402251001;3193;69
000000000000652615;3223;44
000000000000637670;3193;66
000000000000639695;3211;69
000000000647039002;3091;30
000000000000585347;3074;177
000000000000920545;3211;1630
000000000619006002;3093;31
000000000000567912;3187;5319
000000000000781199;3187;90
000000000000006537;3225;30
000000000000192843;3091;16
000000000000342883;3180;88
000000000000826649;3206;26
000000000000006438;3206;26
000000000000009671;3180;91
000000000000526074;3212;186
000000000665771002;3092;56
000000000000182568;3172;116
000000000000005965;3225;28
000000000634903001;3225;207
000000000000638934;3225;21
000000000000145903;3193;371
000000000000358031;3089;26
000000000000571232;3187;206
000000000000214187;3172;74
000000000000982844;3074;65
000000000000503539;3172;550
000000000402163005;3225;27
000000000000140119;3225;15
000000000000278354;3085;25
000000000000863278;3098;34
000000000000062405;3193;343
000000000000181263;3193;22
000000000000174334;3088;116
000000000000163045;3187;23
000000000000579800;3085;125
000000000000603916;3223;183
000000000000623256;3093;74
000000000000052720;3089;9
000000000000626166;3180;59
000000000000894768;3172;43
000000000000284478;3092;45
000000000000128223;3211;140
000000000000006456;3093;130
000000000000031221;3223;29
000000000000519804;3212;413
000000000000142838;3206;113
000000000000009130;3092;244
000000000000024197;3193;69
000000000622768001;3074;165
000000000000668141;3187;604
000000000000615004;3094;84
000000000000560445;3094;385
000000000000172482;3085;547
000000000666059001;3094;45
000000000000516749;3094;346
000000000000667839;3206;50
000000000000052657;3172;633
000000000000353250;3089;22
000000000000010008;3088;720
000000000000649639;3180;42
000000000000052720;3092;11
000000000000354918;3089;202
000000000000544759;3225;6
000000000000160867;3086;66
000000000401867009;3098;106
000000000000561301;3206;15
000000000000052612;3172;481
000000000000218099;3180;79
000000000650100002;3223;101
000000000000638916;3092;214
000000000000211034;3225;31
000000000000010511;3088;60
000000000400067005;3211;38
000000000000172482;3093;68
000000000402135002;3225;88
000000000000173895;3085;48
000000000000351786;3225;66
000000000000795025;3225;611
000000000000516747;3098;1652
000000000000864253;3086;58
000000000000141302;3074;129
000000000000168302;3223;118
000000000000640484;3098;21
000000000000666101;3086;624
000000000000635083;3212;18
000000000000611728;3092;82
000000000000010591;3088;31
000000000000959403;3092;134
000000000000052387;3074;243
000000000000006456;3180;114
000000000000566684;3088;267
000000000000008527;3089;95
000000000000868933;3212;80
000000000000649639;3098;32
000000000000530964;3093;25
000000000000166754;3223;40
000000000628439001;3088;38
000000000000637737;3088;31
000000000000217922;3085;73
000000000000991225;3193;134
000000000000220630;3172;23
000000000000665263;3074;91
000000000000603675;3211;63
000000000000158479;3093;179
000000000000692549;3187;19
000000000000189987;3094;268
000000000000667422;3172;180
000000000000506147;3093;47
000000000000206654;3172;42
000000000000133435;3223;104
000000000000665741;3172;1299
000000000000630076;3180;34
000000000000010217;3223;42
000000000000179981;3098;72
000000000000635931;3187;162
000000000000291237;3091;240
000000000000014296;3206;34
000000000000006517;3172;62
000000000000619700;3180;36
000000000000182568;3092;103
000000000000636371;3180;201
000000000000017707;3074;204
000000000000174785;3091;21
000000000000140102;3180;41
000000000000779613;3223;26
000000000000052612;3193;545
000000000000006442;3094;3632
000000000641229002;3187;161
000000000000010662;3225;54
000000000634844003;3091;88
000000000665771001;3212;81
000000000000616932;3089;9
000000000000135488;3212;483
000000000624299003;3206;90
000000000000899946;3193;3073
000000000000148242;3089;21
000000000000052538;3093;71
000000000402160001;3193;232
000000000000627770;3212;84
000000000000665901;3211;21
000000000000007387;3074;3371
000000000000125621;3092;74
000000000000151214;3225;7
000000000000871178;3206;50
000000000402629003;3089;147
000000000622768001;3187;132
000000000000007387;3086;2046
000000000000011506;3092;178
000000000000006128;3088;15
000000000650059001;3180;609
000000000000559524;3172;1679
000000000000635313;3093;104
000000000000634900;3098;32
000000000000637755;3094;23
000000000000031416;3074;41
000000000000692549;3094;18
000000000634844002;3085;111
000000000000358391;3172;1170
000000000000933456;3225;86
000000000000739961;3223;21
000000000000035246;3172;274
000000000000170198;3088;60
000000000000543098;3074;50
000000000000342158;3092;24
000000000000006558;3092;167
000000000665420003;3225;103
000000000000120517;3092;71
000000000000559524;3223;1075
000000000000141269;3206;86
000000000000621035;3098;184
000000000000631669;3211;36
000000000000140265;3193;273
000000000000275754;3212;12
000000000000639896;3093;134
000000000400185004;3092;110
000000000000614051;3223;188
000000000000127649;3088;40
000000000000358391;3092;1188
000000000000731782;3212;298
000000000000780172;3223;297
000000000000663244;3074;99
000000000000642688;3225;201
000000000000008645;3094;29
000000000000189986;3088;133
000000000000031222;3225;14
000000000402197001;3091;23
000000000000637930;3212;18
000000000000140980;3223;108
000000000000055532;3212;273
000000000000321094;3088;1741
000000000000864254;3206;110
000000000000182571;3098;74
000000000668190002;3086;76
000000000000146986;3074;131
000000000000141870;3074;73
000000000000005756;3093;3356
000000000000518013;3180;83
000000000000181263;3092;30
000000000000566202;3091;15
000000000645975003;3212;215
000000000000544701;3089;35
000000000000759335;3212;3350
000000000402163005;3212;162
000000000000571222;3074;383
000000000000616733;3089;20
000000000000181263;3074;45
000000000000010591;3074;34
000000000000174299;3085;85
000000000000648349;3094;27
000000000000631254;3180;41
000000000000158523;3223;20
000000000000598872;3088;302
000000000634901002;3086;97
000000000000010631;3092;78
000000000000638916;3225;45
000000000000539998;3223;36
000000000000174330;3212;84
000000000000007605;3093;612
000000000645975001;3085;419
000000000402160001;3086;23
000000000000180009;3092;49
000000000000642688;3094;965
000000000000168302;3187;40
000000000000004909;3089;65
000000000000167456;3172;264
000000000000639525;3211;17
000000000000347001;3085;140
000000000000668917;3180;79
000000000000977143;3091;17
000000000402163005;3089;57
000000000648870003;3187;50
000000000000158522;3206;20
000000000000758872;3085;104
000000000000260876;3091;29
000000000000010012;3193;408
000000000401724010;3180;2012
000000000668910003;3086;131
000000000000007408;3206;594
000000000000006457;3091;1030
000000000000059805;3211;135
000000000000171547;3074;124
000000000000182568;3089;80
000000000000011506;3172;810
000000000000030951;3098;19
000000000400069001;3091;443
000000000668190002;3092;133
000000000000543099;3089;8
000000000000018292;3172;346
000000000400261003;3093;99
000000000000900818;3092;33425
000000000000168914;3098;93
000000000666059001;3088;69
000000000000612888;3206;39
000000000000625810;3092;30
000000000000151214;3223;12
000000000000629295;3211;56
000000000000196224;3093;137
000000000000007493;3211;356
000000000000665848;3180;68
000000000000133224;3193;510
000000000000616733;3094;9
000000000000652973;3092;30
000000000000561188;3098;40
000000000000668125;3091;111
000000000000688936;3085;18
000000000000612504;3092;30
000000000000616932;3212;4
000000000000650823;3180;180
000000000000607508;3094;14
000000000000031416;3094;17
000000000000615004;3212;280
000000000000653352;3092;24
000000000000957755;3180;80
000000000000632940;3085;66
000000000000052107;3094;277
000000000634844002;3180;113
000000000000024631;3206;85
000000000402613001;3088;734
000000000000621033;3172;253
000000000622009002;3098;65
000000000000635530;3223;9
000000000401864002;3223;18
000000000000642726;3074;12
000000000000010525;3187;82
000000000000630624;3086;65
000000000000892231;3098;17
000000000000024735;3074;1859
000000000000616202;3187;17
000000000640546002;3206;25
000000000000991225;3074;68
000000000000639039;3187;212
000000000000635726;3206;26
000000000000018250;3172;239
000000000000567727;3093;72
000000000000629761;3074;158
000000000000358335;3180;1239
000000000000641384;3088;123
000000000000218099;3085;54
000000000000047388;3225;270
000000000000588612;3180;43
000000000000516749;3211;153
000000000000010528;3211;39
000000000000172482;3098;73
000000000000780172;3193;214
000000000400261002;3211;164
000000000000625810;3212;58
000000000000607508;3187;11
000000000000052652;3180;920
000000000000018123;3086;152
000000000000163039;3225;147
000000000000005961;3094;15
000000000000667119;3092;55
000000000000663242;3225;44
000000000000667610;3088;33
000000000000667422;3187;93
000000000000560915;3225;10
000000000000191112;3088;39
000000000000539292;3093;102
000000000000635301;3180;27
000000000000623107;3074;23
000000000000661945;3187;27
000000000000991226;3092;163
000000000000169937;3086;55
000000000000168914;3085;44
000000000000054189;3074;150
000000000000015769;3211;24
000000000000643027;3193;171
000000000000006466;3092;52
000000000000665610;3193;10
000000000000900819;3091;266
000000000000215841;3206;379
000000000000611728;3074;37
000000000622768001;3094;66
000000000000635931;3094;193
000000000000339668;3211;156
000000000000164853;3211;100
000000000000188148;3092;1543
000000000000665280;3225;12
000000000000056986;3223;117
000000000000667385;3091;110
000000000000052676;3091;31
000000000000533071;3088;42
000000000666059002;3193;24
000000000000665263;3211;185
000000000000358392;3206;192
000000000000146214;3092;34
000000000000653876;3098;39
000000000000776038;3180;43
000000000000176636;3085;89
000000000000138712;3172;7735
000000000000661975;3225;59
000000000624310001;3223;12
000000000402197001;3093;16
000000000000641109;3074;17
000000000000284662;3180;135
000000000000248328;3085;412
000000000000631668;3092;58
000000000000214589;3206;244
000000000000007390;3086;1558
000000000000666029;3094;30
000000000000321018;3093;212
000000000000562182;3092;34
000000000000652489;3206;18
000000000000017707;3223;109
000000000000667429;3172;149
000000000000358359;3098;730
000000000000006444;3193;492
000000000000786457;3074;32
000000000000132114;3092;42
000000000636515001;3193;73
000000000000647716;3088;172
000000000000018250;3088;207
000000000000349368;3085;5565
000000000000588612;3098;54
000000000000639695;3187;61
000000000000605708;3223;312
000000000400067004;3212;543
000000000000576448;3086;19
000000000000521924;3211;49
000000000000020318;3225;59
000000000000011506;3086;149
000000000000652985;3085;27
000000000000612667;3086;321
000000000000171547;3223;181
000000000000179744;3074;71
000000000000616112;3180;20
000000000000779613;3211;31
000000000000005542;3093;69
000000000000663845;3091;214
000000000000185007;3085;54
000000000000180049;3093;34
000000000000627770;3092;78
000000000000826649;3085;48
000000000000147552;3098;224
000000000000147606;3223;13
000000000000637931;3212;14
000000000000054189;3187;363
000000000000013475;3085;60
000000000000692549;3223;12
000000000000650198;3086;67
000000000000031911;3193;35
000000000000062471;3089;141
000000000649484001;3088;22
000000000000166832;3093;22
000000000000883202;3193;75
000000000000666101;3193;368
000000000401926001;3180;21
000000000636515002;3088;113
000000000000760476;3172;6522
000000000000006535;3212;205
000000000000287807;3093;20
000000000000198447;3086;229
000000000000562182;3193;24
000000000000018122;3093;30
000000000000781196;3092;24
000000000000177525;3098;108
000000000000625303;3091;24
000000000000163735;3098;48
000000000000667119;3172;46
000000000000640068;3180;83
000000000000195308;3085;32
000000000000712440;3211;773
000000000000816587;3098;675
000000000000612667;3193;308
000000000000625676;3093;771
000000000000622989;3223;73
000000000000052387;3223;110
000000000000200148;3193;25
000000000400185002;3088;129
000000000000861944;3225;14
000000000000640021;3085;61
000000000000913286;3172;65
000000000000275754;3092;26
000000000000354918;3212;154
000000000000053845;3085;196
000000000000605405;3088;90
000000000000031911;3172;884
000000000000053901;3074;392
000000000000631323;3094;42
000000000000894768;3089;24
000000000401851006;3187;60
000000000000156144;3212;40
000000000000539998;3225;158
000000000000634412;3088;71
000000000000617911;3098;73
000000000400067004;3187;138
000000000400433002;3211;184
000000000650059002;3180;317
000000000000663844;3088;434
000000000000520482;3193;71
000000000000197610;3180;33
000000000000779613;3172;38
000000000000251914;3225;32
000000000000668651;3193;69
000000000000780172;3225;126
000000000000007087;3085;143
000000000000519771;3098;18
000000000400183006;3225;74
000000000000662257;3086;507
000000000647039002;3085;31
000000000000631045;3074;17
000000000000199738;3212;188
000000000000662047;3206;16
000000000000140120;3085;37
000000000000005759;3088;46
000000000000631161;3225;62
000000000000914447;3223;16
000000000000603675;3088;83
000000000000640143;3193;70
000000000000008591;3085;23
000000000000665263;3193;214
000000000000351785;3088;164
000000000000665845;3223;20
000000000000180016;3223;25
000000000000006519;3092;681
000000000000156185;3091;38
000000000000503538;3206;702
000000000000014362;3093;31
000000000000601607;3180;19
000000000000960217;3225;216
000000000000638916;3089;99
000000000000284478;3223;51
000000000000006444;3092;638
000000000000961236;3074;12
000000000000177772;3086;221
000000000000052659;3098;318
000000000000355904;3180;27
000000000000880880;3172;415
000000000000638228;3086;71
000000000000010008;3089;735
000000000000006532;3187;33
000000000000189537;3223;41
000000000000353250;3193;81
000000000000639855;3085;1821
000000000000612888;3085;41
000000000000118791;3206;64
000000000000575841;3088;21
000000000666059003;3093;30
000000000000652481;3088;44
000000000000007504;3180;794
000000000000166754;3092;102
000000000000010012;3088;202
000000000000666031;3092;22
000000000665771001;3225;18
000000000000630078;3223;16
000000000400218003;3180;250
000000000000632934;3206;28
000000000000295085;3211;60
000000000000195308;3180;44
000000000000648732;3093;48
000000000000632940;3091;67
000000000000354918;3211;76
000000000000616933;3180;7
000000000400218004;3223;540
000000000634901001;3172;91
000000000000215380;3074;423
000000000000156144;3223;97
000000000000601607;3085;27
000000000622768002;3172;62
000000000000665741;3086;2076
000000000400055001;3193;268
000000000000598873;3092;368
000000000645975005;3206;1374
000000000000216012;3093;59
000000000000355620;3212;427
000000000000649639;3206;41
000000000000005753;3193;19
000000000401724001;3091;110
000000000000354918;3223;81
000000000000010526;3094;372
000000000000171547;3086;63
000000000000351786;3223;82
000000000000145238;3211;223
000000000000752668;3088;69
000000000000633967;3091;236
000000000000141189;3098;43
000000000000623020;3085;20
000000000000652481;3223;25
000000000000638654;3093;34
000000000000648349;3074;44
000000000000006455;3172;77
000000000000152048;3086;111
000000000000321096;3094;107
000000000000004933;3223;1301
000000000000031913;3091;28
000000000000203383;3093;18
000000000622768006;3098;113
000000000400433001;3088;145
000000000000566339;3187;122
000000000000752668;3092;103
000000000000213180;3089;24
000000000000032136;3094;191
000000000000181878;3172;83
000000000000007101;3093;183
000000000000635931;3074;325
000000000665656001;3074;34
000000000000553519;3089;224
000000000000170845;3085;382
000000000000184968;3225;197
000000000000009451;3206;13
000000000000617911;3206;34
000000000000573622;3172;91
000000000000133179;3225;298
000000000000631668;3172;137
000000000000977143;3180;18
000000000000163045;3225;59
000000000000133180;3098;4093
000000000000661944;3172;43
000000000000641385;3092;112
000000000000052538;3206;88
000000000000546916;3085;20
000000000000647125;3225;49
000000000000900818;3225;177
000000000000017659;3086;122
000000000000281009;3193;22
000000000000010570;3088;255
000000000000639936;3093;39
000000000000883202;3172;72
000000000000568764;3091;20
000000000000017966;3172;45
000000000000138610;3074;167
000000000000665212;3193;94
000000000000179567;3092;212
000000000000648065;3093;55
000000000000665791;3094;63
000000000000208698;3223;20
000000000000006514;3085;34
000000000000625676;3206;281
000000000000579749;3074;455
000000000400308003;3074;178
000000000000180026;3088;23
000000000650100002;3088;84
000000000000604495;3092;22
000000000000640961;3094;270
000000000000642726;3211;8
000000000000146986;3088;117
000000000000628711;3089;713
000000000000007518;3098;3512
000000000000561208;3180;68
000000000000218074;3206;414
000000000000617412;3172;65
000000000000649042;3091;156
000000000000056986;3212;89
000000000000667762;3206;24
000000000000661795;3211;29
000000000000665274;3093;46
000000000000132599;3092;35
000000000000158375;3086;43
000000000400433001;3172;97
000000000000192843;3085;24
000000000000198339;3086;913
000000000000781199;3172;81
000000000000008914;3086;644
000000000000666015;3172;46
000000000000760476;3086;1203
000000000000358032;3187;72
000000000000170198;3074;73
000000000000883202;3223;94
000000000000960218;3088;26
000000000000642726;3092;6
000000000000165524;3206;63
000000000000521924;3092;64
000000000000006519;3094;495
000000000665420003;3193;170
000000000000251914;3088;148
000000000666059002;3094;35
000000000000155394;3193;2399
000000000000634412;3187;83
000000000000175894;3092;24
000000000000614355;3180;19
000000000402032001;3074;33
000000000000200148;3212;24
000000000000824569;3193;42
000000000000176788;3098;48
000000000000154633;3086;80
000000000000612667;3088;416
000000000000501361;3089;1161
000000000000666004;3086;70
000000000000668141;3088;74
000000000000666019;3180;47
000000000647039003;3091;18
000000000000189557;3193;118
000000000000615836;3091;57
000000000000147553;3088;265
000000000000295085;3172;168
000000000000645433;3225;25
000000000000642726;3212;14
000000000000663245;3074;95
000000000000613458;3223;40
000000000000139922;3172;52
000000000401724009;3206;700
000000000000628711;3074;127
000000000666059001;3086;60
000000000622768002;3074;165
000000000000215380;3094;1048
000000000000505749;3089;191
000000000000544701;3172;12
000000000000648145;3093;166
000000000000503539;3086;628
000000000000665856;3172;49
000000000000663844;3074;486
000000000000543099;3092;29
000000000000815281;3180;32
000000000000634834;3206;87
000000000000630952;3091;13
000000000000520482;3225;56
000000000000017929;3211;385
000000000000544058;3187;39
000000000000665280;3092;37
000000000000585347;3193;109
000000000000643027;3074;255
000000000000627770;3089;68
000000000000973574;3092;10
000000000000172469;3206;125
000000000000604495;3187;21
000000000000721107;3089;14
000000000000645433;3211;108
000000000000164853;3086;87
000000000000215154;3225;69
000000000000568755;3187;35
000000000000628527;3091;100
000000000000211077;3187;41
000000000000617380;3088;24
000000000000638934;3211;53
000000000000211077;3193;44
000000000000645433;3086;43
000000000000649222;3193;283
000000000000191250;3091;54
000000000000629401;3212;32
000000000000627254;3093;56
000000000000667385;3085;63
000000000000052658;3223;285
000000000000652700;3085;33
000000000400308002;3093;2361
000000000000638546;3093;55
000000000639559001;3098;49
000000000000163039;3074;54
000000000000135092;3211;34
000000000648870003;3225;30
000000000000662046;3223;21
000000000000010586;3085;102
000000000000185006;3212;47
000000000400308003;3225;109
000000000000899946;3089;2791
000000000000718537;3193;3182
000000000648870003;3074;82
000000000000900824;3223;220
000000000000181372;3223;64
000000000000141402;3088;18
000000000000146528;3187;48
000000000666059001;3089;40
000000000000052634;3206;97
000000000000167455;3172;784
000000000000633967;3085;225
000000000000615835;3086;133
000000000000539998;3094;79
000000000000638276;3091;15
000000000000210064;3206;21729
000000000000631323;3086;39
000000000000010591;3187;143
000000000000667695;3211;43
000000000000619701;3098;34
000000000635476002;3085;43
000000000000184561;3098;193
000000000000638620;3074;21
000000000000521924;3172;343
000000000000615004;3172;175
000000000000955614;3094;19
000000000401867012;3098;110
000000000000901361;3212;185
000000000000781021;3091;50
000000000000900819;3093;33
000000000000178386;3085;175
000000000000009674;3093;33
000000000000018123;3187;3293
000000000000561536;3088;66
000000000000643026;3206;126
000000000000645721;3086;23
000000000000503539;3223;701
000000000000667600;3187;90
000000000000528751;3180;34
000000000000667695;3193;57
000000000000140119;3193;65
000000000000006466;3223;98
000000000000615078;3212;14
000000000628439002;3180;49
000000000000350937;3074;40
000000000000767397;3088;336
000000000665420003;3088;86
000000000665771003;3086;30
000000000402251001;3187;27
000000000000004898;3187;216
000000000000598865;3211;432
000000000654770001;3093;39
000000000000005961;3211;15
000000000000141189;3180;35
000000000000031221;3193;16
000000000000052387;3225;186
000000000000692549;3086;17
000000000000064466;3098;26
000000000000752668;3089;61
000000000000614113;3091;102
000000000000639041;3092;82
000000000000206654;3089;32
000000000000754765;3098;37
000000000000609808;3180;54
000000000000619699;3180;33
000000000000248328;3091;1521
000000000400329010;3187;354
000000000000612504;3225;34
000000000000007482;3091;655
000000000000281009;3223;33
000000000000208698;3187;30
000000000000166832;3206;48
000000000000010478;3180;61
000000000000640476;3223;38
000000000000516748;3089;4929
000000000000031023;3093;197
000000000665091001;3211;17
000000000000617412;3212;82
000000000000629712;3092;127
000000000654770002;3180;17
000000000616726002;3091;69
000000000000356297;3088;31
000000000000152048;3172;357
000000000000624993;3085;56
000000000000217111;3206;6
000000000000603675;3089;72
000000000000015864;3085;111
000000000000215380;3089;977
000000000637411001;3098;95
000000000402163002;3212;147
000000000000632286;3187;36
000000000400218004;3086;127
000000000000139922;3074;65
000000000000064466;3180;35
000000000634844001;3223;16
000000000400308001;3094;5864
000000000000020318;3086;289
000000000000616202;3092;25
000000000000623256;3180;108
000000000000277182;3180;212
000000000000131441;3223;87
000000000000653876;3085;10
000000000000007515;3172;397
000000000000565453;3225;25
000000000000629403;3172;13
000000000637411001;3206;65
000000000000864253;3172;74
000000000000780250;3089;45
000000000000017739;3206;119
000000000000225728;3225;44
000000000000648040;3223;73
000000000000650626;3098;73
000000000000666004;3074;138
000000000000810437;3085;89
000000000000133333;3211;31
000000000000604342;3092;283
000000000000653377;3098;351
000000000000140120;3180;135
000000000000652973;3089;37
000000000000667850;3223;6
000000000000004912;3086;813
000000000000349368;3093;9992
000000000000606698;3091;154
000000000000132599;3223;19
000000000000119002;3093;500
000000000400055004;3091;421
000000000000561188;3206;25
000000000649484001;3187;191
000000000000506147;3085;36
000000000000120789;3089;41
000000000000127649;3089;20
000000000000157195;3074;30
000000000000176786;3074;13
000000000000053901;3212;381
000000000000641113;3193;367
000000000000650823;3206;183
000000000000141404;3088;38
000000000000006526;3212;276
000000000000170198;3212;48
000000000000618835;3225;38
000000000000005724;3172;389
000000000000641113;3223;13
000000000000182690;3074;34
000000000000668189;3091;48
000000000401864001;3193;38
000000000000337024;3172;159
000000000000215161;3193;147
000000000665656001;3092;114
000000000000629295;3089;99
000000000400218004;3187;266
000000000000189557;3088;108
000000000623988002;3223;28
000000000622009001;3092;55
000000000000179744;3089;42
000000000000637670;3212;266
000000000000630624;3212;108
000000000636515002;3225;21
000000000000131441;3089;1118
000000000000616932;3187;5
000000000000623020;3091;24
000000000000146509;3093;284
000000000000566684;3225;132
000000000000559524;3193;1095
000000000639107001;3086;60
000000000000629403;3193;109
000000000000215153;3206;132
000000000000605405;3089;48
000000000000629771;3172;781
000000000000632283;3187;40
000000000000010664;3212;117
000000000000900826;3211;144
000000000000342883;3206;89
000000000000627253;3091;75
000000000000638228;3074;51
000000000000623107;3225;12
000000000000604495;3094;30
000000000000651990;3092;39
000000000401927001;3225;13
000000000000008914;3172;3553
000000000000575841;3225;31
000000000000178018;3088;34
000000000000134121;3089;78
000000000000135092;3074;150
000000000000213570;3206;4
000000000000180004;3180;58
000000000000132112;3091;256
000000000000653734;3225;49
000000000000010664;3092;32
000000000402251001;3172;65
000000000000303385;3085;201
000000000000612861;3225;24
000000000000005474;3092;63
000000000621962002;3187;39
000000000000060385;3180;486
000000000000358392;3093;336
000000000000665791;3225;52
000000000000030964;3093;24
000000000000210257;3074;39
000000000000566339;3088;139
000000000000052651;3089;520
000000000000214578;3180;34
000000000000721107;3225;64
000000000000661442;3098;72
000000000000624993;3206;119
000000000000665715;3211;20
000000000000217111;3091;8
000000000000543391;3088;14
000000000000321096;3211;111
000000000000649222;3172;180
000000000000210484;3225;13
000000000000637755;3089;37
000000000000052294;3092;228
000000000000661120;3212;311
000000000401724010;3085;298
000000000000018137;3172;34
000000000000758871;3180;125
000000000000005054;3086;785
000000000000652972;3091;80
000000000400433001;3211;70
000000000000624993;3093;84
000000000000010687;3172;135
000000000000182574;3206;30
000000000000649222;3223;239
000000000000663844;3212;177
000000000000053845;3091;220
000000000000010631;3193;74
000000000000544759;3172;17
000000000000650419;3091;126
000000000000558053;3223;31
000000000000354918;3094;188
000000000000543828;3193;52
000000000000135488;3074;876
000000000654770002;3098;25
000000000000168914;3180;74
000000000000666914;3091;203
000000000000133180;3091;2459
000000000000145903;3172;177
000000000400072001;3212;96
000000000000572390;3193;26
000000000000053809;3092;4421
000000000000718537;3074;3122
000000000000281009;3092;230
000000000000667119;3074;24
000000000000007101;3180;315
000000000000133180;3093;3353
000000000000052612;3094;1114
000000000000118792;3086;307
000000000000008527;3094;92
000000000000982844;3212;39
000000000000052663;3172;86
000000000000665901;3089;10
000000000000182334;3206;146
000000000000712974;3187;2945
000000000000052657;3094;141
000000000000141205;3085;79
000000000000053891;3225;278
000000000000577057;3225;10
000000000000645721;3211;15
000000000000158479;3085;159
000000000000663242;3086;41
000000000000628528;3093;34
000000000000145238;3092;291
000000000000164124;3098;158
000000000000214186;3206;94
000000000000568929;3212;93
000000000000871178;3091;48
000000000000135488;3223;911
000000000000006105;3225;1090
000000000401862004;3094;30
000000000000213721;3225;60
000000000000218074;3091;196
000000000000006105;3172;2445
000000000000006444;3094;284
000000000000647125;3088;41
000000000000032326;3211;271
000000000000712440;3092;822
000000000000024155;3180;244
000000000000641025;3094;369
000000000624310002;3223;20
000000000000665855;3092;78
000000000000612233;3086;273
000000000000571222;3211;287
000000000000842477;3094;86
000000000000203297;3187;44
000000000000140119;3089;47
000000000000010681;3225;74
000000000000667263;3085;63
000000000000665212;3211;100
000000000000119092;3193;76
000000000000035284;3187;44
000000000000179987;3074;22
000000000000625402;3094;80
000000000000648037;3088;17
000000000402251001;3223;24
000000000000647736;3092;83
000000000000215155;3091;90
000000000000631249;3187;174
000000000000141820;3212;375
000000000000767397;3223;200
000000000000901361;3223;71
000000000000160867;3094;163
000000000000052538;3085;144
000000000000566202;3180;22
000000000000571228;3187;2439
000000000000610841;3225;19
000000000000009009;3098;197
000000000000141271;3206;104
000000000000622474;3223;71
000000000000575841;3094;22
000000000000638620;3089;58
000000000000214187;3088;83
000000000000961236;3225;49
000000000000626636;3172;981
000000000000519804;3094;194
000000000000625402;3225;26
000000000000642723;3206;5
000000000000017707;3193;129
000000000000147606;3089;31
000000000000598867;3225;121
000000000000767398;3085;304
000000000634844003;3206;27
000000000665091001;3089;19
000000000000520463;3223;23
000000000000760476;3211;5849
000000000000005724;3074;73
000000000000864253;3089;110
000000000000553519;3086;161
000000000000615836;3098;113
000000000000216012;3091;57
000000000000035129;3091;219
000000000000635684;3211;39
000000000000920545;3088;2523
000000000000985918;3225;64
000000000000526074;3225;57
000000000000607906;3091;138
000000000000169183;3094;224
000000000000031915;3180;57
000000000000170198;3211;40
000000000000213721;3193;58
000000000000141870;3211;34
000000000000187418;3091;18
000000000000759336;3074;921
000000000000626753;3074;79
000000000000571228;3211;1755
000000000664214001;3098;59
000000000000303385;3098;89
000000000000214188;3193;85
000000000000667119;3089;36
000000000000642687;3086;436
000000000000281009;3074;99
000000000000637931;3223;13
000000000000215161;3086;53
000000000000973574;3088;8
000000000000625809;3091;37
000000000000505193;3093;94
000000000000786457;3094;27
000000000401864002;3094;33
000000000000667672;3211;11
000000000000572390;3211;20
000000000645975002;3223;332
000000000000217411;3074;52
000000000000006128;3086;16
000000000000666102;3180;555
000000000000810437;3206;66
000000000000647163;3093;93
000000000000017664;3212;59
000000000000006105;3089;897
000000000000010478;3098;36
000000000400185004;3223;317
000000000000620407;3211;221
000000000000052663;3086;79
000000000000639789;3089;9
000000000000779613;3092;66
000000000000052679;3225;18
000000000000663242;3223;58
000000000000640961;3187;52
000000000000639787;3172;38
000000000000185006;3094;119
000000000000982844;3225;43
000000000666059002;3225;45
000000000000180012;3172;20
000000000000663244;3212;635
000000000000158523;3211;18
000000000000005474;3172;81
000000000000356297;3089;23
000000000000170080;3091;222
000000000000560915;3187;33
000000000000005155;3098;50
000000000000024552;3094;350
000000000000180004;3091;61
000000000000824569;3223;72
000000000000516747;3093;1101
000000000000198447;3225;264
000000000000009130;3074;1259
000000000000163295;3206;35
000000000000666914;3093;190
000000000000516749;3187;385
000000000000652466;3225;25
000000000000023776;3206;67
000000000000630440;3212;38
000000000000941355;3086;2316
000000000000220630;3089;15
000000000000661594;3180;60
000000000000158375;3211;58
000000000000009228;3187;6459
000000000000132599;3074;57
000000000000167455;3088;1154
000000000000623107;3172;28
000000000000760902;3093;80
000000000000544759;3223;14
000000000000351992;3091;12
000000000000010687;3193;27
000000000000629761;3225;67
000000000000053892;3091;1180
000000000000052387;3086;327
000000000000640873;3225;38
000000000000666031;3172;53
000000000000180026;3223;31
000000000000663245;3089;64
000000000000005724;3225;116
000000000000639936;3098;136
000000000000622002;3223;109
000000000000158886;3206;135
000000000000031222;3172;20
000000000000174785;3180;80
000000000000203297;3092;37
000000000000649345;3225;209
000000000000520482;3094;87
000000000621962002;3089;29
000000000000200148;3187;72
000000000000220630;3211;19
000000000000641114;3225;9
000000000000668651;3094;13
000000000000652974;3098;40
000000000000900821;3089;563
000000000400433001;3223;88
000000000000973574;3223;9
000000000000339668;3089;155
000000000000210295;3211;94
000000000000219335;3206;80
000000000000158523;3074;14
000000000000006459;3180;68
000000000000985414;3223;93
000000000622768001;3172;68
000000000000648037;3193;20
000000000000181878;3187;76
000000000000140120;3098;56
000000000000010524;3098;135
000000000000170201;3085;177
000000000000665845;3088;64
000000000000010570;3225;102
000000000000562182;3094;26
000000000000635301;3093;16
000000000000210189;3088;54
000000000000606698;3206;235
000000000000006438;3085;12
000000000000292183;3074;29
000000000000192594;3088;16
000000000000571223;3085;179
000000000648870002;3092;42
000000000636515001;3225;33
000000000000665901;3225;26
000000000645975004;3206;594
000000000000629403;3225;36
000000000000665477;3091;66
000000000000565453;3086;28
000000000000621936;3180;46
000000000000154632;3225;46
000000000000666032;3093;20
000000000000665741;3211;861
000000000000203455;3094;1420
000000000000635931;3089;647
000000000000052657;3092;120
000000000000215161;3223;127
000000000000562679;3074;23
000000000000010632;3212;78
000000000000754766;3093;26
000000000000568755;3223;56
000000000000350937;3088;33
000000000000351785;3212;298
000000000000605708;3212;3784
000000000000169183;3193;107
000000000000189558;3098;157
000000000000231594;3180;9
000000000000618836;3187;98
000000000000135488;3211;810
000000000000145238;3089;80
000000000000006128;3187;17
000000000000163896;3093;64
000000000000864253;3074;44
000000000000220630;3088;19
000000000000175894;3086;34
000000000000024729;3074;2948
000000000000035246;3225;100
000000000000650197;3206;49
000000000000933456;3088;73
000000000000138712;3086;3770
000000000000052630;3223;26
000000000000516543;3206;119
000000000000611728;3187;26
000000000000011214;3187;236
000000000000052387;3187;302
000000000000641113;3086;149
000000000000643027;3086;287
000000000000010586;3098;148
000000000000565609;3211;60
000000000000913285;3093;60
000000000402124004;3225;77
000000000000613458;3187;17
000000000000544491;3085;20
000000000000967746;3093;12
000000000000351786;3088;192
000000000000650198;3193;96
000000000000719281;3225;24
000000000000901361;3172;65
000000000000900821;3094;1748
000000000000035129;3180;105
000000000000046528;3193;360
000000000000667429;3211;49
000000000000180049;3180;22
000000000000004909;3172;63
000000000402629003;3212;704
000000000000721107;3212;34
000000000000779613;3089;23
000000000000628091;3085;75
000000000000165526;3223;130
000000000000649868;3211;17
000000000000661118;3206;26
000000000000598873;3089;381
000000000000661442;3180;124
000000000000198447;3094;222
000000000000665786;3098;217
000000000000637737;3089;37
000000000000578191;3206;291
000000000000883202;3212;67
000000000000118791;3180;55
000000000000141205;3093;90
000000000000629401;3225;33
000000000000601607;3093;38
000000000000141193;3193;112
000000000000008527;3193;69
000000000000607496;3223;4
000000000000621936;3091;42
000000000000141302;3193;163
000000000000052659;3091;692
000000000000178018;3223;41
000000000000351785;3086;221
000000000000636577;3206;102
000000000000649868;3088;18
000000000000662257;3225;48
000000000000767397;3225;358
000000000000180030;3091;14
000000000000612505;3074;90
000000000400218001;3225;148
000000000000141870;3086;122
000000000000155394;3086;1535
000000000000781199;3193;36
000000000000789276;3206;67
000000000000668651;3092;23
000000000000141993;3206;157
000000000000339586;3180;52
000000000000637670;3223;192
000000000000125621;3074;168
000000000000544169;3088;29
000000000000291237;3098;73
000000000000052720;3088;14
000000000000275754;3074;48
000000000000652467;3206;41
000000000000010526;3211;165
000000000400433002;3212;1014
000000000000646834;3225;87
000000000000667385;3093;109
000000000000665273;3088;21
000000000000125621;3225;19
000000000628439001;3225;24
000000000000629771;3193;310
000000000000607508;3088;25
000000000000666032;3206;64
000000000000667429;3086;156
000000000000530962;3098;19
000000000000174330;3094;161
000000000000568755;3211;48
000000000000635931;3223;241
000000000622768001;3092;164
000000000000629402;3212;55
000000000000666004;3187;78
000000000000647468;3085;64
000000000000643027;3187;92
000000000000666029;3092;65
000000000000286465;3094;91
000000000000286465;3089;81
000000000000639788;3180;59
000000000000006519;3089;997
000000000000544705;3223;46
000000000000173895;3206;46
000000000401724015;3091;24
000000000000625809;3180;41
000000000000628091;3098;164
000000000000628711;3211;25
000000000645975002;3212;503
000000000000630952;3085;48
000000000000180018;3225;37
000000000000516749;3086;182
000000000634844001;3193;43
000000000000132114;3223;32
000000000624310002;3211;31
000000000000031911;3094;52
000000000000020318;3211;236
000000000400183006;3172;31
000000000000005963;3091;1543
000000000000133179;3092;455
000000000000046528;3086;1265
000000000000010630;3172;41
000000000400329003;3098;2496
000000000000217111;3098;20
000000000402251001;3088;38
000000000000516748;3211;1689
000000000000292183;3092;20
000000000000192562;3092;39
000000000000354918;3092;91
000000000000824569;3172;73
000000000000119092;3172;75
000000000000126791;3093;104
000000000000648979;3225;144
000000000000760476;3088;1788
000000000000636371;3206;184
000000000000639695;3092;117
000000000000006537;3212;135
000000000000355005;3193;39
000000000000005861;3180;98
000000000000010216;3223;57
000000000648870004;3223;62
000000000000164853;3074;234
000000000000864253;3212;104
000000000000623256;3098;58
000000000000006531;3098;2283
000000000000008892;3180;166
000000000000163039;3193;38
000000000000005753;3172;87
000000000401867004;3212;75
000000000668610001;3206;82
000000000000712440;3172;804
000000000000539998;3212;72
000000000000052674;3089;94
000000000000132114;3187;32
000000000000030965;3089;62
000000000000597758;3091;63
000000000000174442;3085;23
000000000000649345;3094;490
000000000000059685;3187;50
000000000634844003;3180;79
000000000000914447;3094;20
000000000000662257;3092;833
000000000666059002;3089;26
000000000000189557;3223;133
000000000650386001;3092;43
000000000000941355;3225;677
000000000000215380;3225;548
000000000000648979;3172;155
000000000000006518;3086;60
000000000000005961;3089;9
000000000668610001;3093;125
000000000000010584;3092;159
000000000000612505;3094;51
000000000400069002;3193;420
000000000000006526;3172;434
000000000668910001;3211;107
000000000000668651;3172;30
000000000000291237;3180;15
000000000000667696;3093;46
000000000000291653;3089;14
000000000000031911;3212;110
000000000000663243;3098;80
000000000000901361;3094;73
000000000000519771;3091;21
000000000000138610;3223;42
000000000400072001;3092;68
000000000000614357;3206;13
000000000000613365;3172;28
000000000000645724;3225;126
000000000000640143;3223;17
000000000000006466;3088;73
000000000000210295;3187;40
000000000000605405;3172;95
000000000663007002;3093;59
000000000000698846;3091;129
000000000000629761;3086;203
000000000400185004;3086;315
000000000000832664;3086;55
000000000000185006;3086;136
000000000402124001;3088;121
000000000000628711;3223;652
000000000000134121;3088;28
000000000000869698;3098;67
000000000000016957;3098;81
000000000000899947;3091;1381
000000000645975003;3094;281
000000000000006519;3187;5572
000000000000667692;3187;72
000000000000635931;3225;192
000000000000585802;3085;62
000000000000573622;3223;35
000000000000119002;3098;609
000000000000626636;3223;1350
000000000400185002;3225;77
000000000000652700;3206;71
000000000000013475;3180;36
000000000000647716;3223;213
000000000401914004;3092;230
000000000400071003;3074;58
000000000000661795;3089;17
000000000634844001;3211;107
000000000000052657;3089;564
000000000000991225;3223;89
000000000000121949;3225;49
000000000000503539;3089;496
000000000000019953;3193;100
000000000000007390;3187;1266
000000000000005054;3187;557
000000000000132599;3172;44
000000000000052674;3094;253
000000000000121949;3211;84
000000000000625401;3093;51
000000000000941355;3223;623
000000000000630624;3223;31
000000000400183001;3094;146
000000000400261002;3074;234
000000000000544823;3223;23
000000000000637930;3088;8
000000000000882757;3206;14
000000000650100002;3089;96
000000000000197613;3074;60
000000000000007482;3085;681
000000000000146986;3094;12
000000000000052663;3094;141
000000000650386002;3187;8
000000000000170847;3098;190
000000000000622989;3088;141
000000000000635301;3206;14
000000000000152048;3094;120
000000000000004909;3187;134
000000000000991225;3092;38
000000000000321094;3172;2079
000000000000156185;3093;32
000000000000182334;3093;73
000000000000179987;3086;13
000000000000516748;3193;7722
000000000000165526;3187;146
000000000000585347;3212;87
000000000000749098;3193;153
000000000000663244;3092;53
000000000000146214;3172;28
000000000000613365;3211;52
000000000000052658;3187;360
000000000400185002;3223;208
000000000649484001;3211;198
000000000000641114;3092;43
000000000000347001;3098;72
000000000000645928;3212;76
000000000000560445;3187;232
000000000000180004;3098;56
000000000000604435;3088;55
000000000668190002;3193;113
000000000000211061;3091;31
000000000000024552;3193;267
000000000400433001;3187;157
000000000000663844;3092;579
000000000000118792;3211;49
000000000000177772;3225;117
000000000400308001;3212;5759
000000000000145238;3187;95
000000000000622173;3223;19
000000000000146224;3193;7
000000000000231595;3093;9
000000000402629004;3187;3013
000000000000024631;3093;127
000000000000561536;3074;63
000000000000165488;3091;384
000000000000665212;3088;100
000000000000645720;3187;15
000000000663007001;3098;69
000000000000219335;3085;52
000000000622768002;3193;204
000000000000011506;3225;259
000000000000351786;3211;183
000000000000905315;3091;42
000000000000640476;3088;180
000000000000611728;3094;49
000000000000615396;3206;32
000000000000718537;3094;851
000000000000576448;3193;24
000000000000571228;3223;70
000000000000328254;3093;30
000000000000598872;3212;265
000000000000215161;3211;103
000000000000665901;3212;23
000000000000182607;3180;6
000000000000543099;3187;43
000000000000665273;3092;34
000000000000641109;3212;24
000000000400070001;3085;520
000000000000009451;3091;13
000000000000635684;3187;96
000000000000905315;3085;22
000000000000900819;3180;215
000000000000006143;3206;469
000000000000667839;3098;86
000000000000625401;3098;33
000000000000533072;3085;20
000000000000561188;3093;33
000000000000142838;3093;44
000000000000284090;3093;50
000000000000210979;3206;25
000000000000883205;3193;32
000000000000167455;3089;971
000000000000181372;3092;194
000000000000131441;3225;41
000000000000351785;3074;113
000000000000609808;3206;34
000000000000213721;3092;137
000000000641229002;3092;73
000000000000661118;3098;96
000000000000152770;3089;27
000000000000754766;3091;43
000000000000652481;3212;64
000000000000163735;3091;54
000000000000291653;3225;12
000000000000007482;3206;552
000000000000616932;3086;20
000000000000133175;3223;273
000000000000010570;3086;336
000000000000177772;3088;112
000000000000185022;3223;105
000000000000864253;3088;44
000000000000598873;3074;376
000000000000010680;3085;56
000000000000024729;3187;6748
000000000000668651;3086;16
000000000668190001;3093;185
000000000000007482;3093;555
000000000000146753;3085;102
000000000000164853;3223;123
000000000000588612;3093;61
000000000000647163;3098;66
000000000000046939;3085;124
000000000000614340;3093;282
000000000000133223;3225;47
000000000000128227;3093;94
000000000000647736;3094;186
000000000628439001;3212;173
000000000000721107;3074;195
000000000000179743;3098;31
000000000000007482;3098;457
000000000000632050;3223;24
000000000000712974;3086;2137
000000000000179987;3193;40
000000000000639525;3074;14
000000000000197610;3098;31
000000000000601607;3091;38
000000000402629001;3085;180
000000000654770001;3180;19
000000000000062471;3223;171
000000000000170847;3206;226
000000000000358336;3085;1492
000000000000665610;3223;5
000000000000625810;3086;14
000000000000767398;3206;500
000000000000653352;3172;18
000000000000666914;3098;122
000000000000642687;3225;302
000000000000649041;3086;182
000000000000185005;3172;186
000000000000759335;3089;938
000000000000133435;3094;638
000000000000651225;3088;37
000000000000011214;3089;56
000000000000899948;3074;1819
000000000000567413;3193;50
000000000000010664;3172;62
000000000000198339;3193;296
000000000000955615;3093;59
000000000000510814;3180;100
000000000000010584;3086;286
000000000000005959;3088;905
000000000000052531;3172;121
000000000000760902;3180;111
000000000000300245;3098;42
000000000000900826;3225;241
000000000000868933;3088;81
000000000000781196;3193;52
000000000000625402;3172;126
000000000000955613;3092;29
000000000000607914;3206;227
000000000000349179;3206;870
000000000000215380;3223;701
000000000000665845;3092;44
000000000000324013;3206;106
000000000000127649;3074;46
000000000000147553;3074;402
000000000000622173;3088;39
000000000000632283;3212;24
000000000000198447;3193;299
000000000000900825;3093;225
000000000000141271;3098;94
000000000000518012;3085;32
000000000000913285;3206;78
000000000000667385;3180;72
000000000000638228;3172;60
000000000000598865;3212;408
000000000000667907;3091;34
000000000616726002;3093;49
000000000641229002;3086;50
000000000000164853;3094;151
000000000000543391;3094;12
000000000000667119;3212;23
000000000000611419;3085;198
000000000000018250;3089;249
000000000000133229;3074;292
000000000000194269;3223;50
000000000000004912;3212;774
000000000000642726;3172;20
000000000000163045;3088;60
000000000000173895;3180;30
000000000000721107;3086;279
000000000000191004;3193;57
000000000000009130;3089;240
000000000000010571;3206;126
000000000000648037;3074;34
000000000000351786;3212;132
000000000000196224;3206;69
000000000000622001;3089;264
000000000000356297;3225;22
000000000000056648;3206;61
000000000000154633;3211;33
000000000000637737;3225;35
000000000000630078;3212;25
000000000000119092;3212;78
000000000000649041;3089;155
000000000000759659;3093;96
000000000000062389;3092;25
000000000000031913;3180;58
000000000000200713;3180;20
000000000000156146;3206;263
000000000000964689;3085;259
000000000000006490;3086;119
000000000000327519;3093;113
000000000000629403;3086;21
000000000000158525;3085;196
000000000628439001;3074;54
000000000000167456;3193;138
000000000000017707;3086;165
000000000000665265;3085;49
000000000000218074;3098;292
000000000000638276;3180;39
000000000000606625;3193;319
000000000000213721;3223;41
000000000000173895;3091;46
000000000000132462;3086;2418
000000000000615003;3094;75
000000000000010681;3193;132
000000000000355621;3223;278
000000000000134121;3086;16
000000000000618228;3094;166
000000000000629402;3094;108
000000000000991226;3094;166
000000000000900817;3074;6216
000000000000566684;3092;168
000000000000059809;3089;77
000000000000920545;3094;865
000000000000637755;3212;24
000000000636515001;3212;25
000000000000010517;3092;173
000000000000008527;3088;96
000000000000010647;3093;118
000000000000355961;3085;17
000000000000178086;3225;58
000000000000632934;3085;20
000000000000539908;3093;108
000000000000698846;3098;503
000000000000665610;3088;9
000000000000598867;3193;288
000000000000211158;3093;78
000000000000868933;3187;92
000000000401724010;3093;575
000000000000667119;3094;52
000000000000631121;3180;35
000000000000957753;3212;166
000000000000018112;3212;19
000000000000141193;3223;36
000000000000172482;3091;124
000000000000286465;3086;95
000000000665656002;3225;17
000000000000941355;3074;956
000000000616561002;3172;43
000000000402613001;3094;493
000000000000004933;3212;766
000000000000777211;3085;117
000000000000127649;3187;29
000000000624299003;3098;100
000000000624299003;3180;45
000000000000253327;3086;49
000000000000585802;3206;23
000000000000141205;3180;47
000000000000648980;3193;119
000000000000180013;3180;17
000000000000182568;3223;51
000000000000164853;3089;102
000000000000667610;3225;21
000000000000052674;3092;292
000000000000141820;3089;144
000000000000004973;3206;41
000000000000647737;3098;301
000000000000063027;3098;125
000000000000642688;3193;651
000000000000192562;3193;31
000000000000612504;3223;35
000000000000260876;3206;29
000000000000632050;3172;41
000000000000356297;3187;18
000000000000174442;3206;107
000000000000651225;3092;61
000000000000631668;3193;75
000000000000210484;3092;43
000000000000739681;3225;58
000000000000636570;3074;12
000000000000006490;3092;124
000000000000198339;3092;442
000000000000010591;3172;97
000000000000355621;3092;1341
000000000000863278;3180;33
000000000000872676;3092;226
000000000000645433;3187;29
000000000000018286;3092;51
000000000000668903;3086;45
000000000000882757;3093;22
000000000636515001;3092;178
000000000000011506;3223;201
000000000000189986;3225;109
000000000000017966;3089;26
000000000000612882;3187;52
000000000000010681;3074;111
000000000000013241;3074;53
000000000000786457;3089;20
000000000000872676;3088;75
000000000000645478;3098;132
000000000000620407;3094;1465
000000000654770002;3091;16
000000000000006446;3091;62
000000000000629430;3172;39
000000000000648504;3094;303
000000000000355620;3088;244
000000000000665855;3172;62
000000000000141821;3085;41
000000000000575693;3180;23
000000000000603675;3223;82
000000000000959403;3089;383
000000000000010662;3089;534
000000000000629712;3225;24
000000000402160001;3088;119
000000000000620407;3172;824
000000000000578191;3098;271
000000000000630953;3098;100
000000000000638620;3193;32
000000000000180019;3180;58
000000000000128218;3092;136
000000000000005724;3092;154
000000000000253327;3074;86
000000000000520476;3206;40
000000000000975247;3086;32
000000000000139890;3085;24
000000000000062405;3088;578
000000000000019953;3092;240
000000000000017929;3088;323
000000000000645720;3172;17
000000000000355622;3225;77
000000000000052614;3193;173
000000000000506262;3211;180
000000000000031357;3180;23
000000000640546002;3180;20
000000000000639038;3086;186
000000000000139492;3093;227
000000000402629004;3211;2922
000000000000024562;3085;37
000000000000894768;3211;80
000000000000652481;3086;76
000000000648870003;3223;29
000000000000010526;3187;4559
000000000000612861;3092;70
000000000000355618;3225;1197
000000000624310001;3074;14
000000000000965821;3225;13
000000000000017966;3092;40
000000000000182690;3212;80
000000000000663046;3091;55
000000000000156561;3180;49
000000000000712440;3212;1109
000000000400308002;3206;3473
000000000000553519;3223;74
000000000400329009;3187;237
000000000000174330;3225;68
000000000000575642;3085;34
000000000000133333;3089;105
000000000000668903;3094;181
000000000000035284;3088;50
000000000000642688;3172;836
000000000000933456;3074;52
000000000000623107;3212;38
000000000000638228;3193;48
000000000000174334;3225;38
000000000000543098;3092;58
000000000000635466;3206;77
000000000000628527;3085;94
000000000000546061;3187;27
000000000000191249;3223;21
000000000000616209;3225;32
000000000000185006;3225;86
000000000000052614;3223;76
000000000000358359;3091;451
000000000000004912;3172;431
000000000000141269;3098;125
000000000000131318;3092;47
000000000000169183;3074;150
000000000400329010;3089;503
000000000000643026;3091;115
000000000402163019;3180;103
000000000000007407;3089;29
000000000000506262;3092;129
000000000000868530;3211;93
000000000000558396;3180;102
000000000648870001;3088;56
000000000000355621;3088;1223
000000000000665856;3088;12
000000000000652481;3193;41
000000000000006455;3094;42
000000000000006126;3211;1429
000000000000900826;3092;1572
000000000000616068;3098;52
000000000000253327;3225;68
000000000000607260;3094;24
000000000000006446;3206;49
000000000000653734;3212;37
000000000000210239;3094;686
000000000000018292;3225;388
000000000000553519;3225;153
000000000000275754;3187;12
000000000668610001;3098;82
000000000000185005;3074;135
000000000000358358;3223;8169
000000000000957753;3074;131
000000000000526074;3088;156
000000000000134123;3098;22
000000000000007390;3092;6930
000000000000614356;3180;34
000000000000010577;3223;16
000000000000141402;3212;39
000000000000145237;3211;382
000000000000780172;3074;277
000000000000030966;3085;39
000000000000052720;3225;30
000000000000031913;3206;12
000000000000780172;3092;335
000000000000629430;3088;27
000000000000571222;3223;236
000000000000182568;3211;47
000000000000031221;3088;32
000000000000665609;3206;20
000000000000010008;3092;794
000000000000006526;3092;408
000000000000214187;3092;118
000000000000576448;3088;16
000000000000156146;3091;170
000000000000900821;3193;753
000000000000005961;3172;25
000000000000147606;3187;71
000000000400069001;3180;1439
000000000000169937;3172;28
000000000000975245;3187;71
000000000000665791;3223;52
000000000000920545;3225;279
000000000000164008;3074;53
000000000000771429;3212;54
000000000000013475;3091;41
000000000000053901;3225;200
000000000000516748;3088;2052
000000000641229002;3211;162
000000000000966828;3092;245
000000000000182689;3180;40
000000000000158525;3093;264
000000000000052663;3074;216
000000000000559524;3094;2380
000000000000617381;3180;23
000000000000665901;3086;45
000000000000007482;3180;688
000000000000560445;3086;318
000000000000598865;3088;395
000000000000629402;3172;39
000000000000133179;3193;301
000000000400067004;3089;61
000000000000321550;3085;58
000000000000251252;3098;35
000000000000010631;3094;341
000000000000128218;3074;19
000000000000141870;3187;45
000000000000506071;3098;160
000000000000544823;3089;12
000000000000139922;3089;13
000000000000182707;3225;46
000000000400329009;3212;858
000000000000141360;3172;816
000000000000055532;3172;489
000000000000663244;3223;57
000000000000612504;3094;153
000000000000640173;3088;14
000000000000871178;3093;48
000000000000218597;3098;59
000000000000052387;3211;220
000000000000561242;3172;11
000000000000219335;3091;62
000000000000668188;3223;49
000000000000567912;3088;75
000000000000358336;3206;1398
000000000000046528;3088;407
000000000000355005;3088;55
000000000000506149;3098;49
000000000000641113;3094;43
000000000000133435;3088;600
000000000000024733;3092;7907
000000000000638518;3211;57
000000000000648040;3088;48
000000000000955613;3094;11
000000000000005965;3212;24
000000000000842477;3089;75
000000000000147553;3212;145
000000000000178086;3211;53
000000000000652489;3098;17
000000000000006107;3085;1147
000000000000638934;3094;118
000000000000780173;3180;235
000000000000024735;3086;779
000000000000155394;3223;1494
000000000000351783;3088;193
000000000665922001;3089;58
000000000000010478;3093;23
000000000000668188;3092;39
000000000400183006;3212;123
000000000000017929;3225;304
000000000000816587;3091;649
000000000000877304;3211;82
000000000000176169;3091;274
000000000000211077;3088;97
000000000000192843;3098;18
000000000000615395;3225;37
000000000402251001;3211;23
000000000000178087;3085;82
000000000000648065;3098;63
000000000000180016;3088;26
000000000000628091;3206;99
000000000401927001;3172;42
000000000000182334;3098;121
000000000000621034;3206;123
000000000000132115;3093;22
000000000000607508;3223;18
000000000000355622;3187;35
000000000000616203;3098;10
000000000000618835;3088;40
000000000402160001;3225;17
000000000000214187;3187;38
000000000000005757;3187;297
000000000400329009;3086;398
000000000402197001;3180;94
000000000000616112;3085;15
000000000000652467;3085;56
000000000648870001;3092;106
000000000000010528;3086;59
000000000000188148;3172;1596
000000000000191004;3086;60
000000000000767397;3212;120
000000000000217112;3180;13
000000000645975003;3089;386
000000000401867004;3074;96
000000000000212914;3223;22
000000000000010577;3193;66
000000000000641385;3223;41
000000000000010662;3074;983
000000000000010526;3223;143
000000000400182008;3091;1101
000000000000631254;3098;51
000000000000059805;3088;140
000000000000655684;3089;12
000000000000597755;3091;45
000000000000781196;3089;55
000000000000985415;3074;1173
000000000000663046;3093;24
000000000000052659;3093;311
000000000000010591;3225;25
000000000401862004;3223;22
000000000000031910;3206;279
000000000000629757;3094;1713
000000000401861004;3180;266
000000000000133229;3094;2167
000000000000154632;3187;45
000000000000661118;3091;126
000000000000158886;3091;86
000000000000622002;3089;111
000000000000167455;3223;303
000000000648870004;3088;33
000000000000133179;3089;213
000000000641229002;3089;271
000000000000666004;3094;64
000000000000006451;3225;207
000000000000579994;3206;50
000000000000758872;3098;714
000000000000031357;3091;24
000000000000615396;3098;41
000000000000177512;3225;209
000000000000203455;3092;189
000000000000667695;3074;47
000000000000031911;3092;908
000000000000619699;3098;30
000000000000648980;3225;139
000000000000662372;3093;180
000000000402629004;3172;839
000000000400308001;3187;9805
000000000000008892;3206;164
000000000000668188;3187;51
000000000000635313;3098;143
000000000000880880;3086;353
000000000648870004;3092;46
000000000000933456;3212;178
000000000000571228;3092;2523
000000000000614358;3092;47
000000000000054626;3211;17
000000000000957753;3094;44
000000000000666259;3187;22
000000000000010005;3180;461
000000000636515002;3092;313
000000000402163006;3092;48
000000000000976752;3206;150
000000000000062471;3086;85
000000000645975004;3093;518
000000000000032326;3172;279
000000000000639076;3086;44
000000000000739961;3094;78
000000000000883202;3074;34
000000000000662799;3094;15
000000000000163295;3098;42
000000000000140102;3098;61
000000000000544823;3211;22
000000000000516748;3212;2916
000000000000035284;3089;184
000000000000006455;3225;113
000000000000005753;3089;87
000000000000577226;3074;8
000000000000868530;3089;21
000000000000985414;3094;283
000000000000860193;3093;106
000000000000642726;3223;8
000000000000560511;3089;148
000000000000571222;3094;612
000000000000618835;3074;57
000000000000141404;3223;40
000000000000133342;3093;72
000000000000655096;3092;22
000000000400218002;3091;69
000000000000130196;3098;288
000000000000059809;3074;217
000000000000133179;3074;1113
000000000000024599;3211;89
000000000645975004;3085;604
000000000000018287;3092;127
000000000000351784;3093;38
000000000000133229;3211;106
000000000000645928;3172;40
000000000000665263;3089;119
000000000000667610;3211;54
000000000000198339;3074;672
000000000000639039;3223;292
000000000000351992;3180;6
000000000000005758;3180;33
000000000000634994;3098;109
000000000400218003;3085;53
000000000000128237;3193;137
000000000000731782;3211;231
000000000000880880;3225;32
000000000000666259;3212;111
000000000000567912;3223;1205
000000000000052679;3094;116
000000000000606510;3212;299
000000000000579994;3085;34
000000000400261002;3187;78
000000000000933456;3172;109
000000000000189986;3086;205
000000000000210336;3074;40
000000000000626753;3187;28
000000000000133224;3089;588
000000000000566339;3212;224
000000000000652489;3180;10
000000000000941355;3092;262
000000000000562182;3187;17
000000000000665063;3206;1485
000000000000032326;3086;360
000000000000010008;3193;652
000000000000010630;3094;82
000000000000291653;3211;41
000000000402160001;3172;472
000000000000010591;3094;69
000000000000218917;3085;63
000000000000606698;3098;448
000000000000815281;3206;37
000000000000181828;3098;48
000000000000132599;3187;20
000000000000665845;3225;16
000000000000052657;3212;147
000000000000214184;3211;59
000000000000630952;3206;180
000000000000145238;3172;464
000000000000010577;3172;24
000000000000558053;3225;16
000000000000010012;3211;326
000000000000133333;3187;137
000000000402163005;3223;707
000000000000665845;3094;49
000000000000651990;3088;103
000000000000210336;3172;136
000000000000131318;3211;29
000000000000546916;3206;44
000000000000543098;3086;22
000000000000661795;3092;27
000000000000006518;3094;250
000000000000662257;3089;402
000000000000975247;3088;8
000000000000133175;3225;146
000000000000629771;3187;290
000000000000604495;3089;13
000000000000615004;3086;271
000000000000642688;3187;184
000000000000878691;3085;144
000000000000638916;3211;334
000000000401927001;3089;31
000000000000324013;3098;99
000000000000030951;3093;19
000000000000007387;3225;2683
000000000000053893;3091;680
000000000000615395;3094;50
000000000641229002;3225;301
000000000000225728;3094;72
000000000000141269;3091;111
000000000000544491;3091;22
000000000648870003;3193;47
000000000000648519;3085;11
000000000000665799;3091;8
000000000000010681;3088;195
000000000000913286;3094;1807
000000000000344299;3180;1393
000000000000632050;3089;43
000000000000005542;3085;32
000000000000186376;3212;38
000000000000212914;3212;83
000000000000612883;3172;50
000000000000544759;3089;15
000000000000180031;3091;42
000000000000649222;3088;106
000000000000516747;3085;1361
000000000000170845;3091;487
000000000000643027;3092;239
000000000000901934;3180;394
000000000000648154;3206;29
000000000000133435;3211;577
000000000000176198;3091;28
000000000000635684;3193;60
000000000000573622;3193;33
000000000000139922;3225;24
000000000000649345;3193;274
000000000400067002;3074;328
000000000000615003;3212;42
000000000000147553;3223;243
000000000000217411;3094;49
000000000000210336;3223;126
000000000000501362;3206;223
000000000000544058;3193;70
000000000000638518;3092;82
000000000000052679;3086;30
000000000000604435;3074;80
000000000000611728;3211;38
000000000000215161;3089;118
000000000000901934;3091;246
000000000000612888;3098;52
000000000000668127;3206;161
000000000000641384;3193;67
000000000000632285;3206;85
000000000000206654;3074;14
000000000000278354;3206;25
000000000000651225;3074;168
000000000401914004;3225;28
000000000000781198;3180;53
000000000000639039;3086;185
000000000000015864;3091;117
000000000000146986;3212;102
000000000000010591;3211;11
000000000000667850;3086;6
000000000000533071;3212;166
000000000000024735;3089;481
000000000000140102;3085;38
000000000663007001;3180;63
000000000000047388;3187;140
000000000000520482;3089;61
000000000000665704;3093;68
000000000000561188;3180;27
000000000000189557;3211;78
000000000000575841;3074;17
000000000000344300;3206;186
000000000000618835;3172;41
000000000000622002;3172;113
000000000000666004;3089;26
000000000000752668;3187;32
000000000000913286;3225;41
000000000000614472;3187;62
000000000000612504;3212;49
000000000000604435;3225;46
000000000000665212;3074;107
000000000000637930;3092;9
000000000000141205;3206;44
000000000000665273;3211;21
000000000000877304;3187;177
000000000000148242;3086;44
000000000000663244;3211;47
000000000000960218;3089;105
000000000000007390;3172;4333
000000000000640961;3225;112
000000000400218001;3088;376
000000000000607904;3088;135
000000000000164124;3180;155
000000000648870002;3193;72
000000000000532217;3093;69
000000000000182334;3091;68
000000000000636577;3180;145
000000000624310001;3172;19
000000000000213180;3193;73
000000000000024197;3187;134
000000000000612233;3223;597
000000000400329003;3091;822
000000000000052531;3223;380
000000000000177512;3212;218
000000000639559001;3091;35
000000000000649041;3223;54
000000000000901361;3187;71
000000000000198339;3094;602
000000000000667692;3089;82
000000000000617411;3223;42
000000000400329010;3094;381
000000000000544823;3187;554
000000000000505193;3091;35
000000000000164008;3094;105
000000000000178086;3074;125
000000000000648504;3225;516
000000000000356040;3206;56
000000000668610001;3180;103
000000000000647736;3088;300
000000000000004898;3074;51
000000000000505746;3085;87
000000000000520463;3211;24
000000000000607508;3172;30
000000000000600320;3085;41
000000000000118792;3212;123
000000000000506262;3094;179
000000000648444001;3211;87
000000000000163295;3180;86
000000000000665280;3187;21
000000000000955614;3225;27
000000000000543700;3091;9
000000000000577057;3094;36
000000000000007387;3187;4575
000000000000004909;3088;71
000000000000598865;3092;355
000000000000666259;3088;31
000000000000181877;3089;139
000000000000941356;3091;210
000000000634844001;3074;92
000000000000731601;3206;593
000000000400261003;3098;227
000000000634844001;3089;28
000000000000630078;3088;34
000000000000006456;3098;113
000000000000120517;3211;39
000000000000506262;3193;127
000000000000638621;3187;45
000000000000291510;3074;50
000000000000632241;3093;35
000000000000156146;3180;305
000000000000665212;3212;71
000000000000566684;3089;161
000000000000005959;3225;1327
000000000000355621;3172;495
000000000000646200;3225;13
000000000000505193;3085;43
000000000000128237;3089;187
000000000000035284;3094;40
000000000000842477;3212;72
000000000402135002;3187;249
000000000000668903;3211;50
000000000000165526;3074;197
000000000000651990;3086;52
000000000000597758;3085;29
000000000622768004;3093;154
000000000000152770;3193;31
000000000665656001;3193;160
000000000000652984;3085;79
000000000650386001;3187;16
000000000000178379;3225;35
000000000000606625;3092;247
000000000639559001;3206;47
000000000000637755;3088;30
000000000000646070;3098;2061
000000000000780250;3074;226
000000000000632241;3180;60
000000000000138610;3193;101
000000000000665212;3089;90
000000000400183006;3094;109
000000000000195024;3098;44
000000000000155394;3094;1504
000000000000006126;3193;1948
000000000000178086;3212;158
000000000000215380;3086;675
000000000000018124;3180;18
000000000000194269;3088;201
000000000400067001;3211;69
000000000000005963;3206;2472
000000000000667119;3193;87
000000000000147716;3074;16
000000000000920545;3212;1489
000000000402629006;3074;335
000000000000603916;3225;276
000000000000649041;3187;116
000000000000662372;3180;42
000000000000955615;3180;31
000000000000053893;3085;164
000000000400067001;3089;199
000000000000053809;3223;750
000000000000598873;3086;441
000000000000780173;3091;117
000000000000179368;3091;20
000000000000919940;3098;114
000000000648870002;3225;58
000000000000018250;3212;188
000000000000665263;3094;151
000000000000635083;3088;28
000000000000604435;3089;104
000000000000018137;3212;19
000000000000913286;3193;94
000000000000795025;3172;246
000000000639107002;3085;105
000000000000231595;3206;33
000000000000008509;3088;104
000000000000869698;3206;54
000000000000635726;3093;27
000000000000900819;3206;585
000000000000350937;3172;74
000000000000006107;3093;679
000000000400261002;3094;662
000000000000960217;3172;344
000000000000132462;3089;1073
000000000000018137;3187;32
000000000000018119;3091;680
000000000000010012;3187;331
000000000000899947;3085;568
000000000000611728;3086;71
000000000000163295;3091;25
000000000000878691;3093;173
000000000000640068;3098;45
000000000000937354;3211;26
000000000000618365;3193;12
000000000000900819;3085;35
000000000000197613;3212;51
000000000000603675;3172;54
000000000000141270;3088;183
000000000000138712;3223;5806
000000000000899946;3088;1678
000000000000007493;3074;358
000000000000198339;3088;361
000000000000661594;3206;36
000000000000615835;3094;128
000000000000215161;3074;196
000000000000645478;3093;48
000000000000637737;3074;36
000000000000616733;3074;92
000000000000147552;3180;176
000000000000663245;3225;104
000000000000006526;3225;93
000000000000179983;3180;31
000000000000004912;3094;395
000000000622768002;3225;59
000000000000254525;3206;38
000000000000526074;3086;213
000000000000758872;3206;39
000000000000640143;3086;29
000000000000618365;3187;27
000000000000284478;3211;102
000000000000006106;3093;42
000000000000188150;3085;65
000000000000652003;3091;62
000000000000558396;3091;62
000000000000215154;3094;90
000000000000018123;3225;186
000000000000620407;3088;470
000000000000163045;3193;53
000000000000295085;3225;80
000000000000189987;3088;200
000000000000665855;3225;42
000000000000668125;3180;118
000000000000292183;3223;20
000000000000009640;3211;60
000000000400433002;3187;342
000000000000167456;3211;32
000000000000665610;3172;11
000000000000146214;3223;28
000000000000629430;3223;28
000000000000006674;3093;8
000000000000639787;3088;38
000000000400329005;3206;1169
000000000000612882;3094;59
000000000400433001;3092;269
000000000000638228;3225;96
000000000000179567;3187;147
000000000622768006;3180;202
000000000666059001;3092;48
000000000634901002;3223;85
000000000000510814;3091;35
000000000000005753;3223;72
000000000000355621;3094;382
000000000402032001;3172;18
000000000000019952;3093;89
000000000000665518;3187;18
000000000000030965;3187;1503
000000000000662372;3206;75
000000000000647125;3086;66
000000000000169057;3098;24
000000000000546061;3089;29
000000000000653352;3211;13
000000000000578191;3093;331
000000000000641385;3187;51
000000000000007407;3172;105
000000000000213180;3211;39
000000000000118792;3088;326
000000000000147553;3225;170
000000000639107001;3074;141
000000000400218001;3089;51
000000000000576448;3094;15
000000000000651225;3193;53
000000000000185005;3225;33
000000000000937354;3172;12
000000000000035246;3074;283
000000000000328254;3085;65
000000000000642687;3172;408
000000000000614054;3223;59
000000000000666004;3223;130
000000000000759658;3206;89
000000000000606624;3180;19
000000000648870004;3074;63
000000000000035246;3088;136
000000000000603916;3172;177
000000000000632283;3092;52
000000000000019953;3172;62
000000000400067001;3225;153
000000000402251001;3074;56
000000000000759661;3091;36
000000000000052614;3211;54
000000000000648349;3212;31
000000000000141404;3211;40
000000000665771003;3193;11
000000000000191247;3093;24
000000000000120789;3092;33
000000000000191004;3211;63
000000000000668188;3089;48
000000000000780927;3091;59
000000000000006516;3094;356
000000000000200148;3089;26
000000000000638517;3092;60
000000000000147553;3092;341
000000000000015769;3193;13
000000000000652002;3206;45
000000000000140120;3206;60
000000000000010664;3089;53
000000000000054189;3086;96
000000000000605405;3187;52
000000000400329004;3093;505
000000000000006459;3093;94
000000000000007448;3074;965
000000000000639695;3172;103
000000000000668127;3093;238
000000000000174334;3223;80
000000000000639501;3225;42
000000000000626165;3091;26
000000000000171547;3193;49
000000000000635529;3193;19
000000000000786457;3092;24
000000000000178018;3092;91
000000000666059002;3212;20
000000000000985414;3092;123
000000000400182008;3098;985
000000000616562001;3225;29
000000000000983071;3093;32
000000000000210239;3092;145
000000000000353250;3212;89
000000000000180027;3193;47
000000000401864002;3187;13
000000000000169183;3092;108
000000000634844002;3091;62
000000000000652481;3225;93
000000000000667422;3223;108
000000000000883202;3088;54
000000000000739681;3088;210
000000000000177525;3206;64
000000000000612505;3211;60
000000000000172482;3206;132
000000000000637670;3088;70
000000000000291510;3092;19
000000000000031911;3088;51
000000000000666029;3089;57
000000000000631249;3092;195
000000000000957755;3093;53
000000000000217411;3193;83
000000000000164129;3085;77
000000000000661944;3074;17
000000000000286465;3223;40
000000000000218488;3091;45
000000000000005256;3180;270
000000000000152048;3092;343
000000000000351786;3089;167
000000000000164153;3180;166
000000000000985414;3172;136
000000000000146986;3223;35
000000000000631249;3086;157
000000000000186377;3180;21
000000000000358358;3193;5803
000000000000617380;3094;53
000000000000006516;3223;212
000000000000667600;3074;188
000000000000639695;3223;63
000000000000141193;3172;171
000000000000220630;3074;25
000000000000618836;3193;83
000000000000622002;3193;83
000000000000007515;3088;285
000000000402163019;3098;80
000000000000639041;3086;223
000000000000321550;3098;81
000000000000185006;3193;155
000000000000603675;3212;161
000000000000899946;3225;1892
000000000000666031;3211;38
000000000000010688;3085;109
000000000000344300;3093;231
000000000000160867;3172;162
000000000000638620;3223;24
000000000649484001;3092;206
000000000000612883;3212;35
000000000000665786;3206;225
000000000000621033;3193;383
000000000000031913;3098;155
000000000000172456;3172;44
000000000000629712;3211;72
000000000000056986;3094;123
000000000000010217;3172;65
000000000000166754;3086;53
000000000000631045;3211;24
000000000000154820;3223;99
000000000000612861;3212;85
000000000402135002;3074;193
000000000000652880;3211;71
000000000000052674;3212;162
000000000000652001;3180;72
000000000000635726;3098;35
000000000000132462;3074;2575
000000000000933456;3223;27
000000000668610001;3091;95
000000000401926001;3206;21
000000000000358032;3086;60
000000000000648349;3193;30
000000000400433001;3074;223
000000000000032136;3212;546
000000000402163006;3089;41
000000000000358032;3212;56
000000000000661975;3092;67
000000000000006438;3180;40
000000000000260876;3093;24
000000000000667600;3094;65
000000000000225728;3212;83
000000000000617411;3187;47
000000000000133180;3206;1688
000000000000612882;3211;49
000000000000214578;3098;33
000000000000961236;3086;26
000000000000668141;3211;45
000000000000631045;3086;19
000000000000882758;3172;39
000000000000170845;3093;563
000000000000612505;3088;67
000000000000546061;3172;36
000000000635476002;3180;66
000000000000575145;3180;30
000000000668190002;3172;188
000000000000032326;3089;309
000000000000638934;3092;88
000000000000900826;3172;1111
000000000000617412;3211;45
000000000400055005;3093;100
000000000000298060;3098;162
000000000400329010;3088;455
000000000648444001;3223;1169
000000000402163002;3089;125
000000000000652489;3093;17
000000000000981938;3093;104
000000000000960218;3223;44
000000000000667694;3206;43
000000000400067004;3094;1375
000000000000781199;3092;124
000000000000759661;3085;23
000000000000861944;3088;130
000000000000010528;3223;42
000000000000639039;3088;294
000000000000618835;3211;85
000000000000120517;3086;80
000000000000625402;3211;51
000000000000634412;3193;138
000000000000618228;3088;77
000000000000052531;3094;171
000000000000631249;3193;426
000000000000661975;3223;260
000000000000718537;3086;1262
000000000665922001;3092;346
000000000650100002;3212;140
000000000000141270;3193;167
000000000000641113;3212;132
000000000000661975;3074;70
000000000000606625;3223;201
000000000000505746;3098;195
000000000000707736;3225;15
000000000000005960;3223;334
000000000400183006;3223;30
000000000000641279;3085;21
000000000000052663;3088;103
000000000000034410;3093;53
000000000000634994;3180;113
000000000650386001;3225;8
000000000000810438;3193;40
000000000000739681;3193;159
000000000401867004;3211;45
000000000000300245;3085;28
000000000000147606;3172;37
000000000000008509;3094;101
000000000000177512;3223;1042
000000000400218001;3086;81
000000000000635313;3206;91
000000000000883202;3187;32
000000000000164129;3091;110
000000000000630624;3088;41
000000000000688938;3089;85
000000000000561242;3187;15
000000000000616203;3085;30
000000000648870003;3094;75
000000000000133223;3088;70
000000000000052674;3074;93
000000000000146528;3094;52
000000000000612882;3089;55
000000000000568755;3225;69
000000000000007413;3212;58
000000000000291653;3088;49
000000000000052391;3223;91
000000000000152048;3187;107
000000000000180027;3094;25
000000000000576939;3098;55
000000000400261002;3089;67
000000000000646386;3193;316
000000000000146214;3088;78
000000000000559524;3092;1582
000000000000544759;3092;32
000000000000544169;3089;14
000000000401867012;3093;25
000000000000907292;3180;364
000000000000900826;3086;824
000000000000291653;3086;25
000000000654827004;3180;11
000000000000668127;3091;146
000000000000156144;3088;82
000000000000180017;3193;35
000000000654770001;3098;37
000000000000900817;3223;5871
000000000000639787;3094;51
000000000000145238;3212;162
000000000000663844;3089;439
000000000000631323;3187;37
000000000000576939;3206;32
000000000000641114;3193;67
000000000000630076;3085;17
000000000000616985;3093;317
000000000000054189;3193;1293
000000000000645720;3088;16
000000000000008509;3223;119
000000000000030964;3180;36
000000000000651225;3086;59
000000000000539998;3187;134
000000000000519804;3086;139
000000000000637931;3193;15
000000000000666102;3098;843
000000000634844002;3098;22
000000000000035284;3086;96
000000000000134121;3074;56
000000000402163013;3091;35
000000000000635931;3172;276
000000000000177512;3086;2613
000000000000567912;3089;31
000000000000628528;3091;42
000000000648870001;3094;59
000000000000031221;3094;22
000000000000147553;3089;203
000000000000052720;3223;10
000000000000133179;3172;263
000000000000663844;3223;423
000000000000008591;3091;27
000000000000214186;3085;92
000000000000626636;3193;505
000000000000008914;3092;726
000000000400071004;3094;35
000000000000284090;3180;37
000000000000052612;3212;301
000000000000188150;3091;70
000000000000020321;3098;127
000000000000210189;3187;102
000000000000616985;3091;212
000000000000635529;3172;13
000000000000565609;3225;47
000000000000558053;3092;24
000000000000010528;3089;28
000000000000641093;3098;86
000000000000663845;3180;327
000000000402197001;3085;95
000000000000182690;3172;60
000000000000639076;3172;40
000000000637411002;3091;64
000000000000197613;3089;55
000000000000640010;3093;44
000000000000172469;3098;121
000000000000160867;3074;120
000000000665922001;3088;59
000000000000598865;3187;280
000000000000046939;3093;45
000000000000665402;3172;39
000000000000667762;3093;39
000000000000213571;3091;118
000000000400308001;3088;2890
000000000000133223;3074;99
000000000000128223;3172;116
000000000000639855;3098;1133
000000000000913286;3212;84
000000000000015532;3093;111
000000000000647716;3089;100
000000000000665715;3074;18
000000000000007448;3088;416
000000000000900820;3089;337
000000000000739961;3074;267
000000000000139940;3085;52
000000000000543391;3187;18
000000000000649042;3085;97
000000000000649868;3172;21
000000000000052612;3223;185
000000000400218002;3093;151
000000000000562182;3225;26
000000000000623594;3091;174
000000000402124001;3212;161
000000000000566684;3193;731
000000000000616933;3085;16
000000000000006486;3092;187
000000000000628011;3091;326
000000000000606428;3180;24
000000000000052634;3091;117
000000000000960218;3086;169
000000000000668188;3172;32
000000000000634412;3223;148
000000000000213396;3206;15
000000000000603916;3211;199
000000000000816588;3085;422
000000000648870003;3092;57
000000000000667610;3092;39
000000000000007387;3094;1561
000000000000666032;3098;65
000000000000015769;3074;35
000000000000010216;3094;55
000000000000035196;3085;41
000000000000141360;3212;1263
000000000622768004;3091;136
000000000000635083;3086;30
000000000000351787;3206;77
000000000000603916;3092;218
000000000000638619;3091;20
000000000000648349;3225;25
000000000000647737;3091;235
000000000400433001;3094;235
000000000000639787;3212;28
000000000000006535;3088;157
000000000000127649;3193;86
000000000000625809;3085;33
000000000000612504;3088;75
000000000000640959;3212;1709
000000000000006466;3193;52
000000000000179743;3093;42
000000000000010571;3098;86
000000000000640959;3225;517
000000000000832664;3089;63
000000000000018122;3180;53
000000000000032389;3206;1456
000000000000005155;3093;50
000000000000024735;3088;925
000000000000645724;3172;268
000000000000199738;3172;231
000000000000622474;3172;98
000000000000558422;3180;256
000000000000650823;3085;240
000000000000663844;3225;388
000000000000900821;3088;2834
000000000000006490;3211;183
000000000000004973;3093;45
000000000000010517;3088;331
000000000000558053;3187;31
000000000000179744;3092;45
000000000000632940;3206;82
000000000000604435;3086;261
000000000000624684;3074;140
000000000000571232;3212;1065
000000000000900820;3088;2185
000000000000759336;3172;2505
000000000000215153;3098;37
000000000000612883;3089;51
000000000000615004;3074;129
000000000000291510;3089;72
000000000000618835;3092;138
000000000000176636;3093;90
000000000000758871;3085;39
000000000000060385;3085;219
000000000000652985;3206;24
000000000000612504;3086;59
000000000000052658;3074;463
000000000000192563;3085;145
000000000000579749;3172;461
000000000000598873;3172;412
000000000000544169;3193;96
000000000000648980;3172;239
000000000000663244;3094;92
000000000000015769;3172;27
000000000000146986;3193;28
000000000000845600;3088;23
000000000000248328;3180;698
000000000000585347;3223;37
000000000000665610;3074;17
000000000000973574;3187;5
000000000000214589;3098;278
000000000000017734;3094;49
000000000000139492;3180;313
000000000000020318;3212;77
000000000000158375;3092;123
000000000000665187;3085;27
000000000000052657;3074;159
000000000000639038;3094;102
000000000000177770;3187;66
000000000000615836;3093;132
000000000000639041;3211;52
000000000000213396;3180;17
000000000000030965;3092;65
000000000000005724;3193;72
000000000000667672;3086;12
000000000000005964;3225;396
000000000000052656;3211;77
000000000000616209;3074;18
000000000616561002;3223;32
000000000000185005;3086;111
000000000000052651;3074;233
000000000000632241;3206;25
000000000668190001;3180;195
000000000000298060;3093;71
000000000400329009;3088;477
000000000000163045;3089;40
000000000000665187;3091;31
000000000000200148;3088;48
000000000616562001;3193;37
000000000000878691;3180;185
000000000000899947;3093;977
000000000000211158;3091;62
000000000000900821;3211;178
000000000000056648;3093;55
000000000000516749;3092;717
000000000000008558;3206;24
000000000000649314;3091;510
000000000000615003;3088;62
000000000000059685;3088;88
000000000000650655;3092;42
000000000000046939;3180;134
000000000000350937;3094;25
000000000645975003;3193;251
000000000000667692;3223;42
000000000000539998;3086;55
000000000000777211;3098;174
000000000000170845;3180;355
000000000000146214;3086;24
000000000000135092;3172;377
000000000000152770;3086;23
000000000400067004;3172;266
000000000000668903;3172;83
000000000000688938;3092;584
000000000000133181;3085;92
000000000000568764;3180;22
000000000000631249;3172;204
000000000000543099;3193;17
000000000000605708;3193;381
000000000000031910;3093;465
000000000000780250;3086;74
000000000000032136;3211;124
000000000000210295;3225;137
000000000000291227;3206;98
000000000000007515;3223;175
000000000000649042;3180;143
000000000000639789;3088;530
000000000000666029;3223;71
000000000000982844;3092;65
000000000000214187;3211;52
000000000000663845;3206;227
000000000000018287;3211;129
000000000000031915;3085;116
000000000000128237;3172;150
000000000000901361;3092;78
000000000000217922;3206;74
000000000000646834;3212;15
000000000401864001;3212;21
000000000665656001;3086;17
000000000000018119;3085;900
000000000400072001;3094;42
000000000000614054;3225;35
000000000000614340;3180;293
000000000000721107;3211;28
000000000000351783;3193;163
000000000400183001;3211;144
000000000000645453;3093;71
000000000000864254;3093;106
000000000000639788;3098;47
000000000000009451;3098;23
000000000000158375;3089;49
000000000000060385;3091;290
000000000000666101;3172;349
000000000000647716;3172;147
000000000000010517;3212;178
000000000000578191;3085;432
000000000000666029;3074;101
000000000000047391;3091;138
000000000000120517;3187;140
000000000634901001;3094;67
000000000000598873;3088;382
000000000000156144;3225;53
000000000000203383;3206;28
000000000000163045;3094;57
000000000000017659;3074;59
000000000000146527;3098;51
000000000000533072;3093;39
000000000000005964;3086;1316
000000000000158375;3094;159
000000000000010008;3211;441
000000000000158522;3091;26
000000000000153589;3085;55
000000000000632285;3093;90
000000000000688938;3094;410
000000000000031628;3180;175
000000000000062405;3092;649
000000000000614113;3180;144
000000000000047388;3086;298
000000000000561155;3085;147
000000000000005758;3091;34
000000000665771003;3089;27
000000000000156144;3092;41
000000000000006442;3212;3453
000000000000198491;3225;4604
000000000000200713;3098;64
000000000000560445;3074;301
000000000000914447;3092;18
000000000000168302;3092;80
000000000000006444;3225;564
000000000000655578;3093;27
000000000000125621;3211;37
000000000000141271;3085;49
000000000000180031;3180;66
000000000000178379;3094;66
000000000000622002;3088;48
000000000000562679;3187;88
000000000000355622;3211;60
000000000000052614;3187;69
000000000000181263;3187;31
000000000000291510;3211;4
000000000000645721;3094;19
000000000000620407;3223;468
000000000000018122;3098;51
000000000000180027;3172;76
000000000000292185;3098;732
000000000000173898;3223;51
000000000000612861;3086;38
000000000400329009;3172;280
000000000000146224;3092;9
000000000000032136;3088;289
000000000000052391;3094;126
000000000000899948;3225;778
000000000000119092;3088;37
000000000000667672;3092;35
000000000645975002;3193;396
000000000000004900;3074;236
000000000000622002;3086;99
000000000000010012;3223;126
000000000000635083;3074;23
000000000000630440;3193;16
000000000000177770;3212;123
000000000634901001;3225;221
000000000000006105;3211;1857
000000000400308002;3085;2541
000000000000638934;3074;76
000000000000006495;3172;170
000000000665771002;3225;15
000000000000638934;3193;121
000000000000119002;3085;1239
000000000000649314;3098;261
000000000000566339;3092;129
000000000000623020;3180;12
000000000000133333;3225;80
000000000000017664;3172;96
000000000000339668;3172;257
000000000000339586;3093;25
000000000000646214;3085;39
000000000000863278;3091;44
000000000000618228;3193;81
000000000000649868;3187;17
000000000000706502;3223;13
000000000000614358;3086;39
000000000000010217;3074;56
000000000000010216;3088;85
000000000000125621;3187;115
000000000000177772;3074;269
000000000000008914;3187;276
000000000000646386;3092;579
000000000000635684;3223;34
000000000000198339;3172;382
000000000000876417;3085;426
000000000000213571;3085;97
000000000000612035;3180;179
000000000000198339;3211;390
000000000000344300;3180;211
000000000000139922;3092;81
000000000000975245;3223;39
000000000622768002;3086;134
000000000000668060;3206;202
000000000000652708;3093;372
000000000000779613;3074;256
000000000000168906;3212;51
000000000000195308;3206;47
000000000000006444;3074;612
000000000400055005;3180;187
000000000000170201;3180;75
000000000000052720;3094;15
000000000000647736;3212;125
000000000000662257;3088;182
000000000000546916;3093;18
000000000400067001;3193;1278
000000000000318983;3180;1926
000000000000024572;3187;2688
000000000000163044;3098;40
000000000000186376;3211;13
000000000000828564;3085;96
000000000000218917;3091;140
000000000000005964;3094;1212
000000000622768006;3091;137
000000000000128218;3225;107
000000000000005756;3180;2343
000000000663007001;3091;73
000000000400329005;3091;464
000000000000010584;3094;249
000000000000168302;3086;48
000000000000146215;3091;19
000000000000010012;3089;173
000000000000321096;3074;170
000000000000581680;3085;29
000000000000176786;3089;28
000000000402163006;3094;30
000000000000607914;3091;206
000000000000018287;3193;718
000000000000291653;3212;31
000000000000006444;3088;729
000000000000006107;3091;1093
000000000000900820;3074;1403
000000000000158479;3180;391
000000000000018123;3193;201
000000000000795025;3074;1728
000000000000661118;3180;87
000000000000054189;3212;1473
000000000000141270;3187;189
000000000000164008;3225;59
000000000000665273;3187;24
000000000000215841;3085;1390
000000000000131318;3172;46
000000000000635529;3223;15
000000000000635684;3225;48
000000000000667803;3172;66
000000000000052656;3223;94
000000000000667610;3074;58
000000000000156144;3211;57
000000000000337024;3074;129
000000000000572837;3098;6
000000000000627770;3074;58
000000000400218003;3093;92
000000000000005961;3223;18
000000000000005759;3086;60
000000000000688937;3085;108
000000000000032136;3193;188
000000000000031416;3193;75
000000000000191249;3225;29
000000000000661944;3088;50
000000000000210257;3092;82
000000000000062405;3211;268
000000000000877304;3193;369
000000000000146224;3089;12
000000000000781021;3180;31
000000000000646203;3085;77
000000000000015864;3098;82
000000000000666166;3093;12
000000000000634412;3092;183
000000000000321094;3193;1600
000000000000991226;3086;132
000000000000177512;3094;2087
000000000000749098;3211;71
000000000000632286;3074;36
000000000645975003;3088;363
000000000000006674;3085;6
000000000000006442;3088;5139
000000000000516747;3091;600
000000000000616202;3088;23
000000000000126791;3206;218
000000000668190001;3091;145
000000000636515001;3172;64
000000000000623594;3085;1109
000000000000566339;3172;507
000000000000652001;3093;73
000000000000621034;3180;589
000000000000638916;3086;58
000000000000324538;3085;44
000000000000141270;3094;625
000000000000024572;3193;4000
000000000000628527;3098;73
000000000000189986;3223;154
000000000000955613;3193;34
000000000000006557;3093;32
000000000000607261;3180;36
000000000000152770;3074;34
000000000000031416;3212;123
000000000000623107;3193;34
000000000000180012;3225;19
000000000000179983;3098;52
000000000000662799;3086;32
000000000000171333;3225;22
000000000000010577;3089;23
000000000648870004;3225;69
000000000400329010;3223;396
000000000000189987;3225;96
000000000000231594;3093;11
000000000650059002;3091;539
000000000000652972;3180;113
000000000000134121;3193;27
000000000000955555;3085;16
000000000000052652;3091;677
000000000000010631;3088;33
000000000000618365;3094;36
000000000000901361;3089;88
000000000000900818;3074;5584
000000000000607896;3085;21
000000000000358032;3088;12
000000000000006444;3187;2731
000000000000503538;3180;1760
000000000665922002;3180;55
000000000000613365;3223;31
000000000000662371;3088;90
000000000000577226;3223;8
000000000000630078;3211;19
000000000000024727;3091;78
000000000000668651;3088;20
000000000000618835;3212;37
000000000654770001;3085;31
000000000000571232;3074;387
000000000000652880;3212;27
000000000000135092;3088;169
000000000000154632;3211;77
000000000401862004;3211;17
000000000000210189;3092;185
000000000401864001;3092;43
000000000000900818;3089;348
000000000000520482;3092;109
000000000000158479;3091;295
000000000000663244;3193;171
000000000628439001;3223;56
000000000000612505;3089;69
000000000000501362;3093;595
000000000000182690;3086;91
000000000000164008;3223;59
000000000000957753;3187;37
000000000000605708;3172;4393
000000000000640873;3086;53
000000000000005757;3223;94
000000000000721107;3223;273
000000000000062471;3225;92
000000000000767398;3180;574
000000000000647123;3225;22
000000000000160867;3212;68
000000000000358358;3212;4048
000000000000665791;3086;58
000000000000010687;3092;63
000000000000955553;3091;18
000000000000214184;3074;78
000000000000138610;3212;63
000000000000133181;3206;158
000000000000188148;3088;1369
000000000000358392;3085;114
000000000000649345;3212;1040
000000000000666015;3211;30
000000000000180009;3172;69
000000000000158523;3212;58
000000000000598872;3187;288
000000000000018137;3094;23
000000000668190002;3211;150
000000000000845600;3187;541
000000000000635083;3211;17
000000000000663046;3206;62
000000000000181372;3187;59
000000000000145238;3094;520
000000000402629003;3088;208
000000000000628711;3094;68
000000000000900817;3211;360
000000000000639525;3172;24
000000000000639789;3094;69
000000000000638518;3223;57
000000000000721107;3193;230
000000000000176786;3225;32
000000000000622001;3172;498
000000000000216960;3212;80
000000000000639076;3225;30
000000000665771001;3223;24
000000000000128227;3180;102
000000000000354906;3180;129
000000000000010216;3193;81
000000000000638620;3172;29
000000000000358031;3223;149
000000000000210239;3088;77
000000000645975002;3187;262
000000000000008527;3092;61
000000000000759335;3086;659
000000000000172456;3187;30
000000000000010511;3089;47
000000000000639936;3206;69
000000000000744843;3098;16
000000000000648145;3098;439
000000000000642688;3074;708
000000000401914004;3193;163
000000000000641109;3086;12
000000000000845600;3193;13
000000000000975247;3212;11
000000000000006526;3089;42
000000000401861004;3085;17
000000000668610002;3180;87
000000000000024733;3089;2739
000000000000759336;3088;169
000000000000017665;3093;64
000000000000639788;3206;38
000000000000520463;3088;42
000000000000960217;3074;137
000000000000008527;3086;89
000000000000635684;3086;35
000000000000164853;3092;131
000000000400433002;3088;971
000000000000607906;3093;261
000000000400218004;3193;308
000000000000321550;3180;129
000000000000655096;3074;10
000000000000598865;3193;395
000000000000640143;3089;47
000000000000650196;3085;70
000000000000118603;3091;26
000000000000653352;3225;3
000000000000182690;3187;328
000000000000786457;3223;20
000000000000018286;3074;172
000000000000156561;3206;25
000000000000163039;3088;33
000000000000215155;3180;140
000000000000146509;3206;44
000000000000009674;3206;48
000000000000052720;3212;27
000000000000191007;3085;106
000000000000132114;3225;14
000000000000164008;3088;77
000000000000565609;3089;39
000000000000614113;3085;37
000000000000620407;3225;362
000000000000667422;3094;185
000000000000815280;3089;36
000000000665922001;3172;100
000000000000662371;3225;52
000000000000006129;3093;575
000000000000031911;3223;903
000000000000181828;3180;39
000000000000217111;3180;21
000000000000781199;3094;39
000000000000053864;3180;38
000000000000147606;3092;38
000000000000615004;3193;200
000000000000141870;3089;56
000000000000052679;3187;45
000000000000585347;3211;41
000000000000562182;3223;20
000000000400183006;3092;113
000000000000754767;3074;272
000000000400067006;3085;47
000000000000543098;3187;6
000000000650386002;3212;8
000000000000005960;3212;518
000000000000649222;3094;155
000000000640546002;3098;26
000000000000623256;3091;68
000000000000052294;3193;228
000000000400055001;3094;250
000000000000173896;3180;60
000000000000810438;3212;65
000000000000145238;3074;118
000000000000640959;3223;1253
000000000000189558;3180;118
000000000000632285;3180;36
000000000000575145;3206;35
000000000000612883;3074;68
000000000000023002;3180;297
000000000000006486;3088;82
000000000000501361;3225;964
000000000000648040;3225;35
000000000000164008;3086;141
000000000000641548;3093;36
000000000000640484;3085;16
000000000000030965;3193;50
000000000000131441;3211;674
000000000000622474;3089;68
000000000000629401;3086;45
000000000000358359;3180;414
000000000000646834;3089;46
000000000000188150;3093;33
000000000402160001;3211;30
000000000000842477;3086;83
000000000000544169;3223;32
000000000000006455;3212;68
000000000000046528;3212;199
000000000000607904;3211;175
000000000000665263;3212;141
000000000000629401;3088;48
000000000000533072;3180;27
000000000000214578;3206;41
000000000000655096;3223;22
000000000000192563;3098;126
000000000000184561;3180;327
000000000000538415;3093;82
000000000000781198;3098;129
000000000000665265;3098;121
000000000000210484;3172;17
000000000000530962;3206;4
000000000000665518;3223;17
000000000000165488;3206;315
000000000000632940;3180;204
000000000000215154;3223;68
000000000000141270;3074;82
000000000400308002;3180;6350
000000000000777211;3206;116
000000000000024599;3193;377
000000000000606625;3086;120
000000000000611421;3206;435
000000000400067001;3092;1200
000000000000543099;3088;18
000000000000637737;3223;54
000000000000646202;3085;536
000000000402032001;3212;39
000000000000575693;3091;30
000000000000752668;3211;71
000000000648870001;3172;60
000000000000781199;3225;30
000000000000607261;3091;51
000000000400433001;3225;25
000000000000154632;3212;162
000000000000175894;3212;12
000000000000010584;3225;77
000000000000146528;3089;37
000000000000667119;3088;23
000000000000637200;3225;7
000000000000976752;3180;344
000000000000560511;3074;89
000000000000544823;3088;12
000000000636515001;3088;66
000000000000641548;3091;68
000000000000941357;3091;44
000000000000180031;3093;83
000000000000141302;3223;74
000000000000604435;3223;179
000000000000631669;3187;40
000000000000598865;3223;169
000000000000543099;3086;18
000000000000006128;3212;37
000000000000006457;3098;521
000000000000985414;3211;84
000000000000119002;3091;500
000000000000181263;3086;37
000000000000653876;3093;30
000000000402163020;3093;21
000000000000631668;3074;126
000000000000618836;3211;99
000000000000544759;3212;9
000000000000052107;3223;201
000000000000560511;3094;89
000000000000642687;3092;307
000000000628439002;3093;34
000000000000622474;3225;36
000000000000155394;3172;1638
000000000400067005;3225;46
000000000000181877;3172;106
000000000000543098;3088;40
000000000000635466;3098;93
000000000000665264;3206;98
000000000400185002;3193;73
000000000000219335;3093;46
000000000000007484;3093;120
000000000664214001;3206;33
000000000000004973;3091;46
000000000000007387;3211;2084
000000000000639038;3172;83
000000000000883202;3092;48
000000000000020318;3187;182
000000000000632283;3225;37
000000000000645433;3074;75
000000000000180013;3093;16
000000000401864001;3074;25
000000000000606624;3098;17
000000000000631161;3094;46
000000000000635529;3187;13
000000000000623020;3098;24
000000000000295085;3092;192
000000000000031915;3206;116
000000000000579994;3091;114
000000000000520463;3187;16
000000000000579994;3180;39
000000000000571222;3193;179
000000000000561524;3206;14
000000000000158523;3187;10
000000000000605708;3211;1869
000000000000176198;3206;25
000000000000006126;3223;2799
000000000000667968;3180;95
000000000000192068;3225;14
000000000000505193;3206;46
000000000000652481;3089;58
000000000000146214;3193;28
000000000000141821;3180;427
000000000000180009;3193;52
000000000400329001;3092;659
000000000401867002;3091;36
000000000000010664;3088;30
000000000000018286;3211;102
000000000000641114;3088;20
000000000000176169;3093;2012
000000000000200148;3086;24
000000000000520463;3094;31
000000000000845600;3074;40
000000000000647737;3093;337
000000000000353250;3092;318
000000000401862004;3187;238
000000000000816588;3098;227
000000000000985918;3172;45
000000000000052679;3193;51
000000000000024735;3092;5415
000000000000318983;3206;163
000000000650386001;3172;16
000000000000024572;3092;4784
000000000000133435;3089;557
000000000000665741;3212;3821
000000000622009001;3211;28
000000000000506262;3225;31
000000000000004900;3086;96
000000000000661975;3211;61
000000000000665063;3098;1252
000000000000163039;3172;42
000000000000818130;3091;81
000000000000648040;3086;34
000000000000006552;3093;64
000000000000561301;3093;17
000000000000780250;3212;47
000000000000638518;3086;16
000000000000053809;3089;962
000000000000031222;3223;14
000000000000629757;3211;2159
000000000665771003;3092;17
000000000000652481;3187;35
000000000000166832;3091;31
000000000668190002;3089;72
000000000000667672;3088;15
000000000000575693;3085;47
000000000628439002;3206;63
000000000000010664;3211;36
000000000000006516;3086;304
000000000000976753;3180;494
000000000000626165;3085;37
000000000400329009;3225;432
000000000000295085;3094;81
000000000000005054;3212;734
000000000000005761;3180;143
000000000000321096;3225;100
000000000000141189;3206;58
000000000000629402;3074;53
000000000000007504;3091;599
000000000402135002;3088;54
000000000000985918;3086;33
000000000000598865;3089;321
000000000000006518;3187;82
000000000000131318;3223;20
000000000000976753;3098;110
000000000000623594;3098;286
000000000000009674;3098;77
000000000000663242;3172;190
000000000000024735;3225;561
000000000000176636;3180;40
000000000400071003;3223;25
000000000000894768;3187;134
000000000000571232;3086;351
000000000000634994;3091;91
000000000000663242;3094;62
000000000000655096;3193;17
000000000000010511;3187;41
000000000000010008;3172;1220
000000000000641109;3211;18
000000000000629403;3089;23
000000000000133229;3089;77
000000000000032326;3212;334
000000000000017739;3098;219
000000000622009002;3206;64
000000000400072001;3088;35
000000000000631249;3089;118
000000000000571228;3089;1585
000000000000646386;3086;234
000000000000017929;3089;364
000000000000174334;3212;113
000000000000231594;3091;13
000000000000712440;3225;430
000000000000631045;3089;75
000000000000350937;3187;15
000000000000147606;3193;26
000000000000052391;3088;163
000000000000731601;3085;145
000000000000006126;3088;1398
000000000000163401;3085;53
000000000000198491;3193;14
000000000000225728;3074;49
000000000000176786;3086;15
000000000000668141;3212;123
000000000000506262;3086;144
000000000000645723;3206;63
000000000000031915;3093;45
000000000665420003;3223;94
000000000000189987;3211;131
000000000401867002;3180;90
000000000000358031;3193;87
000000000000559524;3211;865
000000000000612861;3088;108
000000000000133180;3085;121
000000000000842477;3223;83
000000000000176169;3180;183
000000000000665184;3206;29
000000000000861944;3187;28
000000000000650198;3225;58
000000000000624993;3091;31
000000000401862004;3193;36
000000000402163005;3094;1924
000000000000667429;3094;426
000000000000052107;3225;151
000000000000625303;3206;30
000000000000006518;3089;41
000000000000629403;3094;48
000000000400071004;3089;18
000000000000154633;3225;26
000000000000576448;3187;19
000000000000018287;3088;116
000000000000739961;3172;35
000000000000188148;3094;927
000000000400183006;3187;33
000000000000571222;3086;251
000000000000650419;3180;136
000000000000054626;3089;24
000000000000645928;3223;46
000000000000506264;3085;48
000000000000631323;3223;22
000000000000637200;3212;12
000000000000005474;3094;109
000000000000133179;3212;531
000000000000052674;3223;165
000000000000184561;3206;210
000000000000005753;3092;177
000000000000666101;3088;83
000000000400329004;3206;1169
000000000000119092;3074;69
000000000000203300;3088;12
000000000000616492;3180;57
000000000665420003;3074;164
000000000000277182;3093;136
000000000000133181;3093;1868
000000000000575642;3098;347
000000000000959403;3094;89
000000000000052531;3074;318
000000000000539998;3172;123
000000000000138610;3088;41
000000000000010687;3212;275
000000000000616203;3180;23
000000000000181877;3088;124
000000000000057969;3206;2211
000000000000640873;3092;52
000000000000567413;3212;99
000000000000018119;3180;1056
000000000000612882;3088;44
000000000000353250;3094;98
000000000000008509;3193;65
000000000665922001;3193;248
000000000000607260;3212;32
000000000000351783;3187;166
000000000000145903;3089;98
000000000000062405;3223;1055
000000000400183006;3074;159
000000000000146528;3225;62
000000000000650655;3094;41
000000000000543700;3180;39
000000000000662257;3094;874
000000000000631161;3089;38
000000000000141402;3193;27
000000000000749098;3092;2068
000000000000152767;3093;68
000000000000641113;3225;12
000000000000864253;3187;35
000000000000052531;3088;324
000000000000017664;3086;84
000000000000553519;3092;303
000000000000004898;3089;53
000000000000215155;3093;151
000000000000146215;3093;47
000000000000213721;3074;53
000000000400183001;3223;77
000000000000052294;3089;193
000000000000617380;3074;36
000000000000154632;3092;63
000000000000744843;3180;14
000000000000919940;3093;83
000000000000645723;3093;29
000000000000719281;3223;48
000000000000565453;3223;154
000000000000005724;3223;33
000000000000141404;3086;38
000000000000133229;3172;1403
000000000000024599;3225;64
000000000000518013;3085;85
000000000000342883;3085;94
000000000000005961;3225;42
000000000000519771;3085;26
000000000000010570;3212;83
000000000000298060;3085;166
000000000000308550;3093;14
000000000000005760;3085;152
000000000000623594;3180;214
000000000000959403;3172;167
000000000000638654;3085;20
000000000400433001;3212;255
000000000000544058;3094;79
000000000000641385;3212;54
000000000000616733;3086;23
000000000000629401;3193;114
000000000000638621;3089;41
000000000000005966;3093;12
000000000000900826;3223;246
000000000000621033;3211;282
000000000636515002;3212;38
000000000000133224;3088;444
000000000000647737;3085;126
000000000000004912;3074;833
000000000400055005;3085;248
000000000000558422;3098;295
000000000000985414;3088;106
000000000000010584;3172;79
000000000402613001;3089;632
000000000000692549;3089;18
000000000000031911;3086;195
000000000000292183;3187;12
000000000000629712;3089;41
000000000000639787;3187;26
000000000000182607;3085;40
000000000665656001;3211;25
000000000000985918;3089;37
000000000000010579;3093;93
000000000000621033;3074;871
000000000000141403;3180;35
000000000000355621;3225;668
000000000000712974;3088;1400
000000000000572390;3225;41
000000000000760476;3074;8819
000000000000667815;3206;6
000000000000739961;3225;24
000000000000032389;3093;648
000000000000668651;3089;37
000000000000008914;3074;3760
000000000636515001;3074;57
000000000000957753;3086;83
000000000400218001;3211;348
000000000000646822;3098;149
000000000000630954;3206;132
000000000000164008;3212;57
000000000000641025;3074;527
000000000000637670;3211;142
000000000000356297;3094;24
000000000000549591;3074;77
000000000000642687;3187;109
000000000000052663;3092;268
000000000000568818;3098;17
000000000624310001;3225;24
000000000000506147;3180;56
000000000000292183;3212;63
000000000000780250;3211;70
000000000000759659;3206;76
000000000000611420;3091;293
000000000000612505;3212;46
000000000000907292;3093;60
000000000621962002;3086;36
000000000000128227;3206;108
000000000000614358;3193;18
000000000000062471;3172;99
000000000000544058;3092;75
000000000000663243;3206;81
000000000000612667;3225;132
000000000645975002;3172;439
000000000000639787;3086;33
000000000000623176;3180;80
000000000400183001;3193;33
000000000000141820;3225;30
000000000000611421;3093;346
000000000400185004;3225;161
000000000000598867;3187;223
000000000000191021;3206;66
000000000000203455;3187;1797
000000000000760902;3206;102
000000000000179977;3180;124
000000000000055532;3223;214
000000000000900825;3206;681
000000000000024599;3074;282
000000000000629761;3212;250
000000000000132599;3094;36
000000000000004900;3187;432
000000000000173898;3086;79
000000000000004898;3212;101
000000000000567913;3225;20
000000000000533071;3225;39
000000000000286465;3225;35
000000000000616492;3093;78
000000000000649041;3074;201
000000000000611123;3180;11
000000000000060385;3093;242
000000000000612882;3223;42
000000000000604435;3193;271
000000000000667385;3206;81
000000000000749097;3187;450
000000000000863277;3098;10
000000000000052657;3187;59
000000000000158375;3074;177
000000000000621033;3225;340
000000000000176169;3085;132
000000000000146224;3225;7
000000000000007484;3098;144
000000000634901001;3089;60
000000000000007390;3193;3100
000000000000883202;3089;42
000000000000635466;3180;185
000000000650059002;3093;192
000000000000062405;3187;1254
000000000000571232;3094;290
000000000000614358;3211;13
000000000665091002;3180;24
000000000000612667;3212;320
000000000000648145;3091;113
000000000000146214;3094;25
000000000000568818;3180;18
000000000000641109;3225;25
000000000000171547;3088;91
000000000000877304;3074;173
000000000000739961;3187;47
000000000000667692;3193;87
000000000000985415;3223;1169
000000000000754764;3212;58
000000000000192068;3187;20
000000000000059685;3212;34
000000000631366001;3074;12
000000000000598867;3088;274
000000000000166754;3074;54
000000000000059809;3088;340
000000000000652880;3187;21
000000000000156146;3098;160
000000000000342159;3091;12
000000000400433001;3086;75
000000000000752668;3193;122
000000000000191112;3223;47
000000000000358335;3206;1031
000000000000565453;3193;30
000000000000252158;3091;106
000000000000182571;3180;71
000000000000287807;3206;25
000000000000712440;3223;376
000000000000655578;3091;23
000000000000598865;3074;389
000000000000009130;3094;226
000000000000759336;3193;2422
000000000000967746;3085;15
000000000000010584;3212;50
000000000000638934;3089;87
000000000000639936;3085;76
000000000000961236;3187;17
000000000000203383;3098;25
000000000000665477;3085;45
000000000000654237;3091;23
000000000000629295;3092;80
000000000000666016;3098;43
000000000000008591;3206;33
000000000000172456;3225;22
000000000645975005;3093;710
000000000401862004;3092;16
000000000000010525;3094;33
000000000000176788;3091;34
000000000000141269;3093;64
000000000000146528;3086;42
000000000000561155;3093;448
000000000000164853;3172;172
000000000000561523;3098;12
000000000000647736;3193;303
000000000400071001;3206;97
000000000000760476;3094;9932
000000000000146986;3225;87
000000000000007407;3223;583
000000000000528751;3098;42
000000000000604494;3093;6
000000000665922001;3223;43
000000000000960218;3211;88
000000000000665365;3093;122
000000000000031911;3211;122
000000000000662371;3212;56
000000000648870004;3212;119
000000000000623020;3206;20
000000000000506264;3206;53
000000000000133229;3088;155
000000000000213180;3074;71
000000000000006442;3187;6225
000000000000640873;3193;65
000000000000215380;3092;1629
000000000000180013;3206;23
000000000000622173;3086;72
000000000000666101;3074;502
000000000000629771;3094;164
000000000000281009;3187;80
000000000000639546;3206;138
000000000000652481;3094;55
000000000000007515;3211;106
000000000000163039;3092;60
000000000000198342;3206;112
000000000000180004;3093;85
000000000000660822;3093;6
000000000400218002;3098;166
000000000000158522;3098;27
000000000000630078;3086;24
000000000400261002;3172;375
000000000000901361;3211;72
000000000000218488;3180;46
000000000000211077;3092;200
000000000000568929;3088;31
000000000000216960;3074;75
000000000000007448;3193;454
000000000000533071;3193;38
000000000000626753;3193;75
000000000400069002;3172;145
000000000000141404;3074;20
000000000000649345;3086;222
000000000000139922;3193;53
000000000000622989;3092;70
000000000000864253;3193;134
000000000000899948;3092;1350
000000000000533071;3092;54
000000000000024733;3211;4947
000000000400329001;3211;366
000000000000503540;3085;106
000000000000665610;3086;14
000000000000604342;3074;193
000000000000135488;3094;381
000000000000760476;3212;4821
000000000000024729;3223;6978
000000000000134123;3093;22
000000000000191004;3074;40
000000000000152047;3180;150
000000000000982844;3088;118
000000000000900820;3094;607
000000000000018123;3074;281
000000000000005724;3094;176
000000000000639788;3085;43
000000000000900826;3089;523
000000000000667696;3206;42
000000000000647125;3092;59
000000000000008892;3091;125
000000000000966828;3225;86
000000000000638916;3172;150
000000000000053845;3093;763
000000000000181263;3094;28
000000000000010524;3085;125
000000000650100001;3093;148
000000000000635684;3089;37
000000000000006490;3094;110
000000000000650655;3089;63
000000000000358391;3094;682
000000000000637670;3092;230
000000000000688938;3211;51
000000000000639039;3172;588
000000000000135092;3187;121
000000000000623256;3206;42
000000000000567913;3193;11
000000000000661594;3085;36
000000000000640143;3211;60
000000000000176198;3085;26
000000000000638916;3187;83
000000000000163039;3089;38
000000000645975002;3086;238
000000000636515002;3094;60
000000000000059685;3089;55
000000000648444001;3212;68
000000000000665273;3225;34
000000000000154633;3223;31
000000000000006449;3206;123
000000000000623176;3093;60
000000000000636577;3098;161
000000000000615396;3093;67
000000000000145238;3088;375
000000000000786457;3172;20
000000000000631323;3089;31
000000000000648980;3223;140
000000000649484002;3172;45
000000000000214188;3172;155
000000000000629712;3187;21
000000000402197001;3206;16
000000000000651990;3089;85
000000000000119092;3211;63
000000000000638620;3088;30
000000000000648980;3092;175
000000000000007484;3206;141
000000000000132115;3180;71
000000000000203383;3091;10
000000000000648979;3086;210
000000000000158525;3206;113
000000000000134121;3223;14
000000000400185004;3187;125
000000000000053891;3094;1047
000000000000598865;3094;480
000000000000052720;3074;15
000000000000006442;3074;3223
000000000000766964;3091;17
000000000000017707;3089;153
000000000000652880;3086;25
000000000000005963;3085;3261
000000000000749098;3223;3029
000000000000604495;3225;10
000000000000035246;3092;264
000000000000006444;3223;503
000000000000177512;3074;1679
000000000402135002;3223;73
000000000000006129;3098;257
000000000000009674;3091;78
000000000000647173;3098;43
000000000000004909;3193;20
000000000000178087;3091;37
000000000000661975;3172;114
000000000000665263;3187;165
000000000000203297;3225;15
000000000000618365;3225;17
000000000000585347;3187;105
000000000000005861;3091;97
000000000000667803;3074;36
000000000000046939;3206;141
000000000000358032;3193;63
000000000000160867;3088;105
000000000648870004;3086;74
000000000402163002;3223;477
000000000000014362;3091;41
000000000000665273;3074;21
000000000000253327;3089;55
000000000000170132;3172;166
000000000000179983;3091;23
000000000000668188;3193;75
000000000000174295;3085;91
000000000000141270;3086;243
000000000000640873;3089;43
000000000000031416;3089;17
000000000000007605;3085;155
000000000000666015;3086;22
000000000648870004;3193;66
000000000000639855;3091;67
000000000000291653;3187;47
000000000000572390;3092;20
000000000000598867;3074;273
000000000000639039;3193;197
000000000000566339;3193;127
000000000000900818;3223;5716
000000000000824569;3225;53
000000000000627253;3206;100
000000000000641385;3094;91
000000000401861010;3098;16
000000000000641093;3093;27
000000000000957753;3193;28
000000000000623176;3098;89
000000000000006466;3074;167
000000000000007390;3088;3086
000000000000566344;3074;204
000000000000573622;3225;98
000000000000731782;3225;493
000000000000781199;3074;47
000000000000623107;3094;30
000000000639107002;3180;62
000000000000544491;3180;16
000000000000604495;3193;22
000000000000640960;3085;151
000000000000181878;3088;75
000000000000638934;3172;188
000000000000718537;3212;2093
000000000000031356;3085;39
000000000000006486;3223;71
000000000000213571;3093;156
000000000000638532;3098;316
000000000000351786;3086;331
000000000000358358;3094;8187
000000000000018112;3092;64
000000000000510814;3098;140
000000000000601607;3206;20
000000000000198491;3094;642
000000000000665715;3212;34
000000000000739681;3094;256
000000000648870002;3088;72
000000000000188148;3086;987
000000000000765475;3206;65
000000000000639038;3089;40
000000000000706502;3225;12
000000000616726002;3180;68
000000000000200148;3223;24
000000000000007484;3085;67
000000000400329001;3193;997
000000000000215264;3206;16
000000000000622002;3074;112
000000000000017664;3187;41
000000000000052531;3187;274
000000000000355621;3211;311
000000000000692549;3088;22
000000000000006128;3094;29
000000000000010591;3223;88
000000000668910001;3089;49
000000000000899946;3211;2564
000000000000291510;3223;23
000000000000057969;3091;639
000000000000180049;3098;52
000000000000648504;3187;12
000000000000505749;3223;64
000000000000173898;3089;49
000000000402613002;3093;2532
000000000000635301;3098;24
000000000000180027;3088;78
000000000000645721;3193;167
000000000000179987;3089;38
000000000000628711;3086;572
000000000000342158;3172;36
000000000400329001;3172;731
000000000402629001;3091;612
000000000000178369;3187;30
000000000000133229;3223;420
000000000000164153;3098;54
000000000000006519;3223;913
000000000000013241;3094;92
000000000000052294;3223;81
000000000000154820;3225;18
000000000000005758;3093;30
000000000000009228;3094;451
000000000000024197;3225;110
000000000000358335;3085;1388
000000000000165524;3180;49
000000000000615003;3172;88
000000000000663156;3180;270
000000000000666102;3093;334
000000000000688937;3091;58
000000000000631249;3088;163
000000000000278354;3091;26
000000000000603916;3212;256
000000000000577057;3211;62
000000000000010688;3098;164
000000000000667803;3092;64
000000000000163401;3206;72
000000000000119092;3225;31
000000000000005756;3206;1140
000000000000010217;3212;137
000000000000883205;3223;40
000000000000015532;3180;79
000000000000007407;3212;227
000000000654770001;3206;71
000000000000955613;3086;11
000000000000570705;3172;55
000000000000568929;3089;28
000000000000648349;3172;36
000000000000198342;3085;78
000000000000056986;3211;108
000000000000629295;3187;46
000000000000358031;3225;92
000000000000561188;3085;5
000000000000203455;3212;41
000000000000607896;3093;24
000000000000006516;3211;74
000000000000900816;3180;3144
000000000000615835;3193;113
000000000000625401;3206;32
000000000402629003;3193;594
000000000000054189;3089;1503
000000000000009452;3091;13
000000000000624684;3092;194
000000000619006002;3180;35
000000000000059809;3092;340
000000000000179744;3223;21
000000000000010662;3223;24
000000000000210393;3212;295
000000000000655096;3094;9
000000000000055532;3187;221
000000000000189557;3187;117
000000000000611420;3180;258
000000000000645453;3206;25
000000000000667263;3098;70
000000000000549591;3211;87
000000000000217412;3094;62
000000000000059685;3193;80
000000000000199738;3193;240
000000000400055004;3098;364
000000000000991226;3172;86
000000000000351785;3187;94
000000000000124981;3094;162
000000000000612888;3180;24
000000000000665741;3089;127
000000000000023776;3093;57
000000000000010680;3093;94
000000000000520463;3092;41
000000000000605405;3092;68
000000000000182689;3098;37
000000000000661854;3098;131
000000000000133333;3092;438
000000000000121949;3088;45
000000000000663243;3091;56
000000000000643026;3098;207
000000000000665280;3211;19
000000000000147716;3193;48
000000000000663245;3211;76
000000000000009228;3172;665
000000000000661975;3193;107
000000000000203455;3172;881
000000000648870001;3074;141
000000000000627254;3180;44
000000000000170080;3093;124
000000000000168914;3093;20
000000000400308001;3092;7069
000000000624310002;3225;36
000000000000164129;3180;86
000000000000665263;3223;12
000000000000868933;3086;44
000000000000052656;3187;84
000000000000966828;3094;73
000000000000615003;3089;45
000000000000004909;3223;18
000000000648444001;3086;31
000000000000640068;3093;94
000000000000619701;3091;23
000000000624310002;3086;30
000000000000872676;3223;126
000000000645975002;3211;267
000000000000637200;3211;4
000000000000612883;3086;69
000000000000053901;3211;334
000000000000055532;3074;499
000000000000544823;3094;17
000000000628439001;3086;47
000000000000604495;3212;36
000000000000046528;3089;428
000000000000618365;3223;18
000000000000648154;3180;65
000000000000231595;3180;20
000000000000180031;3206;45
000000000000321094;3212;2030
000000000000781195;3091;85
000000000000010632;3172;66
000000000000180049;3206;28
000000000000186377;3085;11
000000000000054189;3088;341
000000000000516749;3225;144
000000000000900820;3223;312
000000000000015769;3086;26
000000000000034410;3098;61
000000000000010517;3094;338
000000000000187418;3085;29
000000000000291237;3093;44
000000000000355005;3094;107
000000000000618836;3094;138
000000000000661945;3212;36
000000000000625810;3187;1186
000000000000960217;3211;94
000000000400218001;3187;173
000000000666059002;3211;52
000000000000358031;3092;172
000000000000053809;3086;131
000000000000005961;3088;23
000000000000630076;3091;16
000000000000052391;3172;242
000000000000639936;3091;30
000000000000861944;3172;11
000000000000147553;3172;345
000000000000638228;3088;115
000000000000759661;3180;71
000000000000351785;3211;130
000000000000901934;3093;126
000000000628439001;3193;21
000000000000666259;3074;27
000000000000518013;3091;101
000000000000815281;3091;50
000000000000318983;3091;134
000000000000013241;3223;50
000000000000638916;3193;124
000000000000291510;3086;5
000000000000632283;3094;43
000000000000864254;3085;20
000000000000628091;3091;123
000000000000208698;3092;39
000000000000661945;3211;328
000000000400069002;3086;908
000000000000651225;3094;49
000000000000653352;3187;14
000000000000342158;3193;30
000000000000630624;3172;88
000000000000645478;3180;68
000000000000647468;3091;143
000000000000010632;3089;70
000000000400072001;3172;24
000000000400067002;3211;106
000000000000215161;3092;275
000000000000215380;3211;496
000000000000638621;3225;26
000000000000666004;3088;21
000000000000210393;3094;27
000000000000032136;3092;420
000000000000192594;3211;19
000000000400055004;3085;259
000000000000190995;3206;73
000000000000631323;3092;28
000000000000637200;3223;5
000000000634844001;3212;28
000000000000642688;3088;582
000000000000052720;3211;13
000000000000781198;3093;107
000000000000169937;3211;56
000000000000165524;3093;89
000000000000178386;3091;98
000000000000759659;3180;70
000000000000558396;3098;56
000000000000955556;3091;38
000000000000133435;3187;774
000000000000640959;3074;1403
000000000400329002;3180;956
000000000000006444;3211;135
000000000000960217;3088;177
000000000000877304;3172;319
000000000000646386;3089;251
000000000000017966;3223;52
000000000000191004;3212;46
000000000000565453;3074;68
000000000400071004;3225;34
000000000000627770;3187;77
000000000000174295;3098;99
000000000000598866;3223;87
000000000000286465;3187;39
000000000000164008;3211;90
000000000000544705;3212;86
000000000000628239;3093;123
000000000402613001;3074;478
000000000400218004;3212;128
000000000000208698;3086;34
000000000000141189;3093;56
000000000000647736;3086;190
000000000000628711;3092;140
000000000000668189;3206;68
000000000000938543;3206;63
000000000000251914;3089;87
000000000000561188;3091;16
000000000000585802;3098;24
000000000000628011;3093;141
000000000000616112;3098;24
000000000000052676;3093;113
000000000000619699;3085;17
000000000000167455;3094;1006
000000000402629006;3094;3371
000000000000607904;3094;124
000000000000167455;3187;2172
000000000000615835;3172;169
000000000000005960;3074;196
000000000000275754;3211;55
000000000000780173;3098;143
000000000402629006;3086;3216
000000000000571232;3088;178
000000000401851006;3094;282
000000000000882757;3085;38
000000000000667672;3187;17
000000000000010632;3211;39
000000000000571229;3180;76
000000000000157195;3187;9
000000000000629402;3193;180
000000000000173896;3085;40
000000000000646070;3180;1854
000000000000010681;3086;208
000000000000167456;3092;37
000000000000549591;3094;304
000000000000667600;3212;180
000000000000006531;3093;438
000000000000010647;3180;139
000000000000177512;3089;1614
000000000000638620;3225;29
000000000000060385;3098;249
000000000000203300;3086;19
000000000000203300;3094;18
000000000000203297;3086;42
000000000000006532;3086;305
000000000000611420;3093;142
000000000000176786;3223;41
000000000401724009;3098;6882
000000000000118792;3074;103
000000000000780250;3225;22
000000000000358392;3180;201
000000000000651225;3225;70
000000000000163039;3086;47
000000000000607260;3211;11
000000000000303385;3093;30
000000000000321018;3098;236
000000000000198491;3187;3448
000000000000882758;3193;49
000000000634901001;3223;103
000000000400070001;3091;272
000000000401867009;3206;53
000000000000008509;3187;115
000000000000180018;3223;40
000000000000634412;3211;97
000000000000549591;3086;496
000000000000010526;3212;414
000000000000914447;3172;10
000000000000046528;3225;392
000000000000975247;3187;21
000000000000024197;3088;122
000000000000539998;3193;62
000000000000007518;3085;4196
000000000000141402;3225;26
000000000000010005;3091;388
000000000000133333;3223;95
000000000628439001;3187;606
000000000000646203;3206;107
000000000000046939;3098;117
000000000000006442;3172;4141
000000000000132462;3094;2546
000000000000010525;3223;27
000000000000991226;3193;186
000000000000516749;3172;92
000000000000355005;3212;33
000000000000629430;3086;26
000000000000006105;3092;1979
000000000000141193;3089;52
000000000000666166;3180;23
000000000000177772;3089;203
000000000000163295;3093;22
000000000000328254;3206;89
000000000000731782;3187;1324
000000000000177512;3211;1292
000000000000141269;3085;95
000000000000179567;3089;226
000000000000665845;3193;41
000000000650100002;3211;99
000000000000231595;3085;7
000000000000168906;3223;24
000000000000629761;3187;68
000000000000018123;3211;100
000000000000640068;3091;102
000000000000195308;3091;35
000000000000665402;3089;36
000000000000013241;3212;48
000000000000617911;3180;58
000000000000213721;3094;146
000000000000024599;3092;148
000000000000010681;3092;181
000000000401861010;3206;280
000000000000010511;3094;58
000000000400329010;3193;803
000000000000128223;3223;38
000000000000253327;3172;104
000000000000181372;3094;101
000000000000665791;3092;73
000000000000010688;3091;291
000000000000973574;3225;4
000000000402629004;3193;4276
000000000000009009;3093;229
000000000000176788;3206;84
000000000000052656;3074;96
000000000000185005;3211;70
000000000000010630;3074;28
000000000000650419;3085;144
000000000000298060;3206;68
000000000000174330;3211;128
000000000000749097;3172;2012
000000000000339668;3094;198
000000000000626636;3092;911
000000000636515002;3089;24
000000000000638620;3187;82
000000000000009130;3088;313
000000000000010630;3086;38
000000000000781196;3225;12
000000000000560445;3172;396
000000000000667696;3098;44
000000000000291653;3223;21
000000000000941355;3212;503
000000000000355961;3180;18
000000000000649345;3074;221
000000000000607897;3098;17
000000000000544823;3092;47
000000000000667600;3172;38
000000000000052656;3086;129
000000000000661120;3088;48
000000000000543391;3092;12
000000000000981938;3091;119
000000000000355622;3089;94
000000000000759661;3093;115
000000000668610002;3085;90
000000000000120517;3094;114
000000000000210336;3212;48
000000000000006526;3086;488
000000000000533071;3211;39
000000000000198491;3223;3645
000000000621962002;3088;32
000000000000868530;3088;45
000000000000598867;3089;307
000000000000210239;3193;147
000000000000186376;3223;58
000000000000667692;3088;82
000000000000176786;3172;11
000000000000062405;3089;466
000000000000572837;3093;10
000000000000615003;3074;96
000000000663007002;3098;47
000000000000616112;3093;25
000000000000603675;3074;113
000000000000354906;3091;137
000000000000179744;3086;38
000000000000648980;3089;116
000000000000560511;3211;117
000000000000665845;3187;24
000000000000639525;3089;14
000000000000640010;3098;236
000000000000355620;3089;307
000000000000630954;3093;258
000000000000146224;3212;13
000000000000052107;3211;102
000000000000146215;3206;39
000000000000815280;3212;60
000000000000780172;3212;215
000000000000648145;3085;98
000000000000618836;3088;101
000000000000520476;3098;120
000000000000006444;3172;259
000000000000655684;3172;58
000000000000665264;3091;53
000000000000006455;3092;99
000000000000010577;3088;16
000000000000955614;3092;36
000000000000612233;3187;139
000000000000612861;3223;42
000000000000295106;3091;39
000000000000539292;3091;92
000000000000351785;3094;130
000000000000172469;3093;291
000000000000213570;3180;19
000000000400218004;3225;156
000000000000169057;3206;52
000000000000164153;3093;293
000000000000031023;3085;170
000000000624310001;3187;38
000000000000955614;3088;22
000000000000358032;3223;157
000000000000008527;3074;54
000000000000648154;3091;25
000000000000667850;3172;22
000000000000203297;3172;44
000000000000526074;3211;101
000000000400182008;3085;695
000000000000053893;3180;1555
000000000000337024;3212;49
000000000000661594;3091;47
000000000000121949;3212;32
000000000000632286;3172;68
000000000000688938;3074;199
000000000000937354;3223;8
000000000000991226;3089;197
000000000000648980;3086;120
000000000000665791;3089;51
000000000000630624;3094;102
000000000000655578;3085;7
000000000000818130;3206;67
000000000000749098;3074;529
000000000000171333;3223;22
000000000000639896;3091;276
000000000000225728;3187;58
000000000000018250;3225;166
000000000645975003;3211;326
000000000400329009;3092;714
000000000000132115;3098;40
000000000648870003;3212;42
000000000400218003;3206;129
000000000000211077;3074;150
000000000000666102;3091;616
000000000000668903;3092;101
000000000000648981;3180;97
000000000000901934;3098;356
000000000000871178;3098;48
000000000000561242;3193;20
000000000000649868;3092;56
000000000000616820;3085;48
000000000000217411;3223;46
000000000401867012;3180;61
000000000000163896;3091;66
000000000000983071;3085;39
000000000000213180;3086;42
000000000000180016;3172;16
000000000000140119;3092;42
000000000000006457;3093;850
000000000628439001;3092;38
000000000000024572;3089;2447
000000000000018137;3193;47
000000000401914004;3089;160
000000000000568755;3212;230
000000000000612667;3092;198
000000000000052392;3206;256
000000000402163020;3098;29
000000000000864254;3098;162
000000000000195308;3098;27
000000000000900818;3193;5055
000000000000649639;3093;31
000000000000213571;3180;101
000000000000662047;3091;13
000000000000009671;3206;62
000000000000217111;3085;19
000000000000561536;3094;74
000000000000631121;3085;103
000000000666059001;3211;72
000000000000006519;3225;442
000000000000145237;3094;408
000000000000653352;3094;20
000000000000501361;3088;1973
000000000000648980;3211;160
000000000000206654;3193;21
000000000000210239;3211;210
000000000000169183;3223;102
000000000000217922;3098;110
000000000000629761;3094;76
000000000000185148;3180;219
000000000000059685;3094;65
000000000622768002;3211;152
000000000400071001;3180;73
000000000000638916;3088;52
000000000000546061;3193;77
000000000000158479;3206;60
000000000000324538;3093;83
000000000000615003;3193;87
000000000000007515;3074;109
000000000000617411;3074;26
000000000400218001;3212;121
000000000000179567;3094;160
000000000000560915;3074;32
000000000000607897;3091;18
000000000000642688;3211;233
000000000000920545;3092;2490
000000000000292185;3093;182
000000000000648037;3187;12
000000000000605708;3088;2340
000000000402163002;3092;78
000000000000553519;3193;215
000000000645975004;3180;427
000000000000633967;3098;246
000000000000631161;3187;38
000000000000005961;3212;9
000000000000169663;3085;52
000000000000005966;3098;9
000000000000126791;3180;180
000000000000629761;3211;150
000000000645975001;3180;454
000000000000667803;3211;11
000000000000010632;3074;58
000000000000005758;3098;26
000000000000615396;3091;44
000000000000621034;3091;690
000000000000008645;3092;38
000000000000007515;3086;253
000000000000616492;3098;57
000000000000127649;3094;32
000000000000308550;3098;22
000000000648870002;3223;50
000000000000138610;3092;84
000000000000010216;3074;70
000000000000647173;3180;87
000000000000174299;3180;96
000000000000613458;3092;43
000000000000712974;3212;2486
000000000000641113;3092;195
000000000000712974;3074;1126
000000000000186377;3206;19
000000000402251001;3089;42
000000000000248328;3206;33
000000000000140119;3074;29
000000000000826649;3180;66
000000000000966828;3187;64
000000000665771003;3074;25
000000000000031911;3089;93
000000000000355630;3206;1019
000000000000355005;3211;51
000000000400067002;3225;57
000000000402629004;3225;1082
000000000000035284;3092;113
000000000000631668;3211;36
000000000000629430;3074;69
000000000000154634;3093;102
000000000000005960;3211;140
000000000000163039;3187;45
000000000000131318;3187;27
000000000000976752;3091;100
000000000000667263;3093;61
000000000000661120;3172;50
000000000000781196;3223;24
000000000000203300;3193;6
000000000665656002;3212;39
000000000400067002;3212;48
000000000000153589;3091;62
000000000000626753;3223;24
000000000000612883;3193;27
000000000000636570;3172;12
000000000000031222;3089;12
000000000000356040;3091;42
000000000000641385;3089;119
000000000000631121;3091;147
000000000000543828;3187;9
000000000400069002;3089;78
000000000000189987;3193;275
000000000000174299;3093;70
000000000000355904;3098;60
000000000000052612;3074;592
000000000000960218;3225;65
000000000000618228;3223;47
000000000000007407;3086;725
000000000000621033;3089;281
000000000000010511;3193;57
000000000000212914;3092;68
000000000000024729;3212;5456
000000000000749097;3225;169
000000000000845600;3211;22
000000000400329003;3180;2763
000000000000560445;3225;146
000000000000637670;3172;126
000000000000933456;3086;108
000000000000018292;3074;333
000000000000616820;3180;1333
000000000000503540;3098;669
000000000000868933;3172;105
000000000000006449;3091;91
000000000000337024;3225;28
000000000624310001;3089;32
000000000000639501;3074;68
000000000000342883;3091;75
000000000000210484;3187;46
000000000402160009;3091;148
000000000000629757;3089;810
000000000000665901;3187;10
000000000000899946;3187;1415
000000000000142088;3225;93
000000000000668127;3180;251
000000000000138610;3225;37
000000000000651999;3093;65
000000000000163735;3093;76
000000000000639695;3086;76
000000000000168906;3225;29
000000000000612667;3172;385
000000000000139940;3093;53
000000000000650197;3091;115
000000000000650198;3187;53
000000000000120294;3206;244
000000000400071001;3098;60
000000000000666166;3091;18
000000000000011214;3094;139
000000000000635529;3094;8
000000000000015769;3092;15
000000000000132599;3225;16
000000000000132114;3089;39
000000000000960218;3074;52
000000000000653734;3172;41
000000000000133224;3225;288
000000000000568929;3092;27
000000000000845600;3094;21
000000000000154632;3223;46
000000000622768004;3206;127
000000000000629402;3223;28
000000000000174334;3074;49
000000000000966828;3074;254
000000000000579994;3098;116
000000000000169663;3093;133
000000000000501362;3098;488
000000000000571232;3089;239
000000000000544491;3093;13
000000000000780927;3098;26
000000000000632286;3223;90
000000000000024562;3206;55
000000000000008914;3089;563
000000000000566339;3211;182
000000000000598872;3089;290
000000000000179368;3093;52
000000000000175894;3172;28
000000000000215154;3211;39
000000000000010528;3094;32
000000000000880880;3088;68
000000000000358358;3092;14595
000000000000186376;3074;32
000000000400067001;3187;97
000000000000210484;3212;46
000000000000576939;3180;32
000000000000655096;3086;20
000000000000937354;3092;18
000000000000018137;3225;23
000000000000631045;3223;19
000000000000638619;3180;32
000000000000173896;3091;27
000000000000616932;3225;7
000000000400183006;3088;262
000000000000199738;3223;211
000000000000064466;3206;23
000000000000156561;3098;65
000000000000604435;3211;93
000000000000957755;3091;77
000000000000018123;3172;1717
000000000668610002;3211;397
000000000000575145;3086;24
000000000000617911;3225;59
000000000000650626;3172;30
000000000000628011;3074;233
000000000636515001;3091;34
000000000000172469;3089;126
000000000000585243;3098;173
000000000000648979;3091;138
000000000000640961;3093;31
000000000000617381;3193;21
000000000000180013;3088;25
000000000000609808;3092;60
000000000000624993;3092;39
000000000000576939;3223;29
000000000665091002;3225;24
000000000000166832;3172;39
000000000000197613;3091;51
000000000000646214;3211;22
000000000000617911;3094;49
000000000000501362;3089;190
000000000000571232;3206;484
000000000000182334;3211;64
000000000400308001;3180;4248
000000000000147552;3211;284
000000000000964689;3089;194
000000000645975005;3074;820
000000000000018250;3085;294
000000000000645721;3093;17
000000000000603675;3093;87
000000000000006438;3187;36
000000000000623176;3092;40
000000000000017665;3089;62
000000000000211061;3089;104
000000000000196224;3092;47
000000000000007484;3089;110
000000000000660822;3074;7
000000000000639546;3172;182
000000000000176169;3094;348
000000000000635313;3193;485
000000000000645928;3098;61
000000000000358335;3211;1016
000000000402160005;3074;41
000000000000164129;3088;93
000000000000358336;3225;1487
000000000000006466;3091;68
000000000000650198;3085;140
000000000000629762;3092;3896
000000000000615836;3212;92
000000000000277182;3223;78
000000000000006446;3212;86
000000000000668917;3225;94
000000000000121724;3092;182
000000000000868530;3206;17
000000000000284478;3180;43
000000000000213571;3225;97
000000000000955553;3094;22
000000000000214184;3085;43
000000000000913285;3094;1786
000000000665771003;3206;18
000000000000153589;3187;53
000000000000006105;3098;1879
000000000000298060;3211;102
000000000000217111;3187;14
000000000645975003;3091;352
000000000000625303;3223;29
000000000000179987;3206;29
000000000000180030;3074;49
000000000000666914;3088;61
000000000000214589;3223;351
000000000401724015;3074;856
000000000000156561;3074;64
000000000000213259;3225;12
000000000000652002;3172;59
000000000000598872;3085;294
000000000000863275;3094;74
000000000000668127;3074;250
000000000000665799;3086;23
000000000000621936;3088;42
000000000000006490;3091;120
000000000000621035;3193;462
000000000000606624;3074;10
000000000000642723;3074;16
000000000000231595;3187;24
000000000000667422;3180;98
000000000000010478;3172;42
000000000000938543;3223;27
000000000000665264;3092;40
000000000000579994;3074;81
000000000665771003;3180;16
000000000000815281;3089;59
000000000000781199;3085;45
000000000000350937;3093;35
000000000000158479;3088;512
000000000000005964;3093;3436
000000000000628528;3211;46
000000000000351784;3086;204
000000000000667762;3092;114
000000000000982844;3098;33
000000000000666914;3212;197
000000000000004912;3180;622
000000000000005759;3085;35
000000000000731601;3187;42
000000000000648154;3193;69
000000000000673438;3225;208
000000000000653352;3098;16
000000000401927001;3085;23
000000000000191104;3172;77
000000000000132114;3091;46
000000000000665063;3086;2628
000000000000616820;3074;1296
000000000000632934;3212;12
000000000400067006;3212;62
000000000000004901;3172;101
000000000000627254;3088;53
000000000000120294;3074;177
000000000000011016;3092;142
000000000000004909;3093;53
000000000000652003;3193;46
000000000000170080;3193;262
000000000000607260;3098;24
000000000000544171;3094;105
000000000000919940;3212;100
000000000000300245;3225;6
000000000000006444;3093;102
000000000000009671;3187;1682
000000000000868530;3085;114
000000000000914447;3206;12
000000000000046939;3092;187
000000000000653876;3172;22
000000000000189558;3187;121
000000000650386001;3093;25
000000000000170132;3098;53
000000000000284662;3223;126
000000000000863275;3187;72
000000000000007087;3187;155
000000000000164008;3180;107
000000000000146215;3086;17
000000000000625676;3086;278
000000000000252158;3193;291
000000000000128228;3225;31
000000000663007002;3092;59
000000000000615003;3098;64
000000000000648145;3074;143
000000000000625809;3088;54
000000000000598872;3098;254
000000000000568818;3223;23
000000000000139890;3088;25
000000000000646070;3172;126
000000000000138712;3091;3593
000000000000539292;3223;68
000000000000170080;3074;256
000000000000135488;3085;444
000000000000172469;3094;232
000000000000210257;3093;29
000000000000017734;3206;71
000000000000629762;3172;3211
000000000000189557;3206;83
000000000000666016;3086;25
000000000000543099;3098;46
000000000000210403;3172;163
000000000000184561;3225;204
000000000000826649;3187;82
000000000000544169;3206;11
000000000000661594;3172;31
000000000000625809;3089;29
000000000000252158;3086;266
000000000000520476;3223;38
000000000000164153;3225;227
000000000000957755;3092;90
000000000000612806;3212;657
000000000000197610;3223;36
000000000000163044;3074;32
000000000000053864;3094;458
000000000400067005;3098;62
000000000649484001;3180;149
000000000000577226;3085;12
000000000000648145;3212;109
000000000641229001;3094;353
000000000000625809;3187;36
000000000000170845;3193;244
000000000000642687;3180;86
000000000000759659;3086;135
000000000400182008;3089;835
000000000000634834;3211;112
000000000000004909;3091;67
000000000000009671;3193;101
000000000000006128;3085;44
000000000000052391;3093;41
000000000000645723;3193;215
000000000000186377;3086;19
000000000000959403;3098;353
000000000000358335;3225;1108
000000000000053809;3206;65
000000000000506264;3193;16
000000000000182334;3225;93
000000000000579800;3212;344
000000000000141821;3193;397
000000000000005959;3091;1239
000000000000506149;3212;53
000000000000006517;3180;44
000000000000539908;3212;220
000000000000300245;3212;9
000000000000621936;3092;88
000000000400329001;3091;463
000000000000203455;3091;226
000000000000628528;3187;21
000000000402629001;3074;676
000000000000187005;3074;284
000000000000139940;3086;34
000000000000913285;3089;30
000000000000006668;3086;13
000000000000665274;3187;17
000000000000006126;3098;1008
000000000000666102;3094;650
000000000000665365;3089;79
000000000000625303;3088;31
000000000000767398;3193;356
000000000000665848;3211;89
000000000000510814;3074;79
000000000000905315;3092;58
000000000000665184;3088;34
000000000000630954;3193;180
000000000000646202;3187;54
000000000000324538;3223;74
000000000000185006;3093;131
000000000000191007;3074;154
000000000000652489;3074;18
000000000000342157;3089;15
000000000000198491;3091;48
000000000663007002;3193;50
000000000000355630;3094;2794
000000000400329003;3187;583
000000000401927001;3093;12
000000000000636577;3212;110
000000000000585802;3074;49
000000000000539998;3091;63
000000000000663046;3211;74
000000000000516543;3086;88
000000000000295106;3225;34
000000000000214578;3187;34
000000000400308002;3212;8017
000000000000744843;3172;31
000000000000601786;3223;37
000000000000667907;3212;2396
000000000402124001;3098;57
000000000000210064;3212;25565
000000000000667385;3086;162
000000000000632285;3193;33
000000000000901934;3225;144
000000000000140119;3093;143
000000000000571222;3098;54
000000000000173895;3092;28
000000000668190001;3088;89
000000000000248328;3212;151
000000000000629403;3091;13
000000000000180009;3091;17
000000000000501362;3223;511
000000000000010586;3223;100
000000000000024552;3093;70
000000000000190995;3094;184
000000000000011016;3193;119
000000000000024668;3074;5452
000000000000571232;3085;115
000000000000005155;3089;39
000000000000612861;3091;62
000000000000558053;3093;18
000000000000635466;3086;49
000000000000178386;3086;94
000000000000663845;3223;198
000000000000662178;3223;73
000000000000005724;3093;71
000000000000208698;3085;28
000000000000146509;3223;546
000000000000688936;3094;49
000000000000187418;3187;47
000000000000665063;3092;3212
000000000000011506;3098;336
000000000000200148;3085;24
000000000000179981;3074;144
000000000000880880;3180;136
000000000000134123;3094;16
000000000000318983;3193;3106
000000000000615003;3180;67
000000000000518013;3212;99
000000000402629001;3225;313
000000000000010647;3187;232
000000000000010688;3211;103
000000000000568818;3225;39
000000000000666032;3225;18
000000000000181372;3091;150
000000000000009228;3098;50
000000000400185002;3093;118
000000000000628528;3225;45
000000000000647163;3172;57
000000000000291237;3193;8
000000000000353250;3180;122
000000000000007101;3088;129
000000000000698846;3074;1641
000000000000156561;3225;12
000000000000139492;3094;229
000000000000503540;3223;642
000000000000863278;3225;27
000000000000024729;3091;2057
000000000000188150;3193;175
000000000000035246;3085;720
000000000000251252;3094;63
000000000000652985;3193;43
000000000000882757;3212;23
000000000000638619;3088;39
000000000000604494;3223;15
000000000000006107;3225;883
000000000000899947;3094;1509
000000000000526074;3093;199
000000000000024552;3206;312
000000000000900819;3211;177
000000000000635313;3172;114
000000000000339668;3098;263
000000000000128237;3098;108
000000000000018286;3085;134
000000000000712440;3091;478
000000000000120789;3098;38
000000000000179981;3086;138
000000000000005964;3180;995
000000000000291227;3172;671
000000000000638934;3091;94
000000000000668189;3086;31
000000000000353250;3206;60
000000000000668060;3092;279
000000000000141403;3088;72
000000000000991226;3206;112
000000000641229001;3223;430
000000000000635726;3225;31
000000000000147553;3098;375
000000000401926001;3223;17
000000000624299003;3092;125
000000000000132114;3180;78
000000000000054189;3098;155
000000000000156185;3088;55
000000000000759658;3074;65
000000000000006129;3212;282
000000000000140120;3088;55
000000000000665786;3212;192
000000000000627770;3180;57
000000000000544759;3180;18
000000000000666004;3091;9
000000000000128227;3086;258
000000000000810437;3094;95
000000000650386001;3180;9
000000000000650197;3211;75
000000000000158886;3212;68
000000000000213721;3206;119
000000000000655684;3093;44
000000000000009130;3085;239
000000000000358336;3187;1038
000000000000607904;3093;366
000000000000639896;3086;134
000000000000052676;3225;19
000000000000506071;3187;90
000000000000876417;3223;307
000000000000767398;3211;410
000000000000597758;3172;66
000000000622009001;3098;31
000000000400069001;3172;195
000000000000600320;3212;46
000000000000731601;3088;71
000000000000128229;3086;402
000000000000164153;3092;437
000000000402629004;3206;2968
000000000000636371;3193;100
000000000000655684;3098;12
000000000000828564;3092;102
000000000000624684;3098;189
000000000000056648;3089;201
000000000000665477;3223;72
000000000000648145;3086;103
000000000000666015;3098;35
000000000000203297;3093;38
000000000000189987;3098;152
000000000000900817;3180;6372
000000000000210403;3094;166
000000000000052658;3091;831
000000000000606428;3074;19
000000000000666071;3187;104
000000000402163013;3088;24
000000000000324538;3092;38
000000000000739681;3206;150
000000000000759661;3225;80
000000000000017659;3091;49
000000000000666102;3092;971
000000000000567912;3093;29
000000000000163401;3074;152
000000000000128223;3098;82
000000000000010570;3206;98
000000000000170845;3088;216
000000000000141402;3180;45
000000000000665275;3211;96
000000000000355621;3098;1243
000000000000141269;3211;50
000000000000883205;3091;19
000000000402124004;3098;253
000000000000649041;3085;154
000000000000613365;3091;39
000000000000006486;3093;133
000000000000520476;3088;140
000000000000585347;3206;131
000000000000135092;3180;102
000000000000031915;3225;38
000000000000198339;3091;503
000000000000606624;3089;25
000000000000194269;3180;64
000000000000630076;3089;16
000000000000864254;3088;77
000000000000178369;3093;22
000000000000169663;3212;253
000000000000052392;3086;199
000000000000604495;3206;9
000000000000016957;3193;164
000000000645975001;3092;221
000000000000133229;3206;128
000000000000876417;3193;1028
000000000000218917;3193;209
000000000637411002;3211;64
000000000000005756;3094;5816
000000000000342158;3180;50
000000000000005873;3223;30
000000000000576448;3180;80
000000000000007482;3223;324
000000000401724001;3212;44
000000000000558422;3092;172
000000000000178089;3088;75
000000000000544058;3206;63
000000000000503538;3211;720
000000000000623107;3098;41
000000000000668917;3223;184
000000000400055005;3094;797
000000000000760902;3089;86
000000000400329001;3180;1634
000000000000342157;3088;35
000000000000572837;3089;9
000000000000826649;3211;22
000000000000321096;3098;95
000000000000231595;3086;20
000000000000163044;3225;29
000000000000260876;3172;45
000000000647039003;3172;13
000000000401724001;3172;451
000000000000638620;3085;23
000000000668190001;3089;129
000000000000607261;3187;23
000000000000172456;3098;38
000000000649484001;3085;15
000000000000179743;3172;119
000000000000214589;3172;175
000000000000626166;3187;88
000000000000287807;3088;24
000000000000006438;3212;60
000000000668190001;3094;99
000000000000647125;3093;95
000000000000018122;3089;47
000000000000628239;3089;81
000000000000118791;3092;63
000000000000017665;3094;66
000000000000119092;3180;71
000000000000625676;3172;793
000000000000010478;3223;21
000000000000983071;3089;34
000000000000018222;3172;80
000000000000667600;3206;64
000000000000355621;3206;506
000000000000575145;3089;39
000000000000650419;3089;122
000000000000628239;3086;27
000000000000321018;3094;337
000000000000286465;3091;93
000000000000214184;3206;39
000000000000216012;3211;79
000000000000215841;3212;1407
000000000000006449;3074;227
000000000000661975;3206;51
000000000000937354;3091;13
000000000000018137;3098;60
000000000000632285;3089;46
000000000000300245;3089;7
000000000000622989;3093;60
000000000000052651;3091;173
000000000000024668;3088;4738
000000000000868933;3091;84
000000000645975005;3092;409
000000000000009340;3225;18
000000000000985414;3091;78
000000000000900816;3223;689
000000000000032389;3193;911
000000000000616933;3223;5
000000000000662372;3092;144
000000000000503540;3089;510
000000000000614113;3092;144
000000000000731601;3211;78
000000000000358358;3091;5787
000000000000629264;3091;36
000000000000355618;3091;2687
000000000668910002;3092;59
000000000000007482;3193;422
000000000000579800;3225;108
000000000402163013;3089;35
000000000000142838;3094;233
000000000000200713;3225;24
000000000402613001;3093;715
000000000000173896;3086;58
000000000000611728;3206;59
000000000000816588;3094;327
000000000000652973;3180;30
000000000000975247;3085;7
000000000000630079;3172;28
000000000000356297;3093;24
000000000000009640;3093;56
000000000000164124;3193;79
000000000000899946;3206;1638
000000000000138610;3180;90
000000000000652466;3085;84
000000000000616985;3211;95
000000000000009671;3092;55
000000000000612808;3089;76
000000000000780172;3091;162
000000000401861004;3074;299
000000000000005756;3086;3969
000000000402613002;3211;1364
000000000000007087;3172;203
000000000000816587;3172;408
000000000000130196;3092;576
000000000000612504;3098;101
000000000000645433;3091;34
000000000000655578;3193;16
000000000401862004;3091;11
000000000000152048;3098;113
000000000000815281;3094;51
000000000000760902;3187;109
000000000000118603;3092;33
000000000000031911;3091;45
000000000000321018;3086;92
000000000000005861;3212;68
000000000000210403;3074;326
000000000000141870;3180;228
000000000000615003;3206;62
000000000000630076;3088;49
000000000000759661;3074;127
000000000000503540;3172;615
000000000000015532;3212;20
000000000000665791;3098;51
000000000000208698;3206;35
000000000000342157;3172;37
000000000000650823;3211;164
000000000000632934;3223;12
000000000000652003;3225;30
000000000000624993;3211;62
000000000000579800;3211;162
000000000000629771;3180;335
000000000000163896;3092;84
000000000000647163;3225;40
000000000000342883;3088;135
000000000000632241;3193;180
000000000000010586;3092;71
000000000000052659;3172;189
000000000000018119;3094;6640
000000000000010647;3212;459
000000000000200713;3172;47
000000000000007448;3206;79
000000000000625676;3094;975
000000000000053957;3211;47
000000000400183006;3206;35
000000000000654237;3086;41
000000000000876417;3088;218
000000000000219335;3089;58
000000000000141271;3074;40
000000000000140102;3187;24
000000000000006459;3193;137
000000000000253711;3172;12
000000000000667422;3206;166
000000000000225728;3085;57
000000000000601607;3092;31
000000000000191247;3172;26
000000000000654237;3223;12
000000000000169663;3088;110
000000000000053957;3225;90
000000000000170845;3089;273
000000000000616933;3086;18
000000000000218597;3223;70
000000000000031357;3223;22
000000000000647468;3223;105
000000000000767397;3098;424
000000000000667610;3180;27
000000000000612667;3206;170
000000000000615396;3211;40
000000000000324013;3212;37
000000000000200713;3086;17
000000000000933456;3093;89
000000000628439001;3098;62
000000000000024572;3098;4389
000000000000135092;3085;180
000000000000344300;3089;278
000000000000977143;3172;32
000000000000661975;3180;126
000000000000342159;3074;30
000000000000575642;3092;548
000000000000612861;3093;60
000000000402629006;3180;1481
000000000000565453;3098;36
000000000000818130;3212;162
000000000000052634;3089;95
000000000000219335;3094;46
000000000000649314;3074;451
000000000000181828;3086;42
000000000000014296;3225;48
000000000000181373;3225;11
000000000000860193;3094;32
000000000000616068;3212;127
000000000000358359;3088;1085
000000000000576939;3211;48
000000000000156561;3212;50
000000000000163896;3211;51
000000000000665365;3211;61
000000000000177770;3085;167
000000000000641385;3098;74
000000000000652700;3172;342
000000000000662371;3093;106
000000000000900816;3088;1494
000000000000872676;3098;334
000000000000145903;3098;251
000000000401914004;3093;166
000000000000292185;3088;175
000000000000059809;3093;333
000000000000630952;3086;37
000000000000182574;3089;25
000000000000503540;3212;586
000000000000666019;3074;22
000000000000181263;3098;44
000000000000024727;3074;228
000000000000010511;3093;87
000000000000218917;3211;19
000000000000131441;3093;357
000000000000010012;3085;122
000000000000005761;3074;121
000000000000575642;3223;186
000000000000665264;3086;291
000000000000633961;3094;40
000000000000616112;3187;28
000000000663007001;3212;93
000000000000141271;3094;528
000000000000006106;3172;133
000000000000208698;3180;33
000000000000646202;3212;376
000000000000609808;3088;35
000000000400433001;3085;45
000000000000611419;3225;105
000000000000661557;3187;65
000000000000018287;3098;155
000000000000005758;3094;57
000000000000612035;3172;158
000000000000121724;3193;44
000000000000941357;3086;795
000000000000254525;3211;35
000000000000667263;3225;28
000000000000047391;3086;632
000000000000176786;3206;33
000000000000566342;3193;124
000000000000009674;3089;99
000000000000179567;3091;190
000000000000174299;3089;78
000000000668610002;3092;107
000000000000165524;3172;138
000000000000617911;3223;67
000000000000287807;3193;29
000000000000214589;3086;307
000000000000601607;3212;28
000000000400218002;3187;200
000000000000355904;3212;30
000000000000559524;3085;37
000000000000169663;3094;93
000000000634844002;3193;112
000000000000010217;3085;14
000000000000638619;3193;34
000000000000688938;3206;106
000000000000133229;3093;291
000000000000140120;3086;31
000000000000759658;3088;89
000000000000518013;3223;72
000000000663007002;3172;164
000000000000668125;3094;110
000000000000134121;3098;20
000000000000647736;3091;266
000000000000218488;3094;29
000000000000647468;3092;180
000000000000864253;3098;54
000000000000053845;3172;266
000000000000215841;3187;279
000000000000549591;3091;27
000000000000200713;3074;36
000000000000173896;3211;53
000000000000899948;3085;1460
000000000000634834;3086;104
000000000000349368;3212;2853
000000000400055004;3094;1549
000000000000666102;3193;663
000000000000349368;3187;6758
000000000400067001;3093;1119
000000000000213571;3074;525
000000000000141193;3085;55
000000000402163020;3074;29
000000000000018222;3187;789
000000000000146509;3094;516
000000000000215380;3091;724
000000000639559001;3088;21
000000000400329004;3225;454
000000000000355005;3085;44
000000000000635684;3098;46
000000000000630954;3086;54
000000000000900819;3086;31
000000000000566339;3206;186
000000000000024668;3212;2413
000000000000645478;3088;47
000000000000179744;3093;48
000000000666059002;3091;28
000000000000628113;3086;799
000000000000185005;3091;36
000000000000180010;3225;17
000000000000133180;3225;3743
000000000400071004;3091;80
000000000000516747;3089;1346
000000000000031221;3206;21
000000000000035196;3086;62
000000000000872676;3093;187
000000000000760902;3086;150
000000000000146527;3225;38
000000000000759335;3093;1553
000000000000544491;3088;20
000000000000665786;3074;195
000000000000133229;3098;143
000000000622009002;3088;107
000000000000652972;3211;93
000000000000639546;3092;170
000000000000178089;3094;105
000000000000892231;3074;16
000000000400072001;3180;68
000000000000217922;3225;173
000000000402163005;3098;49
000000000000561536;3091;52
000000000000008558;3092;39
000000000000163735;3212;114
000000000000182607;3094;245
000000000000638934;3098;152
000000000000983071;3225;29
000000000000006456;3172;55
000000000000665212;3098;77
000000000000053892;3223;496
000000000000218917;3094;13
000000000000640484;3225;13
000000000666059001;3098;50
000000000000692549;3098;20
000000000000308550;3193;13
000000000000606510;3098;234
000000000000642688;3091;1111
000000000000006143;3089;599
000000000000015532;3211;76
000000000000760902;3074;149
000000000000871178;3193;87
000000000000017665;3211;59
000000000000882758;3098;95
000000000000815281;3223;52
000000000000571223;3211;223
000000000639559001;3211;51
000000000000196224;3172;72
000000000616726002;3089;44
000000000000133181;3212;219
000000000000287807;3074;30
000000000000666101;3206;451
000000000000765475;3074;72
000000000000666004;3098;22
000000000000662178;3172;258
000000000000652700;3193;162
000000000000652974;3223;56
000000000000506071;3074;99
000000000402053001;3223;43
000000000000780173;3094;364
000000000000141189;3211;57
000000000000253327;3206;62
000000000000647468;3088;51
000000000000648154;3223;22
000000000000503538;3074;1018
000000000000172482;3089;57
000000000000174295;3074;53
000000000000047388;3085;197
000000000000665855;3180;117
000000000000526074;3206;91
000000000000621936;3223;33
000000000000128229;3223;59
000000000000593462;3092;15
000000000000616203;3223;38
000000000000174442;3172;104
000000000402163013;3187;20
000000000000626165;3223;57
000000000402629003;3206;1067
000000000000166754;3180;91
000000000000006143;3223;42
000000000000351783;3206;109
000000000000006456;3074;63
000000000000180026;3180;33
000000000634901001;3206;195
000000000640546002;3193;27
000000000000781198;3187;40
000000000401724001;3092;1108
000000000000506147;3088;24
000000000000516747;3223;1114
000000000400329002;3088;494
000000000000056986;3206;325
000000000000667696;3225;41
000000000000139890;3223;26
000000000000135092;3091;498
000000000000007087;3193;240
000000000000605405;3206;51
000000000000213570;3092;53
000000000616726002;3193;206
000000000000501361;3206;1204
000000000000007605;3086;858
000000000000789276;3225;64
000000000634901002;3206;183
000000000000758872;3092;1128
000000000000617381;3074;39
000000000000006457;3193;376
000000000000214578;3094;29
000000000000612035;3225;45
000000000000503538;3094;667
000000000000176169;3074;988
000000000000624993;3225;41
000000000000638546;3074;68
000000000000176169;3088;198
000000000000014362;3092;44
000000000000604342;3180;116
000000000000630944;3092;39
000000000000575693;3089;32
000000000000651999;3211;70
000000000000780173;3086;174
000000000000152047;3092;105
000000000000005758;3092;31
000000000000648065;3089;67
000000000000560511;3206;126
000000000000810437;3187;96
000000000000611858;3092;44
000000000000010478;3074;42
000000000000663243;3223;68
000000000000211158;3212;361
000000000000005961;3180;18
000000000000007087;3094;233
000000000000295106;3187;50
000000000000667695;3085;32
000000000000618228;3093;62
000000000000767398;3223;203
000000000000561523;3074;13
000000000000006674;3225;9
000000000000506262;3091;69
000000000000166754;3206;89
000000000000632241;3074;48
000000000000004900;3206;62
000000000401724001;3094;656
000000000000631668;3098;27
000000000000009452;3088;54
000000000636515001;3206;29
000000000000031628;3212;154
000000000000633967;3094;247
000000000000544058;3091;58
000000000000653377;3089;342
000000000000957755;3193;61
000000000000667696;3223;29
000000000000597758;3212;105
000000000000152767;3088;106
000000000000543391;3085;7
000000000000640960;3187;60
000000000000510814;3211;48
000000000000629762;3212;2981
000000000000355005;3206;67
000000000000180013;3172;45
000000000000900819;3172;1247
000000000000616733;3093;49
000000000000006438;3086;46
000000000000688936;3074;131
000000000000612806;3092;893
000000000000567412;3074;32
000000000000180027;3206;20
000000000000214589;3225;491
000000000000053903;3225;85
000000000000632241;3094;156
000000000000558055;3089;16
000000000000652984;3225;138
000000000000560410;3212;30
000000000000519771;3225;18
000000000000009009;3094;196
000000000000218488;3193;102
000000000622768002;3180;244
000000000000010681;3085;94
000000000400261003;3074;155
000000000000018287;3091;249
000000000663007001;3094;62
000000000000156185;3089;40
000000000000128227;3223;59
000000000000616820;3088;1112
000000000000635726;3089;34
000000000000561523;3225;14
000000000000618209;3225;16
000000000000300245;3074;31
000000000000631799;3092;26
000000000000518012;3225;32
000000000400308002;3193;5487
000000000000178089;3092;53
000000000000010586;3212;315
000000000000588612;3211;66
000000000000571232;3098;58
000000000000005966;3193;10
000000000000767397;3206;420
000000000000652700;3088;173
000000000000559524;3180;2235
000000000000016957;3092;208
000000000000141404;3085;34
000000000000133435;3085;560
000000000641229001;3225;441
000000000402053001;3172;36
000000000000158886;3172;96
000000000000005756;3088;3842
000000000000600320;3086;105
000000000000631121;3172;83
000000000000634994;3172;159
000000000000200148;3091;36
000000000000650197;3074;126
000000000000010647;3089;136
000000000000900825;3211;151
000000000000006129;3074;87
000000000000032389;3212;2299
000000000000661119;3212;3278
000000000000210393;3098;38
000000000000668917;3092;1224
000000000000046528;3180;996
000000000665420003;3098;89
000000000000152047;3187;62
000000000665922002;3074;42
000000000000597758;3089;84
000000000639107002;3088;86
000000000647039002;3211;30
000000000000356297;3206;29
000000000000604496;3212;10
000000000000024197;3180;139
000000000000178087;3086;98
000000000000120517;3085;135
000000000616561002;3180;58
000000000400308002;3172;4436
000000000000964689;3086;235
000000000000215155;3086;26
000000000000646070;3212;108
000000000000826649;3074;29
000000000000053864;3172;53
000000000000607911;3094;48
000000000000281009;3093;218
000000000000667385;3172;364
000000000000632285;3074;36
000000000000614355;3172;79
000000000000642688;3085;531
000000000000007605;3172;636
000000000000899947;3193;602
000000000000126791;3187;63
000000000000627253;3211;67
000000000000815281;3074;37
000000000000052538;3211;59
000000000000173896;3088;48
000000000000192563;3187;260
000000000000174295;3211;65
000000000000634943;3089;7
000000000000941356;3187;150
000000000000282932;3225;14
000000000645975004;3225;441
000000000000287807;3187;12
000000000000010012;3093;249
000000000400185004;3206;72
000000000000132115;3094;48
000000000000155394;3098;1732
000000000000883205;3180;56
000000000000516747;3212;968
000000000000006446;3225;104
000000000000626165;3211;70
000000000000638276;3172;19
000000000000985415;3091;862
000000000654770001;3212;94
000000000000641548;3092;20
000000000000668188;3093;39
000000000000611419;3187;400
000000000000170132;3085;69
000000000000614357;3193;24
000000000000292185;3172;228
000000000000006495;3091;38
000000000000860193;3088;27
000000000000663844;3093;436
000000000000638546;3092;100
000000000000666102;3211;239
000000000000120517;3098;130
000000000000053893;3225;218
000000000000642723;3086;14
000000000000619699;3074;31
000000000000655578;3094;7
000000000400071004;3098;84
000000000000516747;3211;386
000000000000214186;3225;48
000000000000358359;3086;1063
000000000000213721;3180;38
000000000000141269;3187;97
000000000402135002;3180;186
000000000400218002;3225;206
000000000000667968;3223;309
000000000000653377;3211;374
000000000000218597;3094;51
000000000000020318;3206;100
000000000000625401;3074;57
000000000000010586;3172;297
000000000000777211;3187;50
000000000000052392;3211;145
000000000000955555;3223;24
000000000000760476;3206;3671
000000000000615835;3085;106
000000000000518013;3074;60
000000000000628113;3092;891
000000000000321550;3094;50
000000000000007518;3074;3634
000000000000668125;3223;103
000000000000539292;3172;179
000000000000147552;3187;535
000000000000173895;3172;95
000000000000008645;3098;38
000000000000615836;3074;62
000000000000005474;3206;17
000000000000251252;3187;23
000000000000860193;3193;163
000000000000631121;3225;51
000000000000010579;3088;77
000000000000024631;3187;110
000000000000191021;3088;101
000000000000615396;3193;73
000000000402163013;3086;230
000000000000006442;3091;4189
000000000000180049;3092;28
000000000000519804;3091;169
000000000000824569;3098;69
000000000000639040;3212;114
000000000000627253;3225;90
000000000000530962;3088;134
000000000400329005;3172;774
000000000000195308;3225;36
000000000000640143;3098;29
000000000000215153;3193;92
000000000000170201;3193;240
000000000000766964;3172;36
000000000000667815;3086;8
000000000000139940;3092;37
000000000000252158;3212;118
000000000000180027;3085;14
000000000000647716;3085;115
000000000000006542;3092;310
000000000000575145;3094;40
000000000000760902;3172;235
000000000000185007;3094;88
000000000000636691;3223;53
000000000000894768;3093;43
000000000000139890;3086;17
000000000000616209;3093;28
000000000000177525;3088;110
000000000000869698;3187;47
000000000000210189;3091;96
000000000000618836;3085;54
000000000000776038;3212;308
000000000000955615;3187;11
000000000000646214;3223;65
000000000000641093;3074;71
000000000000303385;3092;221
000000000000530964;3092;13
000000000000688936;3225;32
000000000000667263;3193;33
000000000000139922;3091;31
000000000000575145;3172;35
000000000000960219;3212;127
000000000000991226;3093;127
000000000401724001;3086;811
000000000000648519;3223;7
000000000000604435;3098;94
000000000000816588;3086;397
000000000645975004;3211;255
000000000650059002;3088;222
000000000000631161;3180;55
000000000000668903;3093;106
000000000000018222;3225;24
000000000000618365;3091;36
000000000000781021;3094;56
000000000400055004;3193;504
000000000000631045;3180;46
000000000000665274;3094;22
000000000000164124;3211;85
000000000000639788;3212;77
000000000000651990;3091;51
000000000000007407;3206;626
000000000000354906;3187;60
000000000000163295;3225;20
000000000000287807;3094;26
000000000000652880;3093;97
000000000000260876;3187;8
000000000000652974;3086;50
000000000000815281;3086;43
000000000000035196;3172;97
000000000000649042;3223;64
000000000000607904;3206;208
000000000000046939;3193;84
000000000000606625;3098;96
000000000634844002;3225;61
000000000000179983;3074;27
000000000000158479;3193;494
000000000000354906;3225;36
000000000000214578;3223;32
000000000666059003;3172;38
000000000000611421;3193;583
000000000000899948;3093;1733
000000000654827002;3193;39
000000000000611421;3212;738
000000000000031023;3092;237
000000000000014362;3094;50
000000000400329003;3088;777
000000000000623326;3074;39
000000000000218099;3187;55
000000000000565453;3085;39
000000000000561208;3193;92
000000000000543393;3172;31
000000000000781021;3193;67
000000000000198342;3225;35
000000000402163019;3089;15
000000000000182689;3223;96
000000000000179977;3187;112
000000000000053893;3074;1356
000000000000019952;3094;124
000000000000155391;3223;17
000000000000146986;3093;82
000000000000632241;3092;160
000000000000663845;3092;285
000000000400218004;3093;160
000000000000561536;3093;122
000000000000631254;3225;41
000000000000665263;3180;198
000000000000218597;3212;62
000000000000192843;3074;23
000000000000009451;3094;17
000000000000052634;3094;125
000000000402629004;3091;1475
000000000000648981;3074;161
000000000000215264;3172;37
000000000000639896;3094;191
000000000000218597;3211;53
000000000400067005;3091;79
000000000000024572;3093;3373
000000000000251252;3086;43
000000000000217412;3091;53
000000000402053001;3074;27
000000000650059002;3223;169
000000000000165526;3180;114
000000000402032001;3098;108
000000000622009002;3211;54
000000000000619700;3225;30
000000000000621034;3088;366
000000000000641114;3098;105
000000000000013908;3094;39
000000000000614357;3094;36
000000000000765475;3172;71
000000000000519804;3098;139
000000000000666031;3180;23
000000000000660822;3187;15
000000000000600320;3094;60
000000000000638518;3180;22
000000000000010524;3193;133
000000000000668189;3092;82
000000000000718537;3206;1345
000000000000731782;3180;299
000000000000182334;3212;120
000000000000640021;3172;331
000000000000731601;3193;1378
000000000402160009;3211;16
000000000650059001;3172;448
000000000000024562;3074;61
000000000000816588;3187;100
000000000000052659;3086;525
000000000000744843;3193;18
000000000000214578;3193;28
000000000000124981;3093;235
000000000000141271;3212;329
000000000000666914;3223;120
000000000000277182;3193;72
000000000000710446;3085;213
000000000000217111;3074;18
000000000000815394;3212;35
000000000000356040;3094;48
000000000000650823;3187;178
000000000000571222;3093;487
000000000000278354;3225;52
000000000000955555;3088;22
000000000000626166;3172;90
000000000000300245;3187;30
000000000000899947;3212;812
000000000000648040;3085;32
000000000000164853;3093;96
000000000000355621;3180;462
000000000000606428;3094;15
000000000000352718;3211;22
000000000000533072;3092;27
000000000000815281;3193;98
000000000000176786;3098;23
000000000000186376;3098;31
000000000000024727;3094;223
000000000000612806;3088;324
000000000000667968;3187;385
000000000000060385;3092;211
000000000000661557;3223;60
000000000000006674;3193;14
000000000645975005;3089;642
000000000000828564;3187;72
000000000000214578;3172;42
000000000000653876;3211;11
000000000000519804;3085;185
000000000000663844;3206;436
000000000000667762;3223;21
000000000000663651;3088;13
000000000000139940;3088;35
000000000000662047;3088;15
000000000000192843;3187;15
000000000000355622;3085;119
000000000000295106;3088;68
000000000000650196;3211;38
000000000000178386;3089;89
000000000000010680;3225;43
000000000000147716;3098;72
000000000400071001;3172;53
000000000000213571;3086;388
000000000000562128;3089;163
000000000000622704;3193;33
000000000000647173;3225;40
000000000000650198;3091;108
000000000000581680;3074;232
000000000401867004;3091;42
000000000000174295;3088;85
000000000000013908;3086;46
000000000000017929;3098;355
000000000000663156;3225;280
000000000000631323;3098;58
000000000622009002;3086;188
000000000000640068;3212;33
000000000000665786;3193;175
000000000000284478;3093;47
000000000000665264;3212;308
000000000000618228;3098;107
000000000000006668;3187;32
000000000000639787;3091;34
000000000000154634;3094;74
000000000000192845;3225;41
000000000000057969;3074;2267
000000000000905315;3088;62
000000000000005542;3086;116
000000000000014296;3172;37
000000000000321786;3225;13
000000000000052387;3091;458
000000000000646822;3094;696
000000000000192563;3172;163
000000000000666029;3091;72
000000000000638621;3180;30
000000000000018250;3206;235
000000000000005756;3074;3380
000000000000180004;3193;52
000000000000010630;3098;45
000000000000152767;3211;84
000000000000976753;3094;373
000000000000146528;3091;48
000000000636515001;3098;126
000000000000277182;3089;98
000000000000277182;3094;66
000000000000625676;3089;284
000000000401724010;3092;1453
000000000000597755;3094;38
000000000000665855;3093;184
000000000000006438;3211;40
000000000000646203;3094;72
000000000000615078;3180;13
000000000000213259;3187;57
000000000647039004;3193;36
000000000000203455;3206;788
000000000000035196;3212;67
000000000400218003;3086;73
000000000000140102;3086;39
000000000000503539;3098;664
000000000000218074;3211;209
000000000000147552;3193;249
000000000000907292;3092;324
000000000000781195;3089;68
000000000000349368;3225;3273
000000000000667907;3223;454
000000000000163735;3193;189
000000000000667694;3094;26
000000000000976753;3211;107
000000000000781021;3088;54
000000000000616733;3091;23
000000000000005757;3091;87
000000000000216012;3172;72
000000000000613365;3180;60
000000000000598865;3206;403
000000000000164153;3172;533
000000000000629757;3093;1936
000000000000215974;3211;70
000000000000760902;3223;53
000000000000210403;3223;40
000000000401927001;3098;35
000000000000216012;3212;169
000000000000571223;3094;557
000000000000166754;3093;97
000000000000062470;3086;161
000000000000899948;3098;1244
000000000000006537;3098;19
000000000000004909;3206;30
000000000000619700;3212;32
000000000000647173;3223;47
000000000000880880;3098;141
000000000000863277;3223;43
000000000000031222;3093;25
000000000000253711;3092;30
000000000000648732;3092;19
000000000000665704;3086;82
000000000000291237;3089;92
000000000000355961;3225;13
000000000000598867;3098;326
000000000000006126;3093;899
000000000000339668;3091;168
000000000000635313;3212;190
000000000000010517;3085;223
000000000400329002;3074;1171
000000000000759659;3089;132
000000000000170080;3223;100
000000000000355961;3193;32
000000000000575693;3225;16
000000000000650823;3193;240
000000000000127649;3206;22
000000000000185148;3094;464
000000000000501361;3180;1686
000000000666059003;3088;29
000000000000665187;3211;30
000000000647039002;3225;22
000000000000179193;3225;23
000000000000635726;3172;36
000000000000005873;3086;83
000000000000654237;3089;17
000000000000662799;3206;19
000000000000218597;3193;39
000000000000719283;3225;48
000000000000665609;3225;11
000000000000543393;3223;9
000000000000168914;3088;247
000000000000878691;3225;98
000000000000516543;3223;315
000000000663007002;3187;16
000000000000941355;3206;90
000000000000576939;3086;44
000000000000625401;3225;24
000000000000627253;3088;68
000000000000649041;3206;146
000000000666059001;3180;63
000000000000606698;3211;154
000000000000164129;3225;116
000000000000561001;3225;24
000000000000031357;3089;24
000000000000518338;3212;173
000000000000291237;3074;22
000000000000154634;3225;43
000000000000616112;3092;44
000000000000607906;3172;265
000000000000152047;3211;79
000000000000955556;3193;20
000000000401867002;3074;91
000000000000214186;3074;447
000000000654770002;3223;12
000000000000646203;3074;97
000000000000120294;3193;237
000000000000191104;3212;107
000000000000140102;3089;22
000000000000612035;3094;54
000000000000667385;3187;128
000000000000006105;3180;2205
000000000000519771;3187;16
000000000000957755;3212;106
000000000000649041;3093;228
000000000000052107;3098;119
000000000000816588;3074;291
000000000000624684;3085;51
000000000000254525;3223;20
000000000000142838;3223;137
000000000000018287;3085;90
000000000000955556;3089;31
000000000634913002;3225;140
000000000000662372;3187;79
000000000000663046;3212;26
000000000000639040;3088;31
000000000000585243;3093;238
000000000000611421;3223;230
000000000401867012;3094;67
000000000000005960;3206;478
000000000000648040;3091;29
000000000000647737;3088;140
000000000402629001;3193;373
000000000000634412;3180;161
000000000000154632;3098;63
000000000000009452;3223;38
000000000000031023;3094;203
000000000000300245;3086;45
000000000000955555;3211;27
000000000000007448;3091;379
000000000000607896;3089;28
000000000000062405;3091;358
000000000000566202;3074;20
000000000000164129;3089;142
000000000000006558;3093;96
000000000000215841;3225;81
000000000000863275;3225;29
000000000668610001;3212;30
000000000000006674;3092;8
000000000000218488;3225;47
000000000000641114;3180;64
000000000000284090;3094;43
000000000000318983;3172;416
000000000000180049;3187;15
000000000000010526;3206;181
000000000000170198;3180;83
000000000000649345;3093;597
000000000000941356;3211;74
000000000000649868;3085;17
000000000622009002;3187;81
000000000000543700;3212;16
000000000000215155;3074;89
000000000400067005;3180;154
000000000663007001;3086;37
000000000000004898;3093;50
000000000000016957;3089;137
000000000000639936;3086;101
000000000000023002;3088;350
000000000000607914;3187;150
000000000000141189;3074;50
000000000000571227;3092;152
000000000000210064;3088;15244
000000000000174299;3212;53
000000000000127649;3180;24
000000000000168914;3092;55
000000000637411001;3074;75
000000000000571222;3206;524
000000000000192594;3098;18
000000000000635301;3088;17
000000000000191246;3193;69
000000000000006438;3074;51
000000000000172469;3193;142
000000000401867002;3211;59
000000000000146753;3089;75
000000000000063027;3089;104
000000000665656001;3085;19
000000000000165526;3098;363
000000000000575693;3211;19
000000000000052652;3193;654
000000000000666031;3085;22
000000000000516747;3193;1300
000000000000631121;3074;71
000000000000006128;3206;21
000000000000006457;3092;957
000000000000135488;3093;259
000000000000561536;3180;144
000000000000665280;3091;15
000000000000966828;3091;86
000000000000652001;3193;48
000000000000139940;3225;52
000000000000913285;3212;36
000000000000760902;3088;63
000000000000006126;3085;2013
000000000000606624;3172;19
000000000000140119;3098;66
000000000000145237;3206;316
000000000000128223;3085;80
000000000647039002;3074;20
000000000000015864;3172;109
000000000000568929;3091;24
000000000000593462;3088;35
000000000000006107;3094;1332
000000000000616112;3223;12
000000000000606510;3085;58
000000000000628091;3212;138
000000000000172482;3212;192
000000000000625303;3092;32
000000000000006106;3223;109
000000000000198491;3085;1285
000000000000698846;3092;1556
000000000000010523;3223;42
000000000622768001;3098;92
000000000000214589;3092;306
000000000000006528;3088;37
000000000000640873;3180;56
000000000000052391;3098;218
000000000000900826;3093;960
000000000000616203;3212;21
000000000000635726;3074;30
000000000000176636;3086;97
000000000000561301;3094;16
000000000000786457;3206;23
000000000000169937;3206;23
000000000000631254;3172;53
000000000000355961;3211;10
000000000000901934;3089;91
000000000000167455;3206;495
000000000000650823;3089;191
000000000000354918;3180;140
000000000000612806;3187;319
000000000000652974;3092;56
000000000000180049;3225;17
000000000000611420;3086;505
000000000000612505;3093;81
000000000000614357;3074;36
000000000624299003;3086;114
000000000000006459;3211;96
000000000000629771;3093;69
000000000000063027;3225;114
000000000000178089;3074;137
000000000000218099;3211;42
000000000000503540;3211;636
000000000000614113;3211;139
000000000000618835;3091;89
000000000000211061;3074;37
000000000000627253;3089;82
000000000000639788;3211;46
000000000000641093;3225;137
000000000000668060;3187;202
000000000000347001;3086;137
000000000000632934;3187;25
000000000000611421;3187;3047
000000000000351784;3225;55
000000000000688937;3211;45
000000000000607906;3212;413
000000000000816588;3223;338
000000000000052659;3212;152
000000000000882757;3223;11
000000000000612883;3091;61
000000000000010571;3223;193
000000000000667696;3086;47
000000000000780927;3094;84
000000000000215154;3093;57
000000000000189537;3098;14
000000000000652003;3172;61
000000000000154634;3074;55
000000000000871178;3225;52
000000000000780173;3092;311
000000000000611858;3193;50
000000000000629402;3180;126
000000000000023002;3094;184
000000000000667429;3206;43
000000000000010577;3180;76
000000000400433001;3098;93
000000000000017739;3172;231
000000000000180017;3180;25
000000000000053893;3089;153
000000000000284662;3225;109
000000000000578191;3089;332
000000000000146224;3098;14
000000000402613002;3187;1203
000000000000356297;3098;72
000000000000198491;3206;1783
000000000000018123;3085;210
000000000000349179;3092;2505
000000000000140120;3211;197
000000000000191112;3098;40
000000000000010586;3225;119
000000000000650655;3098;34
000000000000231594;3088;10
000000000000621033;3091;293
000000000000182689;3074;26
000000000000215155;3094;83
000000000000640068;3092;104
000000000000561155;3212;480
000000000000630953;3225;84
000000000000572390;3098;20
000000000000665365;3212;154
000000000000629757;3098;2423
000000000000153589;3092;141
000000000000606428;3212;12
000000000000133180;3212;3263
000000000000052652;3212;648
000000000000955615;3092;18
000000000000810438;3098;96
000000000000020318;3093;101
000000000000139922;3085;33
000000000000356040;3172;109
000000000000666915;3093;129
000000000000169057;3092;41
000000000400308002;3225;2699
000000000000625676;3223;196
000000000000180010;3172;82
000000000000203383;3225;20
000000000000024570;3211;52
000000000000635466;3187;63
000000000000667968;3193;75
000000000000666101;3093;152
000000000000900827;3172;18
000000000000878691;3092;334
000000000000295106;3212;67
000000000000629401;3098;70
000000000000652001;3086;137
000000000000006451;3098;97
000000000000260876;3089;29
000000000000174295;3193;36
000000000000179368;3187;16
000000000402251001;3206;44
000000000000219335;3092;50
000000000000632241;3187;34
000000000000630952;3225;35
000000000402160001;3206;18
000000000000191250;3088;101
000000000000030966;3225;24
000000000641229002;3206;260
000000000000645720;3098;11
000000000000185005;3180;37
000000000000810437;3223;37
000000000000165524;3212;82
000000000000568755;3085;47
000000000000170080;3086;223
000000000000718537;3091;2888
000000000000182607;3193;14
000000000648870001;3180;63
000000000000688936;3211;52
000000000000571232;3093;728
000000000402160005;3211;48
000000000000578191;3223;158
000000000000004933;3085;1101
000000000000616068;3225;39
000000000000180030;3223;78
000000000000141402;3093;46
000000000000147716;3180;21
000000000622768006;3074;156
000000000000562182;3093;28
000000000000955555;3225;31
000000000000064466;3172;28
000000000401927001;3180;59
000000000000218597;3187;55
000000000000024552;3085;889
000000000000141193;3206;63
000000000000781196;3098;60
000000000000955556;3212;24
000000000000638276;3089;52
000000000000141205;3094;46
000000000000828564;3086;76
000000000000663046;3089;53
000000000000566344;3098;49
000000000000639896;3187;82
000000000000616820;3089;1075
000000000000016957;3088;436
000000000000566342;3092;233
000000000000828564;3212;52
000000000000863275;3092;43
000000000665656002;3180;32
000000000000215154;3091;42
000000000000777211;3225;224
000000000000140120;3212;92
000000000665420002;3092;125
000000000000018287;3093;200
000000000000182568;3085;163
000000000645975005;3187;237
000000000000172738;3223;24
000000000000005256;3211;352
000000000000606428;3172;15
000000000000572390;3206;19
000000000000692549;3206;21
000000000000759336;3091;900
000000000000017966;3098;38
000000000000635466;3193;107
000000000635476002;3211;74
000000000000024727;3223;84
000000000622768004;3092;199
000000000000010631;3085;103
000000000000006442;3085;5195
000000000000539908;3094;114
000000000000630954;3211;61
000000000000561208;3094;58
000000000000655578;3187;20
000000000000024562;3089;43
000000000000156146;3223;460
000000000000192843;3089;14
000000000000976752;3223;293
000000000400218001;3098;193
000000000401926001;3211;33
000000000000278354;3094;47
000000000000630952;3187;34
000000000000650823;3088;184
000000000000134123;3223;136
000000000000636371;3094;183
000000000000218074;3092;232
000000000000648732;3172;11
000000000000024729;3180;3336
000000000000035196;3223;108
000000000000140120;3172;112
000000000402163013;3074;73
000000000000191007;3094;319
000000000000983071;3211;39
000000000000619701;3211;27
000000000000019952;3193;72
000000000000163045;3093;47
000000000000119002;3094;774
000000000000146528;3206;55
000000000000901361;3091;59
000000000000056648;3074;68
000000000000646214;3212;558
000000000000006668;3172;21
000000000000635726;3092;32
000000000000215264;3225;17
000000000000665264;3223;42
000000000000506264;3172;48
000000000000654237;3074;22
000000000400218003;3089;97
000000000000920545;3098;552
000000000000625402;3085;69
000000000000645478;3212;59
000000000000666914;3193;325
000000000000035196;3193;73
000000000000005542;3187;37
000000000000005959;3180;1307
000000000000349368;3172;5699
000000000000006517;3206;50
000000000000661118;3193;290
000000000000628091;3187;85
000000000000639896;3193;433
000000000000206654;3206;37
000000000000518338;3088;246
000000000000347001;3211;149
000000000000140119;3206;66
000000000647039004;3172;22
000000000000190995;3088;233
000000000000604435;3206;90
000000000000731601;3172;448
000000000000186377;3088;15
000000000000170198;3206;13
000000000000616820;3094;1456
000000000000558422;3225;34
000000000000780927;3187;42
000000000000666166;3074;41
000000000000214186;3089;102
000000000000210403;3193;224
000000000000052392;3212;450
000000000000005542;3088;69
000000000000165488;3172;831
000000000000955556;3211;28
000000000000519771;3094;37
000000000000351786;3180;323
000000000000006535;3093;232
000000000000759335;3180;3300
000000000000741322;3074;77
000000000000635931;3091;515
000000000000007453;3223;198
000000000000568818;3092;51
000000000000004973;3094;35
000000000000019952;3088;53
000000000628439002;3086;46
000000000000900816;3172;1237
000000000000640010;3094;49
000000000000008644;3088;85
000000000000190995;3223;61
000000000000665274;3211;12
000000000000558422;3094;172
000000000000013908;3074;14
000000000400218002;3089;156
000000000000031356;3092;44
000000000000651999;3172;77
000000000000639896;3211;222
000000000000291227;3212;36
000000000000665786;3187;230
000000000000053809;3098;83
000000000000158522;3074;57
000000000000053864;3212;32
000000000000173896;3074;73
000000000000189537;3180;193
000000000000506071;3223;40
000000000000018123;3098;286
000000000000005753;3085;84
000000000000900816;3086;1752
000000000000008558;3088;24
000000000000349179;3074;177
000000000000759659;3212;135
000000000000661442;3074;62
000000000000006552;3074;313
000000000000955555;3074;28
000000000000562128;3172;202
000000000000626166;3223;52
000000000000648145;3187;133
000000000000966828;3093;68
000000000000624993;3172;48
000000000000623020;3187;43
000000000000628528;3193;41
000000000000230843;3225;65
000000000000786457;3091;22
000000000000010012;3206;207
000000000000024562;3086;61
000000000000766964;3074;23
000000000635476002;3172;57
000000000000625676;3225;154
000000000000668189;3223;48
000000000000020321;3212;128
000000000000625809;3172;46
000000000400069001;3086;1176
000000000000621034;3225;430
000000000000603916;3180;612
000000000000635301;3092;36
000000000624310002;3093;35
000000000000054626;3091;39
000000000000128227;3212;160
000000000402613002;3223;5656
000000000000052656;3180;71
000000000000635301;3211;27
000000000000941357;3212;118
000000000000284090;3074;73
000000000000615004;3180;89
000000000402163019;3187;12
000000000000663244;3206;83
000000000000607914;3088;229
000000000000631669;3091;39
000000000000863275;3193;36
000000000000128227;3089;90
000000000000519771;3212;14
000000000000158525;3094;606
000000000401861010;3193;277
000000000000004973;3172;173
000000000000211158;3094;85
000000000654770002;3088;12
000000000640546002;3211;61
000000000000539292;3193;91
000000000000899947;3074;1530
000000000000215974;3092;152
000000000000635313;3086;125
000000000000611419;3092;300
000000000000616202;3085;20
000000000000169183;3091;120
000000000000710446;3093;99
000000000000132112;3172;295
000000000000020321;3074;83
000000000400218001;3091;74
000000000000780173;3211;124
000000000000639787;3093;47
000000000000215155;3187;66
000000000000530962;3086;126
000000000000006128;3093;41
000000000000648981;3088;127
000000000000966828;3085;569
000000000000869698;3092;89
000000000000187418;3086;28
000000000000024197;3093;88
000000000000214186;3092;84
000000000000128223;3091;145
000000000400218004;3098;248
000000000000017665;3074;71
000000000000633961;3089;20
000000000000661118;3225;72
000000000000199738;3180;197
000000000000568929;3098;48
000000000000648065;3172;37
000000000000647083;3225;20
000000000000815280;3206;53
000000000000192843;3225;24
000000000000007482;3225;291
000000000665771001;3093;40
000000000000609808;3187;24
000000000000321550;3089;84
000000000647039002;3212;44
000000000401861004;3088;10
000000000000146753;3187;49
000000000000173895;3211;55
000000000000006457;3223;567
000000000000631161;3085;42
000000000654770001;3089;72
000000000000579800;3193;11
000000000000191246;3211;26
000000000000667695;3206;47
000000000000781021;3092;74
000000000000650419;3172;199
000000000000501361;3098;870
000000000000031913;3187;22
000000000000006668;3225;6
000000000663007001;3223;82
000000000000008591;3086;52
000000000640546002;3212;33
000000000000635313;3088;74
000000000000913285;3088;57
000000000000011214;3091;114
000000000000024733;3098;7149
000000000000506147;3089;24
000000000000616820;3193;648
000000000401926001;3094;36
000000000665771001;3180;72
000000000000174442;3211;90
000000000000649314;3172;502
000000000000692549;3093;37
000000000000579800;3092;1147
000000000000009452;3086;28
000000000000172482;3211;234
000000000400218003;3223;492
000000000000005861;3074;79
000000000000006449;3172;182
000000000000351784;3187;70
000000000000167455;3085;528
000000000400185004;3085;45
000000000000059685;3085;39
000000000000955615;3086;13
000000000000019952;3092;116
000000000401861004;3172;357
000000000000251252;3225;57
000000000000655096;3093;16
000000000000631668;3180;33
000000000401724015;3223;467
000000000000651999;3086;71
000000000000665477;3193;53
000000000000633961;3225;39
000000000000973574;3085;7
000000000000506149;3172;43
000000000000355620;3085;218
000000000000009340;3223;98
000000000000618228;3180;68
000000000668610002;3187;70
000000000000010664;3093;45
000000000000561301;3193;24
000000000000052387;3180;497
000000000665771003;3098;24
000000000000665610;3091;8
000000000000014296;3223;51
000000000000011016;3086;144
000000000000211077;3085;83
000000000000013908;3193;22
000000000000606510;3091;46
000000000650059002;3187;243
000000000000625676;3212;240
000000000000052538;3086;77
000000000000358335;3088;1360
000000000000648037;3093;11
000000000000572837;3172;14
000000000000006542;3172;105
000000000665922002;3172;44
000000000000053892;3212;344
000000000000164153;3223;614
000000000650059002;3225;294
000000000000619700;3094;32
000000000000575841;3085;18
000000000000649042;3187;91
000000000650059001;3223;339
000000000624299003;3089;93
000000000000642723;3225;6
000000000000650197;3088;102
000000000000013908;3092;36
000000000000023002;3211;228
000000000000607906;3094;126
000000000000985918;3098;59
000000000000606698;3172;264
000000000000661557;3092;59
000000000000588612;3089;44
000000000000647173;3094;64
000000000000024668;3089;2075
000000000000614113;3212;98
000000000000632286;3091;39
000000000000291227;3193;884
000000000000539292;3074;104
000000000666059003;3092;36
000000000000603916;3098;308
000000000634844002;3092;53
000000000000052674;3180;246
000000000000024197;3206;131
000000000000636577;3088;222
000000000000194269;3091;97
000000000000337024;3180;105
000000000000287807;3211;32
000000000000013241;3093;72
000000000000864254;3223;18
000000000000558422;3089;107
000000000000176198;3223;19
000000000000165524;3092;113
000000000000639896;3092;261
000000000000318983;3089;142
000000000000767398;3074;509
000000000000005759;3093;42
000000000000652972;3193;101
000000000000623020;3092;21
000000000000300245;3092;38
000000000000046939;3225;143
000000000000355005;3091;96
000000000400329003;3223;375
000000000000530962;3225;120
000000000000901934;3092;417
000000000000533072;3172;32
000000000622768004;3089;83
000000000000661557;3212;181
000000000000901934;3086;282
000000000000621035;3094;619
000000000000561155;3223;655
000000000000519804;3206;140
000000000000141205;3187;2197
000000000000567727;3225;21
000000000000660822;3094;4
000000000000230843;3193;58
000000000000546916;3089;19
000000000000252158;3092;163
000000000000615836;3225;27
000000000000636577;3223;143
000000000000913286;3098;104
000000000000358359;3211;304
000000000000579800;3086;198
000000000665922002;3223;146
000000000000008914;3093;423
000000000639107001;3098;61
000000000654770002;3187;94
000000000000660822;3089;13
000000000000010521;3086;517
000000000000169183;3206;137
000000000000663844;3098;535
000000000000789276;3092;68
000000000000005760;3092;176
000000000000615835;3098;81
000000000000603184;3225;145
000000000000776038;3088;208
000000000000213570;3088;45
000000000000176636;3225;41
000000000400433001;3093;29
000000000000180004;3223;45
000000000000561188;3092;50
000000000000619701;3223;15
000000000000152047;3094;158
000000000000056986;3091;192
000000000000976753;3089;188
000000000000578191;3225;160
000000000000018292;3091;451
000000000000055532;3093;227
000000000400067004;3093;274
000000000000024729;3206;1654
000000000000141193;3180;145
000000000000186377;3212;34
000000000000900825;3092;2432
000000000000712974;3091;833
000000000000519804;3180;236
000000000648870002;3206;89
000000000000008645;3091;32
000000000661946002;3187;29
000000000000575693;3088;7
000000000000034410;3193;209
000000000000163896;3225;38
000000000000630079;3088;22
000000000000196224;3088;29
000000000641229001;3193;388
000000000000616985;3094;335
000000000000581680;3094;543
000000000000214589;3094;321
000000000000035246;3093;247
000000000000613365;3093;21
000000000000052391;3085;101
000000000000358392;3212;847
000000000000153589;3074;48
000000000000278354;3074;29
000000000000139890;3089;18
000000000000177770;3098;72
000000000000052524;3212;71
000000000000781196;3093;38
000000000000781021;3211;68
000000000000612233;3098;347
000000000000647163;3094;53
000000000000253327;3091;56
000000000000010008;3091;1016
000000000000878691;3088;195
000000000000630624;3085;92
000000000000318983;3187;155
000000000000880880;3085;201
000000000000863278;3088;75
000000000000005760;3193;73
000000000000957755;3211;60
000000000000252158;3089;99
000000000000185007;3212;183
000000000668610002;3223;87
000000000000864253;3206;108
000000000000213570;3094;22
000000000000180004;3074;52
000000000000637670;3098;154
000000000622768004;3223;54
000000000000052652;3211;122
000000000000607911;3172;50
000000000000815280;3180;23
000000000000635301;3193;31
000000000000339668;3206;127
000000000000667907;3074;238
000000000000176198;3193;28
000000000000816587;3223;509
000000000000941356;3223;124
000000000000024727;3212;108
000000000000622173;3091;64
000000000000632241;3211;31
000000000000056648;3225;36
000000000000641385;3085;46
000000000000308550;3172;28
000000000000609808;3089;38
000000000000156561;3211;60
000000000400069002;3206;333
000000000000663844;3180;609
000000000000810437;3212;89
000000000000648732;3193;43
000000000000211061;3225;46
000000000000567912;3091;24
000000000000626753;3093;31
000000000000632241;3172;36
000000000000164129;3187;180
000000000000601607;3211;41
000000000000597755;3089;13
000000000000056986;3093;333
000000000000139940;3089;44
000000000000010517;3098;252
000000000000637200;3180;4
000000000650386002;3093;9
000000000000006457;3074;857
000000000000195308;3223;54
000000000000518013;3088;57
000000000000665799;3193;8
000000000000218597;3092;26
000000000000718537;3180;3020
000000000000603184;3223;85
000000000000141403;3074;42
000000000000007504;3094;659
000000000000052652;3172;154
000000000000635466;3088;50
000000000000795025;3180;10510
000000000000667839;3212;50
000000000000578191;3211;255
000000000000010659;3089;53
000000000000652489;3092;11
000000000000640960;3088;133
000000000000526074;3180;280
000000000000351787;3092;126
000000000000661854;3089;103
000000000000612888;3088;42
000000000000625314;3223;139
000000000000653876;3187;10
000000000000612888;3187;69
000000000402251001;3098;31
000000000000938543;3187;13
000000000400055004;3074;462
000000000000007493;3180;1675
000000000000636577;3092;185
000000000000358335;3223;1942
000000000000008558;3074;62
000000000000625810;3085;11
000000000000899948;3180;2419
000000000000615836;3086;45
000000000000627253;3172;76
000000000000628113;3172;1077
000000000000342159;3092;38
000000000616726002;3094;76
000000000000141870;3091;31
000000000000662372;3088;148
000000000000141271;3225;80
000000000628439002;3092;61
000000000000688937;3086;54
000000000645975003;3085;360
000000000000617380;3091;20
000000000400218002;3193;369
000000000000648519;3187;13
000000000000282932;3172;8
000000000000191004;3180;71
000000000665771001;3206;48
000000000000883205;3098;58
000000000000010647;3193;59
000000000000667803;3085;27
000000000000519804;3093;403
000000000000024631;3225;137
000000000000218074;3212;269
000000000000007518;3092;26416
000000000000056986;3098;83
000000000000177525;3074;172
000000000000781195;3092;234
000000000000180030;3094;26
000000000000052659;3193;248
000000000000004933;3180;1716
000000000000031913;3086;439
000000000000759659;3187;47
000000000000158375;3180;34
000000000400055004;3088;508
000000000000163295;3187;21
000000000000749098;3085;32
000000000000575145;3193;35
000000000000533072;3086;21
000000000000132114;3098;37
000000000000639855;3223;653
000000000000600320;3211;81
000000000000630076;3094;16
000000000000667610;3206;21
000000000000031628;3094;107
000000000000560915;3093;37
000000000000218488;3088;57
000000000400070001;3092;1217
000000000000957755;3086;142
000000000000630944;3074;126
000000000000180017;3098;34
000000000400069001;3212;133
000000000000118791;3187;47
000000000000213396;3094;23
000000000000789276;3187;52
000000000000214589;3074;484
000000000000176198;3225;23
000000000000625809;3094;53
000000000639559001;3187;61
000000000622768004;3193;158
000000000000665263;3091;136
000000000000754766;3089;29
000000000624299003;3088;88
000000000000569209;3089;63
000000000000630944;3088;152
000000000000158375;3093;150
000000000000010012;3180;378
000000000000648040;3093;25
000000000000718537;3098;1230
000000000400183001;3093;62
000000000000178386;3193;88
000000000000189558;3172;117
000000000000661854;3225;149
000000000000638517;3098;40
000000000000645478;3092;68
000000000000217412;3206;30
000000000000652984;3212;77
000000000000605708;3098;226
000000000000653876;3088;25
000000000000165488;3187;255
000000000000628528;3086;32
000000000000615836;3172;71
000000000000198491;3180;407
000000000000661557;3172;82
000000000000166832;3225;20
000000000000506071;3211;64
000000000000758872;3094;776
000000000000158886;3088;98
000000000000648519;3074;13
000000000000007518;3088;27156
000000000000291653;3180;39
000000000000663845;3089;214
000000000000006459;3187;1537
000000000000572837;3212;27
000000000000024727;3193;252
000000000650059001;3225;480
000000000000347001;3187;157
000000000401867012;3211;55
000000000000650197;3187;31
000000000000982844;3180;88
000000000000146527;3088;43
000000000000666166;3092;22
000000000000920545;3091;435
000000000000546061;3098;96
000000000000030964;3094;63
000000000402160005;3193;147
000000000000661944;3085;39
000000000000358358;3085;3535
000000000000318983;3086;585
000000000000019952;3086;360
000000000000128229;3225;26
000000000000024562;3193;81
000000000000619700;3211;19
000000000000031416;3093;83
000000000000125621;3098;56
000000000000666016;3211;27
000000000000652708;3094;22
000000000000010664;3098;53
000000000000141993;3074;55
000000000000053864;3211;60
000000000000561301;3074;11
000000000000628528;3089;31
000000000000006203;3193;15
000000000000639936;3212;122
000000000000983071;3074;20
000000000000180031;3223;40
000000000000133180;3211;3941
000000000000624993;3089;43
000000000000617911;3172;114
000000000000010632;3091;43
000000000000018122;3212;17
000000000000576939;3187;47
000000000000648040;3180;36
000000000000010681;3206;60
000000000402160001;3085;14
000000000000152770;3098;43
000000000000652489;3088;27
000000000000612504;3206;45
000000000000597755;3225;37
000000000000621034;3092;836
000000000000666004;3206;18
000000000000621033;3180;1039
000000000000172469;3086;118
000000000000642726;3091;6
000000000000230843;3074;115
000000000000611421;3086;585
000000000000321018;3074;981
000000000000141403;3212;86
000000000000622001;3085;562
000000000000010647;3223;175
000000000000973574;3093;7
000000000000914447;3085;10
000000000000356040;3187;53
000000000000347001;3225;63
000000000000118792;3098;59
000000000401867009;3092;26
000000000000665609;3094;14
000000000000957755;3089;68
000000000648444001;3180;50
000000000668910001;3098;147
000000000000053893;3193;875
000000000000008644;3074;47
000000000668610001;3193;70
000000000000164853;3180;133
000000000000210064;3074;17375
000000000000141820;3206;22
000000000000876417;3172;305
000000000000342157;3074;23
000000000000191007;3089;128
000000000000192562;3098;70
000000000000006203;3212;242
000000000000662257;3180;239
000000000000661945;3091;43
000000000000219335;3086;52
000000000000321550;3193;134
000000000000640484;3211;10
000000000000635726;3212;32
000000000000607508;3093;35
000000000000567727;3074;48
000000000400182008;3193;597
000000000000153589;3172;70
000000000000579800;3089;113
000000000000611420;3089;201
000000000000780172;3093;294
000000000400433002;3180;1301
000000000622768006;3092;155
000000000000645453;3092;64
000000000000530964;3223;36
000000000000164153;3094;319
000000000000158479;3086;837
000000000000146214;3098;37
000000000000653734;3180;24
000000000401724015;3172;105
000000000401724009;3225;438
000000000000009009;3225;287
000000000000639936;3089;78
000000000000645723;3225;24
000000000000180031;3088;98
000000000000178386;3092;69
000000000000626636;3180;1235
000000000000006519;3180;795
000000000000218488;3089;25
000000000000008644;3092;36
000000000000667695;3180;56
000000000000913286;3180;7
000000000000133179;3093;293
000000000650386002;3091;14
000000000000018119;3172;864
000000000000623020;3223;9
000000000000597755;3074;41
000000000000064466;3089;26
000000000000295085;3093;204
000000000000188150;3088;62
000000000665656001;3093;46
000000000000585347;3180;149
000000000000663046;3074;45
000000000000642687;3085;255
000000000000731601;3223;456
000000000402197001;3086;22
000000000000639855;3187;134
000000000000253711;3187;13
000000000000133062;3225;23
000000000000653352;3085;20
000000000000152767;3074;78
000000000000133342;3074;57
000000000000640484;3092;9
000000000000567412;3172;49
000000000000052538;3089;73
000000000000185148;3172;304
000000000000215155;3092;158
000000000647039003;3074;40
000000000000665799;3088;11
000000000000653352;3206;24
000000000647039004;3225;12
000000000000625402;3091;92
000000000000561208;3187;2704
000000000000913285;3086;56
000000000000667263;3086;34
000000000000611419;3088;220
000000000000184561;3086;197
000000000000533072;3225;18
000000000000014362;3089;39
000000000000661119;3193;1511
000000000000007448;3085;223
000000000000007087;3086;108
000000000634844002;3074;114
000000000000206654;3091;36
000000000000344300;3074;367
000000000000006668;3092;7
000000000000617381;3094;41
000000000000900826;3206;867
000000000000052524;3094;78
000000000000179983;3187;12
000000000000216012;3089;47
000000000000562679;3098;34
000000000000006558;3098;97
000000000000754765;3187;430
000000000000642726;3093;8
000000000000666016;3193;16
000000000000981938;3225;69
000000000000217111;3211;15
000000000000053845;3086;501
000000000000629295;3180;69
000000000000538415;3225;72
000000000000518338;3211;132
000000000000549591;3085;21
000000000000668651;3180;19
000000000000008644;3187;59
000000000000198342;3187;90
000000000000632241;3088;25
000000000000210189;3180;84
000000000000006668;3212;7
000000000000284090;3187;27
000000000000652700;3187;219
000000000000321550;3187;61
000000000000960219;3074;207
000000000000005861;3092;81
000000000000178089;3086;55
000000000000005155;3074;65
000000000000628528;3212;63
000000000000178369;3206;82
000000000000544171;3212;25
000000000000163295;3223;25
000000000400308003;3093;157
000000000400069002;3091;354
000000000000181263;3206;31
000000000000349368;3223;8197
000000000000533072;3223;16
000000000000612035;3089;36
000000000000666032;3092;72
000000000000006495;3093;30
000000000000009009;3223;167
000000000668910001;3093;173
000000000000571223;3172;577
000000000000900825;3225;159
000000000616726002;3187;85
000000000000652481;3180;49
000000000000645723;3092;139
000000000000358032;3206;21
000000000000133333;3098;360
000000000000171547;3093;56
000000000000612267;3193;23
000000000000006459;3172;186
000000000000639936;3092;36
000000000000721107;3093;7
000000000000181878;3085;93
000000000000339586;3211;50
000000000000192563;3086;162
000000000000607508;3180;35
000000000000625676;3193;601
000000000000141271;3223;76
000000000000163896;3223;35
000000000000024155;3086;99
000000000000558422;3193;288
000000000000046528;3098;1121
000000000000663046;3094;52
000000000000667839;3086;44
000000000000176788;3086;96
000000000000781021;3074;39
000000000000127649;3091;42
000000000000177525;3094;118
000000000000606698;3223;68
000000000000030951;3211;30
000000000401867012;3212;113
000000000000665273;3091;20
000000000000210064;3094;14316
000000000000154634;3086;135
000000000400067006;3193;171
000000000000057969;3225;84
000000000665771003;3093;30
000000000000218099;3074;42
000000000000024562;3172;46
000000000000358391;3093;591
000000000000612504;3180;63
000000000000665184;3089;67
000000000000810438;3091;45
000000000000630078;3093;35
000000000000213259;3193;64
000000000000153589;3193;59
000000000000062470;3088;242
000000000000645723;3187;27
000000000000182607;3187;6
000000000000566684;3180;163
000000000000158886;3074;57
000000000000005756;3089;1805
000000000000571227;3172;412
000000000000013908;3211;34
000000000000663244;3091;58
000000000000653352;3180;43
000000000401861010;3223;297
000000000000905315;3211;24
000000000000961236;3093;27
000000000000024631;3094;133
000000000000130196;3223;138
000000000000191021;3074;178
000000000000052634;3193;86
000000000000558422;3086;37
000000000000005964;3091;967
000000000665091002;3092;13
000000000000646203;3086;39
000000000647039002;3094;42
000000000400067001;3206;65
000000000000006531;3172;4618
000000000000119092;3091;80
000000000000643026;3074;160
000000000000351992;3088;7
000000000000131441;3206;112
000000000000816588;3089;422
000000000000007408;3086;1789
000000000000024562;3211;92
000000000000141302;3180;186
000000000640546002;3074;13
000000000000637755;3091;25
000000000000358032;3093;29
000000000000635313;3074;207
000000000000052676;3089;24
000000000000055532;3098;423
000000000000180017;3085;23
000000000000133181;3088;158
000000000000648145;3172;121
000000000000619700;3187;20
000000000650100001;3088;102
000000000000618835;3093;42
000000000000665786;3211;204
000000000000005474;3098;31
000000000000617411;3098;52
000000000000607914;3223;155
000000000000561155;3211;277
000000000000919940;3092;75
000000000000356040;3089;50
000000000000640873;3091;42
000000000000006438;3223;31
000000000000752668;3085;62
000000000000607911;3074;64
000000000000035284;3206;168
000000000000010584;3180;112
000000000000005873;3172;35
000000000000665274;3223;18
000000000650386002;3085;9
000000000000052392;3089;355
000000000000638934;3093;83
000000000000006106;3225;106
000000000000153589;3223;90
000000000000566342;3094;139
000000000000616932;3093;8
000000000000632286;3085;64
000000000000353250;3098;85
000000000000281009;3085;121
000000000000666031;3093;42
000000000000052659;3225;225
000000000000741322;3172;119
000000000000913286;3093;64
000000000000031222;3180;19
000000000640546002;3086;33
000000000000251252;3193;88
000000000000561188;3089;16
000000000000121724;3223;51
000000000000013475;3089;54
000000000000344299;3092;5127
000000000622768006;3223;35
000000000000007087;3088;103
000000000000985414;3180;414
000000000000617381;3225;14
000000000000640021;3094;849
000000000000639546;3223;179
000000000000328254;3225;46
000000000000211158;3172;115
000000000000189987;3180;169
000000000000863275;3074;61
000000000000119002;3225;496
000000000628439002;3223;72
000000000000626165;3193;112
000000000000031222;3098;46
000000000000981938;3212;83
000000000000120294;3225;139
000000000000163295;3088;43
000000000000759661;3088;114
000000000000009674;3225;44
000000000000055532;3091;348
000000000000667385;3193;29
000000000000215155;3089;122
000000000000062471;3206;73
000000000000623256;3092;55
000000000000900818;3091;444
000000000000665845;3180;30
000000000000126791;3212;58
000000000000883202;3085;69
000000000000195024;3187;21
000000000000639546;3088;150
000000000000621936;3211;111
000000000000627254;3094;52
000000000654770002;3211;51
000000000000815394;3193;58
000000000000666914;3172;218
000000000000876417;3187;277
000000000000640021;3086;73
000000000000630953;3212;1066
000000000000882758;3180;113
000000000000179368;3225;20
000000000000010680;3211;37
000000000000014296;3187;79
000000000000643026;3225;73
000000000000007448;3093;172
000000000000627253;3094;66
000000000000180004;3225;53
000000000000182568;3206;118
000000000000639546;3074;130
000000000000638654;3225;64
000000000665922001;3093;55
000000000400072001;3093;49
000000000000060385;3089;242
000000000000621035;3088;142
000000000000667968;3172;160
000000000000006668;3074;33
000000000000643026;3193;182
000000000000133223;3098;69
000000000000358359;3223;969
000000000000561523;3211;13
000000000000631799;3074;7
000000000000647737;3223;166
000000000000615396;3223;43
000000000000007390;3091;4773
000000000000018122;3074;48
000000000000291653;3091;81
000000000402163019;3223;18
000000000000571229;3092;304
000000000000607261;3212;19
000000000000623594;3086;34
000000000000217412;3098;40
000000000000698846;3193;361
000000000000575145;3225;10
000000000000004909;3085;28
000000000000634994;3211;76
000000000000191112;3093;83
000000000400218002;3212;156
000000000000648040;3206;36
000000000000017665;3092;45
000000000000642723;3212;29
000000000000635301;3074;32
000000000000308550;3223;24
000000000000759658;3223;148
000000000000666914;3074;221
000000000000145903;3180;246
000000000000179977;3092;141
000000000000192843;3086;19
000000000000575693;3212;16
000000000000960219;3088;141
000000000000031222;3085;22
000000000000614340;3086;188
000000000000132115;3086;50
000000000000006457;3089;959
000000000000217111;3094;14
000000000664214001;3088;28
000000000000318983;3223;70
000000000000505193;3089;44
000000000000047391;3212;366
000000000000663244;3093;60
000000000000179983;3094;17
000000000647039003;3187;26
000000000000170847;3089;115
000000000000132462;3093;125
000000000000616202;3093;32
000000000000640665;3225;36
000000000000668060;3212;235
000000000000006532;3085;207
000000000000645453;3088;40
000000000000561536;3098;71
000000000000166832;3223;18
000000000000278354;3086;31
000000000000615836;3094;82
000000000000053901;3091;639
000000000000842477;3091;85
000000000000642726;3085;5
000000000000581680;3211;96
000000000000647468;3094;72
000000000000351787;3086;147
000000000000138712;3206;7879
000000000000665187;3094;46
000000000000639855;3088;12
000000000000624993;3223;29
000000000000581680;3225;101
000000000000284090;3092;42
000000000000174330;3091;58
000000000000169663;3089;43
000000000000030964;3074;27
000000000000648065;3086;55
000000000000561188;3094;23
000000000000169057;3223;88
000000000000179977;3074;144
000000000400308001;3085;4767
000000000000006528;3211;80
000000000648870003;3093;62
000000000000031023;3187;182
000000000402053001;3094;44
000000000000158522;3086;30
000000000000284662;3187;283
000000000000604494;3094;27
000000000000661118;3088;92
000000000000558055;3092;85
000000000000010570;3180;185
000000000000612808;3092;1008
000000000000878691;3187;83
000000000000619699;3088;28
000000000000646070;3074;61
000000000000630952;3092;40
000000000000781198;3074;117
000000000000661960;3225;140
000000000000666915;3091;96
000000000402629006;3085;6006
000000000000640873;3206;49
000000000000004973;3193;26
000000000000665848;3086;44
000000000000759659;3225;78
000000000000141403;3086;41
000000000648444001;3093;56
000000000000010525;3206;34
000000000000977143;3088;20
000000000000017707;3093;103
000000000000032136;3180;259
000000000639559001;3092;27
000000000000324538;3086;60
000000000000621034;3223;443
000000000000641279;3094;27
000000000000132462;3180;109
000000000000955614;3091;11
000000000000231594;3094;13
000000000000053845;3212;203
000000000000640960;3089;52
000000000000611420;3212;366
000000000628439002;3074;67
000000000000781021;3223;73
000000000000181877;3206;165
000000000000628113;3193;384
000000000000501362;3094;1548
000000000000666004;3180;130
000000000000277182;3086;90
000000000000166832;3092;39
000000000000607906;3092;174
000000000000141820;3085;30
000000000000631121;3094;109
000000000400433002;3206;207
000000000000845600;3098;39
000000000000636371;3172;269
000000000000616820;3211;415
000000000000010659;3223;128
000000000000615836;3187;40
000000000000780173;3088;109
000000000000640021;3212;55
000000000000007413;3206;45
000000000000613458;3180;19
000000000000005542;3223;12
000000000000052391;3206;41
000000000000031915;3211;97
000000000000558396;3089;43
000000000000648979;3206;97
000000000000505749;3206;255
000000000000614112;3172;105
000000000000633967;3187;181
000000000000667850;3091;8
000000000639559001;3223;28
000000000000007413;3091;32
000000000000004909;3180;22
000000000000023002;3089;261
000000000400071004;3085;39
000000000000133179;3180;848
000000000000648504;3091;12
000000000000617911;3193;111
000000000000010659;3211;79
000000000000163401;3086;401
000000000402163006;3098;29
000000000401724010;3074;1087
000000000000901361;3206;72
000000000000010681;3180;113
000000000000665264;3172;233
000000000000546916;3094;38
000000000400329006;3180;809
000000000000169663;3086;54
000000000000628239;3212;43
000000000000652001;3094;32
000000000663007002;3223;73
000000000000005779;3211;104
000000000000607261;3089;47
000000000000628091;3223;179
000000000622009002;3094;102
000000000000558422;3074;121
000000000000180013;3225;15
000000000000539998;3180;99
000000000000623594;3089;1071
000000000000759658;3225;88
000000000402197001;3211;30
000000000000006457;3086;639
000000000622768004;3088;85
000000000000355961;3187;16
000000000000615004;3085;59
000000000000132599;3206;35
000000000000646386;3098;445
000000000000665264;3211;100
000000000000621035;3086;240
000000000000520482;3206;57
000000000000776038;3086;242
000000000000059805;3093;86
000000000000758871;3172;48
000000000000176169;3223;187
000000000400055001;3180;257
000000000000174299;3094;64
000000000000174295;3223;33
000000000000007493;3085;966
000000000000607911;3211;49
000000000000005474;3093;91
000000000000614357;3211;34
000000000619006002;3094;36
000000000000650419;3088;178
000000000402163006;3085;23
000000000000164124;3074;135
000000000000339586;3212;21
000000000650059002;3212;344
000000000000581680;3187;181
000000000000666029;3085;59
000000000000622001;3180;638
000000000000147552;3225;89
000000000647039004;3086;40
000000000000607897;3225;17
000000000000907292;3088;214
000000000000627253;3086;79
000000000000622173;3093;44
000000000000561208;3086;52
000000000000665856;3180;10
000000000000217112;3089;7
000000000000138712;3180;2948
000000000000668125;3187;38
000000000000646822;3211;225
000000000000781195;3225;62
000000000000214578;3086;42
000000000650386002;3098;61
000000000000024727;3088;171
000000000000004933;3098;1335
000000000000623176;3223;43
000000000000007518;3172;12611
000000000000607914;3172;120
000000000000170132;3180;72
000000000000189558;3094;89
000000000639107002;3094;107
000000000000052651;3180;127
000000000000010687;3085;67
000000000639559001;3089;33
000000000000176636;3187;21
000000000000009640;3180;37
000000000000655578;3223;16
000000000000712440;3180;834
000000000000328254;3223;59
000000000000625809;3212;48
000000000000642723;3172;13
000000000000351785;3091;55
000000000000528751;3225;21
000000000000024631;3074;713
000000000000018119;3086;270
000000000000158479;3094;637
000000000000191007;3086;325
000000000000351787;3088;99
000000000000553519;3091;749
000000000000649639;3193;29
000000000000900819;3225;19349
000000000000598873;3091;379
000000000000163896;3088;70
000000000000009130;3206;174
000000000401867009;3089;49
000000000000132112;3225;250
000000000000516543;3089;202
000000000000646214;3074;69
000000000000618365;3098;45
000000000000520482;3085;59
000000000000182334;3074;127
000000000000955613;3091;30
000000000000031356;3089;23
000000000000571223;3074;389
000000000000641025;3085;75
000000000000211158;3088;101
000000000000553519;3206;125
000000000000652001;3088;150
000000000000155394;3206;1755
000000000000225728;3091;29
000000000000155394;3091;1726
000000000000013475;3211;34
000000000000647736;3093;133
000000000000010524;3074;81
000000000000665273;3093;35
000000000000628091;3193;281
000000000000571223;3092;778
000000000000052294;3206;93
000000000000623256;3089;71
000000000000754766;3211;46
000000000000668060;3193;296
000000000000544491;3212;23
000000000000665275;3088;242
000000000000652984;3223;68
000000000641229001;3086;73
000000000000006552;3211;166
000000000000758871;3225;39
000000000000629295;3206;84
000000000000661854;3172;171
000000000402053001;3225;48
000000000000505749;3091;136
000000000000668125;3172;110
000000000000181263;3085;34
000000000000216960;3093;45
000000000402251001;3180;37
000000000000731782;3085;179
000000000000652489;3089;20
000000000000661944;3093;32
000000000000214184;3091;79
000000000000650419;3193;161
000000000000057969;3092;1066
000000000400183006;3098;233
000000000000172738;3086;35
000000000400218004;3206;105
000000000000128227;3187;120
000000000000662047;3094;14
000000000000955613;3206;21
000000000000121724;3212;76
000000000401867004;3085;42
000000000402163020;3223;23
000000000000818130;3172;107
000000000000358392;3225;329
000000000000287807;3086;33
000000000624299003;3223;23
000000000000118603;3086;40
000000000000179744;3180;70
000000000616561001;3193;71
000000000000217411;3093;41
000000000000005963;3074;1153
000000000000503540;3094;625
000000000654827003;3212;11
000000000000648519;3089;13
000000000000622173;3180;26
000000000000575145;3212;38
000000000000152767;3193;852
000000000000169937;3085;43
000000000000667696;3187;33
000000000000047391;3089;800
000000000000647173;3212;186
000000000000882758;3093;58
000000000000878691;3193;209
000000000000342157;3212;16
000000000000184702;3225;57
000000000000154634;3092;74
000000000000558055;3172;39
000000000000665402;3093;40
000000000000665264;3187;94
000000000000187005;3172;310
000000000000141189;3225;42
000000000000878691;3089;135
000000000000170201;3187;479
000000000000665275;3223;112
000000000000544823;3091;27
000000000000655684;3180;59
000000000000641113;3091;26
000000000000661944;3180;31
000000000000635931;3085;580
000000000000139890;3225;36
000000000000052538;3225;56
000000000000900819;3088;407
000000000000119002;3086;707
000000000650100001;3094;97
000000000000606698;3088;476
000000000000018122;3092;64
000000000000913285;3092;5240
000000000000667803;3206;20
000000000000539998;3085;37
000000000000642687;3206;338
000000000000964689;3193;240
000000000000131441;3180;741
000000000000759661;3086;120
000000000000006456;3223;120
000000000000132112;3094;141
000000000000650196;3193;124
000000000000623594;3223;1129
000000000400183006;3091;104
000000000000141270;3098;83
000000000000561208;3225;52
000000000000661945;3098;60
000000000000616933;3074;6
000000000000292185;3193;147
000000000000645433;3093;47
000000000000321550;3211;81
000000000000612505;3206;107
000000000000197610;3094;49
000000000000146753;3212;282
000000000000009452;3172;62
000000000400070001;3074;883
000000000634844002;3223;22
000000000000759659;3092;83
000000000000611859;3225;40
000000000000641384;3206;59
000000000000179977;3223;120
000000000000031910;3088;127
000000000000530964;3172;29
000000000000006558;3180;90
000000000000191249;3098;48
000000000000625401;3187;32
000000000000277182;3211;143
000000000000253711;3094;52
000000000000666166;3225;20
000000000000565453;3093;60
000000000000649222;3180;115
000000000000546916;3193;50
000000000402163019;3092;67
000000000000215380;3206;597
000000000000520463;3085;47
000000000400329005;3088;499
000000000000133342;3212;36
000000000000662372;3172;447
000000000000185005;3098;100
000000000665420002;3212;94
000000000000520476;3187;37
000000000000661854;3092;218
000000000000052657;3091;148
000000000000124981;3180;684
000000000000173896;3187;52
000000000000009451;3074;23
000000000000218488;3212;34
000000000000629430;3098;44
000000000402163002;3098;40
000000000000623256;3223;92
000000000000047391;3094;1576
000000000000631323;3180;28
000000000000561155;3074;254
000000000000640010;3225;18
000000000000031911;3093;39
000000000000358358;3206;7345
000000000000185148;3225;129
000000000622009002;3172;115
000000000645975001;3193;449
000000000000031221;3098;25
000000000000614357;3086;33
000000000000960217;3091;76
000000000000218099;3172;99
000000000000231595;3089;10
000000000000528751;3223;15
000000000000664937;3225;34
000000000000180030;3092;178
000000000000539292;3211;66
000000000000652984;3187;73
000000000000626166;3089;76
000000000000128229;3172;180
000000000000052720;3098;18
000000000650059001;3211;261
000000000000214186;3211;97
000000000645975004;3088;421
000000000000639788;3094;52
000000000000281009;3098;153
000000000000146527;3187;34
000000000000653377;3088;297
000000000000163401;3172;341
000000000000339586;3088;57
000000000000005054;3180;196
000000000000321018;3211;110
000000000000631121;3086;138
000000000000248328;3193;136
000000000000128237;3091;37
000000000634844001;3180;93
000000000000613458;3093;30
000000000000052651;3085;84
000000000000180030;3193;43
000000000637411001;3211;64
000000000000198447;3091;203
000000000000358392;3094;109
000000000000004909;3098;54
000000000000203300;3098;11
000000000000616933;3225;7
000000000000174295;3172;76
000000000000134123;3193;137
000000000000017739;3187;2843
000000000000518013;3187;64
000000000000128227;3211;196
000000000000342157;3094;29
000000000000023776;3172;74
000000000000638228;3180;47
000000000000007408;3074;2020
000000000000664937;3212;40
000000000000023002;3074;317
000000000000190995;3074;106
000000000000251252;3089;80
000000000000156561;3094;40
000000000000277182;3212;92
000000000000053891;3093;1101
000000000000668188;3206;66
000000000000172738;3089;51
000000000000612505;3180;63
000000000000355904;3223;21
000000000000179977;3225;67
000000000000355630;3074;2017
000000000000215974;3094;56
000000000000328254;3092;43
000000000624299003;3172;86
000000000400433001;3180;294
000000000400261003;3223;164
000000000401867002;3172;54
000000000000561188;3223;13
000000000000024727;3225;69
000000000000295106;3193;48
000000000000781195;3211;86
000000000622768006;3086;151
000000000000303385;3094;106
000000000668910002;3074;60
000000000000600320;3172;99
000000000000015769;3093;13
000000000000182574;3212;22
000000000000665184;3074;48
000000000000516749;3085;249
000000000000561188;3074;15
000000000000663156;3193;305
000000000000558396;3223;72
000000000000133180;3187;3340
000000000000561001;3223;18
000000000000649345;3091;234
000000000000211158;3187;32
000000000000031628;3092;51
000000000000141269;3193;146
000000000622009002;3225;34
000000000000198447;3085;78
000000000000598867;3180;323
000000000000639041;3093;166
000000000000655578;3225;19
000000000000558396;3086;54
000000000000191104;3193;144
000000000000156146;3089;115
000000000000052634;3211;59
000000000000667422;3085;168
000000000000614340;3092;507
000000000400218003;3187;89
000000000000192563;3211;107
000000000000666032;3086;12
000000000402613002;3092;3353
000000000000031357;3225;38
000000000000119092;3085;69
000000000000120517;3180;86
000000000000615395;3093;67
000000000000133333;3180;131
000000000000630624;3206;95
000000000000172482;3094;117
000000000634913001;3225;86
000000000000571227;3223;106
000000000000642723;3088;5
000000000000612504;3093;162
000000000000141821;3225;20
000000000000880880;3206;15
000000000000191249;3180;58
000000000000170201;3094;196
000000000000639788;3193;34
000000000000156144;3180;139
000000000000010659;3172;456
000000000000607896;3211;28
000000000000630954;3212;39
000000000000180031;3193;44
000000000000141269;3223;73
000000000000665274;3086;18
000000000000585802;3212;60
000000000000008645;3206;28
000000000000561155;3088;238
000000000000163735;3223;96
000000000000152047;3089;100
000000000000621035;3187;273
000000000000140102;3172;44
000000000400329002;3089;471
000000000000018124;3193;27
000000000000614355;3223;28
000000000668910001;3091;85
000000000000007390;3180;2728
000000000000010524;3212;37
000000000000351786;3085;152
000000000000355961;3089;18
000000000401867012;3088;29
000000000624299003;3094;131
000000000402251001;3085;64
000000000000052676;3187;46
000000000000528751;3088;18
000000000000625401;3088;23
000000000000647173;3172;42
000000000000133180;3092;536
000000000000604496;3086;7
000000000000506264;3187;45
000000000000640476;3091;40
000000000000645453;3223;49
000000000000184561;3172;239
000000000000607911;3092;81
000000000000635931;3180;415
000000000000649639;3211;21
000000000000031915;3074;100
000000000000213180;3206;35
000000000000505193;3223;55
000000000000627253;3092;61
000000000000630952;3074;47
000000000000575693;3094;41
000000000000006449;3193;101
000000000000652985;3172;46
000000000000005756;3092;5123
000000000000633961;3212;55
000000000000712440;3093;928
000000000000052524;3088;47
000000000000008892;3086;163
000000000000178088;3212;109
000000000400329003;3211;819
000000000641229001;3089;418
000000000000024729;3098;2898
000000000000035284;3093;56
000000000000052391;3091;113
000000000000147606;3098;19
000000000000005861;3089;95
000000000000018137;3085;25
000000000000171547;3091;82
000000000000666921;3225;38
000000000000156146;3172;181
000000000668190001;3092;143
000000000000008527;3206;21
000000000400071001;3074;66
000000000000355630;3088;1772
000000000402163013;3211;45
000000000000630952;3212;29
000000000000561155;3225;402
000000000000638228;3093;74
000000000000662799;3085;16
000000000645975005;3223;495
000000000000010591;3093;48
000000000000655096;3085;58
000000000000544171;3193;64
000000000000652003;3086;134
000000000402629001;3187;468
000000000000170845;3223;273
000000000000780250;3085;41
000000000000146509;3089;762
000000000401864001;3206;16
000000000000957755;3074;122
000000000000146986;3180;279
000000000000146215;3225;22
000000000000920545;3085;327
000000000000568755;3098;191
000000000000158886;3086;77
000000000000006552;3172;134
000000000000519771;3211;38
000000000000024631;3088;157
000000000000575642;3074;171
000000000000180012;3180;29
000000000000900818;3098;1443
000000000401861004;3089;13
000000000000178088;3223;43
000000000000652984;3193;71
000000000000358335;3193;1112
000000000000625810;3180;70
000000000000163735;3225;133
000000000000009674;3088;49
000000000000120517;3206;87
000000000000282932;3088;12
000000000000585347;3085;57
000000000000203455;3093;950
000000000000558055;3193;50
000000000402135002;3098;191
000000000000217411;3098;35
000000000000164008;3085;50
000000000000967746;3212;19
000000000000053891;3206;166
000000000000665901;3180;78
000000000000023002;3225;162
000000000000566339;3085;121
000000000000665265;3223;15
000000000000132115;3172;45
000000000000663243;3089;73
000000000000650197;3193;119
000000000000248328;3088;276
000000000000126791;3211;132
000000000000010521;3094;488
000000000400308002;3187;1103
000000000000616492;3223;40
000000000000031023;3074;191
000000000000014362;3187;95
000000000000665518;3206;17
000000000000170201;3092;319
000000000000777211;3089;111
000000000000607897;3172;13
000000000000543099;3180;108
000000000000629401;3180;86
000000000000650197;3223;38
000000000000539292;3212;74
000000000000626753;3091;27
000000000000163044;3187;19
000000000000645723;3088;66
000000000000900816;3094;2949
000000000000621936;3187;56
000000000000663245;3098;48
000000000000024735;3206;876
000000000400067006;3211;41
000000000000006557;3074;108
000000000000005761;3211;120
000000000000176788;3089;47
000000000000607906;3225;115
000000000000347001;3193;184
000000000400261003;3088;153
000000000000560511;3085;89
000000000000139492;3211;202
000000000000955556;3086;43
000000000000645453;3212;63
000000000000666032;3187;18
000000000000006459;3225;206
000000000000188150;3211;58
000000000000615078;3206;39
000000000000559524;3206;984
000000000000007101;3092;168
000000000000351784;3094;104
000000000000052634;3086;187
000000000000180012;3085;27
000000000000059685;3091;52
000000000000765475;3211;52
000000000000558422;3223;28
000000000000976752;3086;204
000000000000019952;3074;111
000000000000030966;3211;27
000000000000184561;3094;449
000000000000629402;3085;95
000000000000013908;3089;37
000000000000907292;3187;99
000000000000031910;3172;1701
000000000000629757;3085;1395
000000000000035284;3085;89
000000000000006495;3180;62
000000000000215153;3089;50
000000000650100001;3225;130
000000000000188148;3091;1457
000000000000010632;3206;26
000000000000210484;3093;56
000000000000186377;3223;47
000000000000010217;3180;54
000000000000018122;3172;26
000000000000640068;3089;98
000000000000667263;3212;42
000000000000964689;3094;376
000000000000141404;3091;27
000000000000864254;3094;79
000000000000648154;3074;76
000000000000165524;3187;54
000000000000004973;3089;49
000000000619006002;3089;24
000000000000156146;3225;241
000000000400218002;3092;257
000000000000292183;3093;45
000000000000180013;3187;21
000000000000576939;3193;26
000000000402135002;3093;132
000000000000781198;3225;17
000000000000178087;3211;75
000000000000616932;3091;6
000000000000006552;3187;2215
000000000401724009;3212;209
000000000000625810;3206;10
000000000000611858;3212;71
000000000000543098;3206;35
000000000000024631;3193;98
000000000000611420;3225;231
000000000000565609;3085;27
000000000000976752;3074;455
000000000000218074;3089;277
000000000000139890;3074;33
000000000000604496;3089;7
000000000000506149;3088;40
000000000000617412;3206;72
000000000000639936;3172;43
000000000000605708;3206;2861
000000000000339586;3172;35
000000000000634900;3086;73
000000000000623594;3094;363
000000000000815281;3225;45
000000000647039002;3193;47
000000000000558055;3094;72
000000000000629403;3093;98
000000000000178087;3187;68
000000000000666032;3089;38
000000000000629761;3206;29
000000000000210064;3092;13566
000000000000650626;3187;13
000000000000668189;3212;33
000000000000215974;3225;49
000000000000565453;3206;19
000000000000638532;3089;206
000000000000625303;3193;43
000000000000667385;3223;181
000000000000560445;3180;209
000000000000539908;3172;262
000000000000015532;3089;35
000000000000665265;3089;50
000000000622009002;3089;61
000000000000650419;3092;200
000000000401867009;3223;17
000000000400071001;3225;52
000000000000667672;3085;16
000000000000010647;3088;60
000000000000132112;3211;250
000000000000008892;3223;228
000000000000180026;3206;37
000000000000667610;3093;44
000000000000177512;3093;1685
000000000000967746;3187;14
000000000000342883;3187;53
000000000000141189;3092;47
000000000000624684;3091;84
000000000402163006;3091;33
000000000000506264;3092;52
000000000000666166;3086;27
000000000000628527;3094;53
000000000000010688;3092;332
000000000000017664;3206;39
000000000000662371;3180;107
000000000650386001;3091;16
000000000000667694;3086;39
000000000000648519;3211;10
000000000000619700;3074;36
000000000000663845;3088;193
000000000639107001;3180;119
000000000000132462;3098;1022
000000000000619699;3193;9
000000000000905315;3223;32
000000000000568818;3193;21
000000000000665610;3180;8
000000000000630076;3212;99
000000000000118791;3074;40
000000000000576609;3074;24
000000000400329004;3187;440
000000000000035246;3180;133
000000000000198339;3085;609
000000000000625303;3086;37
000000000000052663;3180;97
000000000666059003;3211;36
000000000000640143;3206;60
000000000000186377;3172;154
000000000000815275;3098;60
000000000000614113;3089;79
000000000000213396;3092;20
000000000000217412;3180;56
000000000000647468;3089;35
000000000000776038;3187;101
000000000000543393;3092;11
000000000668610002;3225;101
000000000000638916;3098;250
000000000000668125;3074;107
000000000000208698;3093;44
000000000000052652;3223;262
000000000000976752;3211;158
000000000000133333;3206;16
000000000000031913;3089;192
000000000000064466;3088;21
000000000000528751;3172;39
000000000000010005;3074;609
000000000000561524;3086;20
000000000000650823;3223;165
000000000000662372;3193;31
000000000000981938;3187;62
000000000000643027;3206;152
000000000000607261;3088;64
000000000401724010;3172;239
000000000000566339;3098;141
000000000000189986;3206;179
000000000000633967;3225;30
000000000000607906;3193;317
000000000000649639;3094;50
000000000402163020;3092;44
000000000000598873;3098;372
000000000000665856;3093;43
000000000000180031;3187;21
000000000000141189;3187;66
000000000000172482;3086;99
000000000000179983;3172;19
000000000000053891;3180;1347
000000000000191250;3187;59
000000000000218099;3089;76
000000000401867002;3086;31
000000000000218074;3088;196
000000000000006668;3094;20
000000000000649042;3193;532
000000000000612667;3180;382
000000000000062405;3206;343
000000000000010571;3092;181
000000000000626636;3098;211
000000000000052634;3225;94
000000000000569209;3086;74
000000000000810437;3172;58
000000000000181373;3094;17
000000000000616203;3172;32
000000000000188148;3085;1119
000000000000342159;3193;18
000000000000651225;3091;46
000000000000005761;3172;151
000000000000203383;3074;20
000000000000055532;3206;422
000000000000616932;3180;5
000000000000632283;3180;58
000000000000031913;3212;79
000000000000035196;3094;56
000000000000052524;3223;82
000000000000217111;3088;21
000000000000177772;3098;244
000000000000816588;3172;226
000000000000579994;3211;78
000000000000640960;3094;123
000000000000628113;3094;187
000000000000133333;3093;126
000000000000052658;3180;746
000000000000182690;3206;59
000000000000018124;3223;20
000000000000561155;3092;129
000000000000017664;3091;81
000000000000007518;3187;50651
000000000401724009;3172;201
000000000000179743;3094;28
000000000000216012;3088;36
000000000000006542;3088;92
000000000000641114;3085;69
000000000000300245;3211;47
000000000000178087;3088;92
000000000000006449;3088;84
000000000000030964;3211;65
000000000000009452;3193;25
000000000000185148;3211;140
000000000000024552;3098;348
000000000000649639;3223;38
000000000000861944;3093;9
000000000000561242;3206;10
000000000668610002;3086;53
000000000624310001;3093;19
000000000000010524;3172;123
000000000000758871;3211;56
000000000000863275;3086;46
000000000000198342;3086;112
000000000000020321;3193;65
000000000000613365;3098;154
000000000000688938;3085;80
000000000000516543;3212;281
000000000400329009;3093;440
000000000000560410;3211;21
000000000000637200;3091;9
000000000000767397;3085;231
000000000000905315;3193;52
000000000000647163;3211;81
000000000000172738;3088;20
000000000645975004;3074;251
000000000000008644;3225;67
000000000000170845;3074;657
000000000000519771;3092;22
000000000647039002;3086;23
000000000000900825;3089;464
000000000000665187;3172;51
000000000000560915;3085;31
000000000401861010;3086;161
000000000000284478;3085;56
000000000000758872;3088;521
000000000000147552;3089;183
000000000622768004;3187;76
000000000000005155;3225;100
000000000000178369;3085;28
000000000000776038;3172;209
000000000000516748;3206;4851
000000000000006106;3089;52
000000000000321018;3223;259
000000000000295106;3172;31
000000000000052651;3206;181
000000000000197610;3211;55
000000000000024631;3223;216
000000000000655578;3211;10
000000000000767398;3086;181
000000000000648145;3092;420
000000000000899948;3206;1433
000000000666059003;3074;30
000000000000152048;3091;79
000000000000760902;3212;170
000000000000668125;3089;151
000000000000604494;3074;24
000000000000609808;3086;12
000000000000620407;3206;422
000000000000652481;3091;50
000000000000645721;3098;35
000000000000533072;3212;107
000000000000215974;3223;36
000000000000634900;3089;42
000000000000344300;3088;401
000000000000991225;3085;67
000000000000667692;3206;73
000000000000619700;3088;22
000000000000006526;3091;25
000000000000558055;3212;32
000000000000191104;3074;177
000000000000652880;3091;20
000000000000826649;3193;24
000000000000692549;3180;23
000000000668610001;3074;50
000000000000883205;3206;51
000000000000005963;3086;763
000000000000126791;3074;70
000000000000158525;3074;337
000000000000010659;3225;223
000000000000625676;3088;356
000000000000031910;3225;71
000000000000661854;3088;264
000000000000665845;3093;47
000000000000031357;3193;22
000000000000652002;3193;32
000000000000060385;3088;288
000000000000006129;3193;587
000000000000647163;3223;40
000000000000010631;3180;63
000000000000561301;3223;10
000000000400067001;3091;101
000000000000214578;3074;21
000000000000174442;3089;55
000000000000018287;3180;108
000000000000013908;3172;34
000000000000182689;3086;73
000000000000215264;3074;21
000000000000712974;3180;1957
000000000000632934;3089;22
000000000000641113;3085;29
000000000000668189;3094;53
000000000000179368;3086;38
000000000000920545;3180;2321
000000000400055004;3225;420
000000000000892231;3092;32
000000000000616112;3088;37
000000000616726002;3172;12
000000000000571223;3089;209
000000000000668127;3088;184
000000000000520476;3212;381
000000000000640959;3093;1035
000000000000006542;3187;141
000000000000291227;3092;853
000000000000064466;3086;15
000000000000173895;3074;65
000000000000146527;3211;20
000000000000153589;3225;85
000000000400072001;3091;63
000000000654770002;3074;37
000000000000518012;3211;32
000000000000649042;3089;178
000000000000128227;3172;164
000000000000647163;3074;57
000000000000503540;3074;646
000000000000321096;3180;150
000000000000005758;3225;23
000000000000688937;3223;59
000000000000182334;3187;173
000000000000181828;3212;53
000000000000141271;3187;85
000000000000955553;3223;15
000000000000292185;3211;211
000000000000007518;3223;26181
000000000000005758;3088;37
000000000000616068;3187;112
000000000000291237;3088;143
000000000000618835;3180;35
000000000000567413;3180;32
000000000000358336;3086;2769
000000000000612888;3212;19
000000000000024572;3206;2968
000000000000008645;3093;46
000000000000641093;3172;125
000000000000789276;3172;53
000000000402160005;3172;379
000000000000017739;3223;246
000000000400218002;3074;133
000000000000568764;3223;23
000000000000623256;3225;41
000000000000141269;3089;110
000000000000630954;3089;99
000000000000328254;3193;48
000000000000621034;3074;699
000000000640546002;3172;22
000000000000667696;3089;25
000000000000211158;3089;65
000000000000213396;3225;7
000000000000505746;3172;58
000000000000635684;3093;37
000000000000191007;3092;163
000000000400218001;3180;480
000000000000163295;3211;27
000000000000214187;3091;80
000000000000350937;3180;24
000000000000623176;3172;66
000000000000650823;3225;152
000000000000014296;3092;21
000000000000354918;3091;220
000000000000023002;3092;301
000000000000640021;3074;352
000000000000612883;3093;54
000000000000009130;3091;240
000000000000009130;3098;157
000000000000981938;3223;68
000000000000052294;3093;289
000000000000005542;3193;255
000000000000146986;3085;21
000000000000650823;3172;260
000000000000615836;3211;75
000000000622768006;3193;215
000000000000163401;3223;148
000000000000510814;3172;38
000000000000007482;3211;419
000000000641229002;3093;196
000000000000052651;3098;328
000000000000652002;3094;30
000000000000665610;3098;7
000000000000166832;3187;13
000000000000052651;3093;419
000000000400329001;3085;531
000000000000006129;3223;1287
000000000000731601;3092;467
000000000000277182;3088;108
000000000000253711;3223;13
000000000664214001;3211;49
000000000000203297;3206;18
000000000000575642;3187;55
000000000000010524;3223;68
000000000000156144;3091;54
000000000000641114;3206;27
000000000400067006;3223;85
000000000000035246;3091;166
000000000000558055;3086;35
000000000000187005;3089;277
000000000000558396;3187;64
000000000000645720;3206;9
000000000641229002;3180;125
000000000663007001;3172;85
000000000000132599;3093;66
000000000000781195;3223;29
000000000634844003;3092;39
000000000000611419;3211;178
000000000000983071;3193;18
000000000000052524;3172;42
000000000000983071;3094;39
000000000402163006;3093;26
000000000000007518;3089;6312
000000000000165526;3085;199
000000000000349179;3212;455
000000000000173895;3187;24
000000000000899947;3088;443
000000000000005759;3206;41
000000000000047391;3187;178
000000000000567913;3085;20
000000000000152770;3206;31
000000000000543828;3093;9
000000000000031628;3225;67
000000000668610002;3094;85
000000000000009671;3094;68
000000000000354906;3094;60
000000000000558422;3212;237
000000000000189558;3211;103
000000000000810438;3093;40
000000000639107002;3086;88
000000000000767398;3172;354
000000000000054189;3091;96
000000000000955615;3094;15
000000000000188150;3094;77
000000000647039003;3223;23
000000000000652984;3211;86
000000000000503538;3212;874
000000000000010631;3098;30
000000000400071001;3092;46
000000000000614112;3225;34
000000000000649639;3187;42
000000000000034410;3074;137
000000000000543393;3074;17
000000000000731601;3094;665
000000000000008591;3074;84
000000000000615078;3091;64
000000000000006106;3193;74
000000000000567413;3093;54
000000000000011016;3074;141
000000000000635083;3098;20
000000000000558396;3212;61
000000000000170080;3092;217
000000000000597758;3223;63
000000000000501362;3212;103
000000000000614113;3187;54
000000000000506071;3094;47
000000000000653377;3094;368
000000000000059805;3098;234
000000000000158522;3092;21
000000000000663245;3180;147
000000000000573612;3172;46
000000000000351786;3091;164
000000000000826649;3225;22
000000000000133181;3074;120
000000000000621034;3212;621
000000000000667968;3094;212
000000000000163735;3211;146
000000000000052657;3085;155
000000000000125621;3206;120
000000000400218002;3211;248
000000000000668060;3223;92
000000000000638934;3085;82
000000000000759658;3089;57
000000000000018123;3093;613
000000000000566323;3223;17
000000000000179744;3091;36
000000000000506264;3086;57
000000000000629762;3094;2482
000000000000006532;3091;185
000000000000781199;3091;42
000000000400329002;3193;885
000000000000165488;3086;524
000000000401867002;3088;49
000000000000145237;3091;364
000000000000024562;3187;51
000000000000010526;3093;175
000000000000601607;3094;37
000000000000566344;3206;119
000000000000619699;3172;32
000000000000018119;3223;5334
000000000000628113;3187;233
000000000000139940;3094;51
000000000400329005;3212;851
000000000000158525;3212;166
000000000000636371;3088;189
000000000000758871;3212;81
000000000000177512;3180;2036
000000000000501362;3088;685
000000000000176788;3212;114
000000000000135092;3206;118
000000000000052614;3206;103
000000000000546061;3180;68
000000000000648065;3092;84
000000000000007605;3088;782
000000000000035129;3187;42
000000000000006557;3212;132
000000000000781198;3212;112
000000000000053864;3086;67
000000000000047388;3093;159
000000000000739961;3180;60
000000000000200713;3187;29
000000000402160001;3180;250
000000000000638546;3086;58
000000000000158522;3088;46
000000000000629712;3093;83
000000000000062405;3093;634
000000000000646203;3187;48
000000000000174295;3225;28
000000000000640960;3172;100
000000000000047388;3091;484
000000000663007002;3089;47
000000000000630076;3193;55
000000000000005757;3098;74
000000000000010579;3092;60
000000000650059001;3212;355
000000000648870003;3206;75
000000000000503540;3086;611
000000000000356040;3086;49
000000000000966828;3180;240
000000000000576939;3094;60
000000000000976753;3225;370
000000000000641093;3089;56
000000000000007518;3211;3942
000000000000351785;3085;69
000000000000665477;3088;96
000000000000641548;3172;40
000000000000185006;3085;70
000000000000640873;3085;67
000000000000605405;3093;38
000000000622768004;3172;87
000000000000648154;3212;82
000000000650100001;3212;155
000000000000666016;3172;29
000000000000721107;3091;39
000000000000023002;3086;309
000000000000347001;3094;182
000000000000146224;3085;14
000000000000180031;3094;37
000000000000006143;3074;89
000000000000010478;3212;39
000000000000170847;3225;90
000000000000967746;3086;36
000000000000901934;3074;583
000000000000966828;3206;82
000000000000666102;3086;751
000000000000900819;3187;1098
000000000000631249;3206;132
000000000000052531;3206;120
000000000000666101;3091;401
000000000000654237;3187;35
000000000000754765;3212;101
000000000000200713;3089;23
000000000000010005;3172;443
000000000000186377;3225;35
000000000000176636;3094;45
000000000000281009;3091;97
000000000000291237;3187;47
000000000622768002;3098;92
000000000665420002;3193;65
000000000000568764;3074;37
000000000000619700;3086;42
000000000000018250;3091;227
000000000000024562;3088;84
000000000000648145;3094;207
000000000000017665;3223;66
000000000000640010;3172;52
000000000000665704;3187;70
000000000000665365;3092;76
000000000000868530;3180;26
000000000000192843;3223;25
000000000000652003;3212;93
000000000000665609;3074;20
000000000000174442;3212;48
000000000000649639;3088;33
000000000000652700;3223;200
000000000000665791;3093;57
000000000000053892;3225;220
000000000000133181;3089;432
000000000000170201;3088;169
000000000000358392;3088;124
000000000000292185;3187;120
000000000000710446;3206;171
000000000000052524;3086;49
000000000000640476;3180;105
000000000000558396;3094;84
000000000000648145;3211;192
000000000000611419;3212;198
000000000000252158;3172;149
000000000000231595;3212;11
000000000619006002;3193;44
000000000650100002;3091;99
000000000000180019;3089;30
000000000000119092;3206;100
000000000000185007;3089;99
000000000000198447;3093;250
000000000000063027;3172;168
000000000000118791;3212;113
000000000000017739;3212;130
000000000000642687;3093;591
000000000000630952;3172;39
000000000000905315;3212;18
000000000000648154;3089;25
000000000000018222;3223;148
000000000664214001;3092;37
000000000000182334;3089;32
000000000000526074;3098;86
000000000000607896;3172;19
000000000000661960;3223;106
000000000000612035;3074;88
000000000636515002;3180;54
000000000000010688;3193;155
000000000000518013;3172;73
000000000000665063;3211;988
000000000000616820;3225;547
000000000000130196;3094;296
000000000000967746;3193;20
000000000645975001;3211;327
000000000000032389;3225;1937
000000000000571222;3091;144
000000000000652880;3085;72
000000000000634834;3094;165
000000000000120294;3211;147
000000000000637737;3091;34
000000000000355961;3074;37
000000000000641109;3085;11
000000000000053901;3206;375
000000000000254525;3086;97
000000000000011214;3180;84
000000000645975005;3211;575
000000000663007001;3092;62
000000000645975004;3094;224
000000000000120294;3089;136
000000000000011214;3085;68
000000000000649314;3089;242
000000000000938543;3193;43
000000000000985415;3206;547
000000000000585802;3089;31
000000000000661944;3091;52
000000000000177770;3206;181
000000000000637931;3093;21
000000000000011214;3093;211
000000000000018286;3091;99
000000000000665184;3172;118
000000000000251252;3211;29
000000000000275754;3085;420
000000000000210189;3085;44
000000000000818130;3193;101
000000000000652708;3088;76
000000000000615836;3193;150
000000000000052676;3074;33
000000000402032001;3091;36
000000000000665901;3206;15
000000000000543099;3091;13
000000000000520476;3211;175
000000000000034410;3089;60
000000000663007002;3094;75
000000000000652002;3225;31
000000000000133180;3094;5347
000000000000018123;3180;881
000000000000342157;3223;23
000000000000014362;3212;12
000000000000665799;3187;31
000000000000901934;3211;126
000000000000006674;3223;13
000000000000643027;3085;75
000000000000892231;3172;31
000000000000342159;3223;19
000000000000667429;3091;48
000000000000666102;3089;94
000000000400067006;3074;297
000000000000179977;3172;104
000000000000612883;3085;51
000000000000203297;3098;40
000000000000052538;3212;143
000000000000505193;3225;28
000000000000010521;3212;933
000000000000053893;3086;310
000000000000291237;3086;168
000000000000642723;3187;8
000000000000133223;3206;52
000000000000339586;3193;51
000000000000666166;3223;12
000000000000629403;3180;91
000000000000824569;3180;68
000000000000627253;3223;37
000000000000014296;3086;35
000000000000158375;3085;91
000000000000652001;3092;74
000000000000008892;3089;94
000000000402124001;3085;50
000000000000176788;3074;46
000000000000668903;3085;20
000000000000287807;3223;51
000000000000633961;3193;45
000000000000004901;3074;103
000000000000900827;3074;17528
000000000000132115;3089;45
000000000000024631;3089;94
000000000000620407;3091;1276
000000000616726002;3074;52
000000000000052524;3092;91
000000000000053845;3211;190
000000000000619701;3187;23
000000000000667803;3091;30
000000000000014296;3211;34
000000000000167456;3093;108
000000000000128229;3212;70
000000000000005155;3092;33
000000000000637670;3091;121
000000000000053893;3094;1451
000000000000007087;3223;136
000000000000567412;3089;50
000000000000006129;3094;178
000000000000174442;3225;28
000000000000139492;3086;104
000000000000189558;3223;59
000000000000900816;3211;408
000000000000611419;3086;233
000000000000010579;3211;34
000000000000967746;3225;17
000000000000607897;3086;11
000000000000351787;3172;144
000000000000667907;3172;176
000000000645975002;3091;350
000000000402163020;3187;32
000000000000650419;3225;113
000000000000004900;3091;46
000000000000663244;3180;129
000000000000612233;3093;253
000000000000019952;3212;93
000000000000006542;3211;118
000000000000141205;3092;88
000000000000298060;3187;110
000000000000643026;3094;115
000000000000623107;3085;23
000000000000626166;3074;74
000000000000652985;3212;49
000000000000628091;3211;102
000000000000004973;3086;126
000000000000180016;3098;32
000000000000519771;3223;24
000000000000010680;3212;79
000000000000985918;3085;34
000000000000616203;3086;23
000000000000176198;3094;22
000000000000165524;3086;24
000000000000645478;3193;51
000000000000354906;3211;107
000000000000146527;3086;41
000000000000120517;3093;111
000000000402629006;3091;4416
000000000000864254;3086;37
000000000000177525;3187;777
000000000000007482;3212;842
000000000000641279;3074;58
000000000000053893;3172;892
000000000000607906;3089;193
000000000654770002;3172;21
000000000000571223;3088;271
000000000000006438;3225;17
000000000000318983;3225;41
000000000000133180;3223;460
000000000000565609;3098;51
000000000000009640;3085;39
000000000000913285;3211;95
000000000000638619;3223;26
000000000000203383;3223;587
000000000000010570;3091;186
000000000000203383;3172;40
000000000000558051;3180;7
000000000000781195;3172;127
000000000000645724;3180;153
000000000400329002;3223;366
000000000000168914;3187;61
000000000000146753;3092;219
000000000000635083;3091;30
000000000000213570;3074;18
000000000000637200;3093;5
000000000000007504;3172;452
000000000000955613;3098;21
000000000000665212;3206;100
000000000000215153;3225;55
000000000000052657;3098;76
000000000000868933;3085;82
000000000000134121;3093;27
000000000000966828;3098;71
000000000000211061;3212;30
000000000000052720;3180;30
000000000000154633;3180;39
000000000400183001;3206;87
000000000000169663;3223;71
000000000000973574;3098;9
000000000000133180;3172;3949
000000000000626165;3187;172
000000000000118603;3187;11
000000000000024197;3098;105
000000000000248328;3086;335
000000000400070001;3172;186
000000000000649222;3085;79
000000000000349179;3094;2726
000000000000198339;3206;156
000000000000059805;3091;61
000000000000158525;3193;302
000000000000017665;3086;132
000000000634844003;3211;73
000000000000660822;3088;4
000000000000180010;3088;31
000000000665922002;3225;83
000000000000981938;3088;136
000000000000510814;3092;192
000000000000646203;3092;221
000000000400183006;3180;136
000000000000178087;3193;134
000000000000744843;3089;12
000000000000181828;3172;30
000000000000023002;3172;180
000000000000561301;3089;27
000000000000665477;3212;64
000000000000506264;3211;37
000000000000777211;3211;149
000000000000561523;3193;15
000000000000510814;3225;30
000000000000023776;3211;42
000000000000698846;3187;234
000000000000358336;3172;1884
000000000000199738;3091;224
000000000000213259;3172;1567
000000000000617411;3206;48
000000000402163019;3086;47
000000000000185007;3225;52
000000000000575693;3193;33
000000000000652001;3223;53
000000000668190001;3211;89
000000000654770002;3193;40
000000000000518338;3172;132
000000000000174295;3187;51
000000000000158375;3091;31
000000000000154633;3091;80
000000000000339586;3089;42
000000000000667696;3212;12
000000000000991226;3180;167
000000000000633967;3212;158
000000000647039004;3094;42
000000000000666029;3093;28
000000000000006455;3180;31
000000000000010688;3088;166
000000000402613001;3180;962
000000000000006457;3212;631
000000000637411002;3086;130
000000000000543700;3193;35
000000000645975002;3098;424
000000000000868933;3098;77
000000000000816587;3193;517
000000000000617381;3223;18
000000000402629003;3093;425
000000000000815281;3092;22
000000000000181828;3193;123
000000000000192843;3092;28
000000000000606624;3092;25
000000000000215153;3086;41
000000000000011214;3098;84
000000000000180049;3089;38
000000000000616985;3225;222
000000000000017929;3085;348
000000000000145238;3093;89
000000000000203455;3085;487
000000000000661119;3094;948
000000000000648732;3094;68
000000000000975247;3180;6
000000000000645478;3211;67
000000000000138610;3091;65
000000000000031910;3092;1635
000000000000698846;3094;124
000000000000561208;3223;51
000000000000566342;3172;441
000000000000170847;3086;136
000000000000626165;3074;64
000000000000062389;3093;37
000000000000562182;3091;28
000000000000641384;3093;16
000000000000303385;3088;465
000000000000842477;3180;76
000000000000561301;3092;18
000000000650059001;3088;234
000000000000767398;3187;197
000000000000616202;3180;22
000000000000616492;3094;94
000000000000638654;3088;53
000000000402163005;3093;22
000000000000663156;3211;66
000000000000546916;3086;15
000000000000666016;3074;34
000000000000668651;3091;18
000000000000152767;3092;91
000000000000616203;3094;18
000000000000321018;3088;117
000000000000031357;3187;18
000000000000617380;3085;18
000000000000614356;3225;38
000000000000284662;3086;126
000000000000163735;3089;44
000000000000663651;3212;44
000000000000640665;3223;27
000000000000907292;3212;131
000000000000146753;3086;120
000000000000617911;3187;76
000000000000052634;3172;100
000000000000215161;3093;307
000000000000588612;3086;73
000000000000569209;3088;99
000000000000351783;3085;184
000000000000667696;3193;43
000000000000118603;3223;35
000000000000217112;3074;15
000000000000342883;3193;51
000000000401851006;3093;23
000000000000815281;3187;153
000000000402163020;3094;91
000000000000197610;3074;50
000000000000607261;3193;37
000000000000648732;3074;35
000000000000286465;3085;53
000000000000651999;3187;77
000000000000758872;3089;616
000000000000168914;3094;50
000000000000141189;3089;37
000000000000015864;3094;75
000000000000619699;3089;12
000000000000615003;3085;46
000000000000566342;3088;155
000000000000120294;3086;167
000000000000625676;3092;543
000000000000354906;3086;160
000000000000131318;3098;28
000000000000015864;3212;70
000000000400055004;3172;1102
000000000000007482;3089;560
000000000000358359;3089;144
000000000000616492;3193;44
000000000000024668;3092;2810
000000000000578191;3212;104
000000000000568764;3187;30
000000000000152767;3212;141
000000000000864254;3225;72
000000000000588612;3088;48
000000000000181373;3088;14
000000000400055004;3187;230
000000000000652481;3085;37
000000000000180016;3180;19
000000000000780927;3086;53
000000000000632934;3086;28
000000000000318983;3092;1026
000000000000139940;3223;37
000000000000140102;3193;16
000000000000174295;3094;73
000000000000171547;3180;67
000000000000215841;3089;1356
000000000000648981;3223;152
000000000000668189;3172;40
000000000000648732;3086;23
000000000000355622;3206;188
000000000000631121;3089;41
000000000000632285;3088;28
000000000000179981;3088;121
000000000000231595;3225;20
000000000000133435;3098;639
000000000000120789;3093;21
000000000401926001;3088;38
000000000000010008;3098;720
000000000401861010;3211;92
000000000000665264;3088;33
000000000000064466;3225;24
000000000000169663;3225;42
000000000650059001;3074;394
000000000000052652;3094;979
000000000000641113;3180;407
000000000000132114;3085;37
000000000000604495;3180;21
000000000000008892;3187;168
000000000000016957;3074;81
000000000000010521;3211;488
000000000000634900;3092;53
000000000000634900;3193;46
000000000000539292;3089;87
000000000000543700;3211;26
000000000000612505;3091;33
000000000000139922;3093;85
000000000000641548;3089;48
000000000000181828;3187;19
000000000000030951;3212;61
000000000000572837;3211;9
000000000000648732;3225;21
000000000000816588;3225;336
000000000000154632;3085;91
000000000000355961;3088;13
000000000000666914;3092;201
000000000000010688;3089;122
000000000000629430;3180;43
000000000000648979;3098;245
000000000000614340;3223;290
000000000000976752;3172;419
000000000000005960;3085;177
000000000000585347;3098;90
000000000000638654;3094;43
000000000000191112;3091;32
000000000000576939;3074;81
000000000000663845;3074;306
000000000000655578;3212;42
000000000000667839;3211;46
000000000400183001;3180;88
000000000000248328;3172;347
000000000000612882;3085;44
000000000000612808;3223;269
000000000000025947;3225;43
000000000000646202;3089;263
000000000000781199;3180;44
000000000000191021;3223;44
000000000665922001;3206;56
000000000000171547;3085;28
000000000000611421;3211;396
000000000400329004;3089;446
000000000000047391;3088;256
000000000000506147;3187;26
000000000647039003;3193;55
000000000000132115;3092;42
000000000000181878;3093;90
000000000634844002;3094;24
000000000000053845;3092;696
000000000000503539;3091;552
000000000000667119;3206;20
000000000000666166;3212;20
000000000000172482;3172;144
000000000000011016;3225;53
000000000000172469;3187;104
000000000000649868;3206;27
000000000000179987;3091;15
000000000000009671;3089;83
000000000000665274;3074;26
000000000000024197;3091;96
000000000000824569;3093;16
000000000000009451;3193;28
000000000000356297;3180;48
000000000622768006;3088;100
000000000000230843;3094;39
000000000401724001;3074;371
000000000000667839;3088;3641
000000000000047388;3180;281
000000000000189987;3206;221
000000000000650196;3094;64
000000000000665275;3225;58
000000000000284090;3086;15
000000000000178089;3187;79
000000000000639525;3180;18
000000000663007002;3225;56
000000000000139940;3074;41
000000000000010579;3089;58
000000000000187418;3074;38
000000000000630440;3085;21
000000000000219335;3172;69
000000000000636577;3074;132
000000000000666921;3223;26
000000000000597758;3086;16
000000000000647736;3098;261
000000000402197001;3074;24
000000000000629402;3098;99
000000000000667815;3089;7
000000000000152770;3180;56
000000000000198342;3089;20
000000000000544705;3098;32
000000000000184561;3092;182
000000000000603675;3085;46
000000000000141360;3085;664
000000000000141189;3088;53
000000000000133181;3211;116
000000000000321018;3212;1092
000000000000578191;3092;300
000000000000005873;3088;50
000000000000130196;3225;209
000000000000766964;3092;38
000000000000191021;3172;79
000000000000607906;3211;179
000000000000530962;3089;125
000000000000568755;3180;170
000000000000639695;3206;64
000000000000688938;3091;106
000000000400055005;3074;218
000000000000158525;3086;438
000000000000652973;3206;33
000000000000060385;3223;520
000000000000758871;3193;781
000000000000981938;3089;113
000000000000170845;3225;177
000000000665922001;3180;154
000000000000141270;3093;40
000000000000615396;3187;47
000000000000179744;3206;51
000000000000718537;3085;2842
000000000000053893;3212;314
000000000000597757;3225;18
000000000668190002;3093;101
000000000000356040;3088;51
000000000402613002;3074;3788
000000000000567912;3180;12
000000000000607911;3225;107
000000000000007484;3088;126
000000000000668127;3092;263
000000000000179983;3086;50
000000000000665791;3085;54
000000000000052524;3074;39
000000000000637755;3085;8
000000000000141360;3091;426
000000000000006446;3223;30
000000000000154634;3089;49
000000000000976752;3187;237
000000000000585802;3223;29
000000000000007407;3085;428
000000000000169183;3093;147
000000000000035129;3089;126
000000000000661594;3074;43
000000000000616209;3085;14
000000000000637755;3093;9
000000000000179981;3225;85
000000000647039002;3089;10
000000000000666016;3212;32
000000000000665275;3193;162
000000000000351787;3212;138
000000000400072001;3098;101
000000000000005542;3225;29
000000000000628113;3089;697
000000000000619699;3211;28
000000000000024599;3206;102
000000000000698846;3223;204
000000000401926001;3074;38
000000000000955555;3094;29
000000000000628527;3193;45
000000000000640960;3212;466
000000000000960218;3180;43
000000000000828564;3172;198
000000000000139890;3172;46
000000000000164153;3089;105
000000000000355630;3172;3304
000000000000213571;3193;78
000000000000005963;3089;954
000000000000920545;3093;2515
000000000000008644;3223;42
000000000000631045;3206;22
000000000000789276;3211;27
000000000402160009;3212;21
000000000000347001;3172;142
000000000000203383;3088;18
000000000000031357;3092;67
000000000000053864;3187;66
000000000000663156;3088;68
000000000000628527;3211;42
000000000000754765;3074;704
000000000000667850;3098;5
000000000000558396;3092;144
000000000000616068;3193;88
000000000000179368;3089;12
000000000000667692;3098;88
000000000668610001;3086;31
000000000000640010;3187;29
000000000000141269;3172;109
000000000000010662;3206;524
000000000000007518;3212;12829
000000000000163896;3074;75
000000000000358392;3089;254
000000000000217111;3092;33
000000000000667694;3187;38
000000000000284662;3094;124
000000000000052676;3223;22
000000000401724010;3193;886
000000000000008645;3085;41
000000000000668903;3091;328
000000000402163013;3094;75
000000000000625401;3086;37
000000000000546916;3074;48
000000000000141205;3074;81
000000000641229002;3091;249
000000000000006557;3225;166
000000000000863278;3211;41
000000000000031915;3212;95
000000000000011506;3091;106
000000000000344299;3086;419
000000000000164153;3212;120
000000000000191247;3074;18
000000000000654237;3172;28
000000000000164124;3092;113
000000000000005966;3172;9
000000000000005873;3211;58
000000000000892231;3094;67
000000000000612861;3085;24
000000000000303385;3089;315
000000000000638916;3085;67
000000000000008892;3092;203
000000000000178088;3193;106
000000000000505746;3225;41
000000000000648980;3091;160
000000000000035196;3187;144
000000000000005760;3225;81
000000000000158523;3206;10
000000000000142838;3092;32
000000000000641384;3091;90
000000000000006107;3089;1561
000000000000015864;3193;97
000000000000215153;3074;109
000000000000163039;3091;41
000000000000004901;3086;39
000000000000532217;3211;12
000000000000180049;3074;19
000000000000292185;3225;356
000000000000031915;3089;25
000000000000349179;3172;1100
000000000000941357;3074;171
000000000000342159;3212;35
000000000639107001;3085;95
000000000000606698;3212;30
000000000000660822;3223;12
000000000000300245;3193;11
000000000000561188;3211;68
000000000000173896;3092;50
000000000000351992;3074;6
000000000000035284;3180;160
000000000000781195;3074;101
000000000000192594;3093;10
000000000000120294;3187;113
000000000000612667;3091;373
000000000000127649;3085;28
000000000000863278;3212;60
000000000000629430;3085;30
000000000000649041;3180;105
000000000000632283;3098;38
000000000401861010;3089;24
000000000000170080;3225;77
000000000000146214;3093;48
000000000000641279;3225;13
000000000000321094;3093;2288
000000000000647125;3085;74
000000000000165488;3211;57
000000000000653876;3223;23
000000000000056648;3086;64
000000000000170201;3074;108
000000000000145903;3085;331
000000000000614113;3223;44
000000000000571223;3187;271
000000000000560511;3093;76
000000000000188150;3187;69
000000000000008558;3089;39
000000000000179743;3074;123
000000000000342159;3225;13
000000000000053845;3223;364
000000000000010521;3172;150
000000000000215155;3225;25
000000000000616492;3187;62
000000000000641109;3091;15
000000000000128229;3211;151
000000000000191249;3093;25
000000000000128227;3088;224
000000000000622002;3093;69
000000000401724010;3187;1711
000000000000578191;3088;251
000000000000779613;3180;44
000000000639107002;3074;78
000000000000010571;3212;142
000000000000231594;3086;12
000000000000506264;3225;26
000000000000062470;3212;404
000000000000616112;3225;14
000000000000604435;3180;95
000000000000018292;3180;437
000000000000211158;3086;195
000000000000005779;3225;36
000000000000664937;3092;28
000000000000031628;3088;98
000000000000211158;3074;102
000000000000588612;3092;23
000000000000628091;3094;50
000000000000251252;3172;73
000000000000176198;3172;32
000000000623988001;3225;36
000000000000349179;3193;1226
000000000000900817;3093;906
000000000000629762;3211;3858
000000000000616985;3089;208
000000000000667263;3074;48
000000000000355005;3098;55
000000000000877304;3085;118
000000000000710446;3098;117
000000000000543393;3187;17
000000000000640010;3088;50
000000000000128229;3074;112
000000000000631249;3093;217
000000000000031356;3172;104
000000000000013241;3091;41
000000000000668189;3193;50
000000000000663845;3212;371
000000000000118792;3206;110
000000000000260876;3223;26
000000000000168906;3091;42
000000000000006451;3180;46
000000000000892231;3225;29
000000000000349368;3092;6473
000000000000182571;3094;34
000000000000604496;3223;19
000000000000167455;3093;1041
000000000400218002;3094;286
000000000000180049;3223;16
000000000000625676;3187;231
000000000000010662;3180;664
000000000000191007;3211;75
000000000000640959;3180;1698
000000000000344300;3094;528
000000000000561155;3089;356
000000000000146753;3193;176
000000000000639040;3211;56
000000000000698846;3225;82
000000000000158523;3085;17
000000000402613001;3091;768
000000000000639695;3085;97
000000000000005758;3223;15
000000000000005966;3212;19
000000000000180049;3172;18
000000000000355630;3211;2182
000000000000863277;3088;34
000000000000621936;3089;97
000000000000901361;3180;25
000000000000639546;3225;126
000000000000571228;3206;832
000000000000639789;3093;27
000000000000598873;3206;399
000000000000571229;3074;197
000000000000163735;3074;92
000000000000639039;3085;158
000000000000816587;3074;433
000000000000141271;3089;62
000000000000140102;3225;24
000000000000543099;3093;6
000000000000009674;3094;100
000000000000900827;3212;84
000000000639559001;3193;25
000000000000578191;3193;311
000000000000328254;3089;25
000000000000625809;3074;52
000000000000955615;3088;25
000000000000133224;3098;495
000000000000014296;3074;30
000000000000005761;3223;60
000000000000141870;3093;254
000000000000662257;3091;402
000000000000662372;3086;313
000000000000625676;3074;264
000000000000198491;3093;1249
000000000000195024;3074;27
000000000000597758;3225;57
000000000000005054;3098;315
000000000000213571;3172;355
000000000000571228;3085;2118
000000000666059003;3212;16
000000000000516543;3172;404
000000000000650419;3094;197
000000000000655684;3206;11
000000000000561000;3223;16
000000000000358031;3098;41
000000000000052634;3212;200
000000000000168302;3091;48
000000000000141821;3223;368
000000000000211158;3223;17
000000000000174442;3092;26
000000000402629001;3172;243
000000000000154632;3093;97
000000000000976752;3225;179
000000000000052392;3092;236
000000000000631668;3093;19
000000000000009671;3223;60
000000000000009451;3223;21
000000000000667968;3092;82
000000000000611123;3211;18
000000000000650196;3089;65
000000000000635726;3086;41
000000000000661854;3223;219
000000000000298060;3089;133
000000000000645723;3094;23
000000000000031356;3193;75
000000000000031356;3187;15
000000000628439002;3187;617
000000000000688936;3089;48
000000000000639040;3089;62
000000000000179981;3092;228
000000000400329005;3225;531
000000000000615396;3086;82
000000000000635466;3092;316
000000000000007087;3225;51
000000000000780927;3172;201
000000000000005961;3098;31
000000000000616820;3172;1326
000000000000668651;3093;23
000000000000567412;3223;20
000000000000005861;3193;83
000000000000053901;3180;1865
000000000000650198;3180;29
000000000000208697;3225;22
000000000000005758;3193;15
000000000000901361;3093;60
000000000000203300;3180;15
000000000000667429;3180;141
000000000000182690;3180;52
000000000000214186;3086;505
000000000000665265;3172;39
000000000000878691;3094;363
000000000000639855;3225;169
000000000000640959;3098;831
000000000000179368;3193;64
000000000000177525;3193;85
000000000000666015;3206;21
000000000650100001;3172;184
000000000000634412;3206;68
000000000000174785;3094;27
000000000000284090;3089;24
000000000645975001;3086;265
000000000401867009;3074;79
000000000000900816;3089;1490
000000000000789276;3088;64
000000000000210403;3092;202
000000000400261002;3206;160
000000000000543098;3093;20
000000000000639038;3206;34
000000000000006674;3086;10
000000000647039004;3211;38
000000000000623326;3212;82
000000000000006495;3206;68
000000000000005603;3225;48
000000000000638228;3206;56
000000000000031915;3092;741
000000000654827003;3225;20
000000000000180010;3086;12
000000000000913285;3187;2007
000000000000960219;3172;392
000000000000640961;3085;79
000000000000967746;3074;18
000000000000054626;3098;22
000000000000653377;3172;207
000000000400308002;3086;1699
000000000000178087;3225;69
000000000000141993;3089;92
000000000000628239;3092;99
000000000000215153;3172;61
000000000000178088;3074;81
000000000000618836;3093;94
000000000000328254;3088;40
000000000000146509;3086;683
000000000663007001;3225;48
000000000664214001;3223;23
000000000000147552;3088;237
000000000000176636;3211;37
000000000000638546;3172;59
000000000000619699;3187;11
000000000000191246;3074;64
000000000000174785;3172;36
000000000000539292;3092;110
000000000000645478;3086;127
000000000000640484;3223;24
000000000000645433;3206;17
000000000000661945;3085;105
000000000000182568;3180;19
000000000000900816;3225;423
000000000000358031;3093;36
000000000000661854;3211;473
000000000000661854;3212;124
000000000000553519;3098;165
000000000401926001;3089;28
000000000400329009;3180;1707
000000000000516747;3074;1248
000000000000052524;3225;70
000000000000878691;3212;312
000000000000182334;3086;89
000000000402163002;3206;311
000000000000192562;3180;34
000000000000165526;3206;229
000000000000630078;3091;21
000000000000744843;3187;10
000000000000652003;3088;73
000000000000210484;3180;39
000000000400055001;3093;362
000000000000018222;3086;32
000000000000628527;3172;76
000000000000063027;3212;76
000000000000174785;3223;23
000000000619006002;3212;17
000000000402613001;3206;58
000000000000131441;3098;301
000000000000351785;3093;92
000000000000607897;3187;12
000000000000871178;3187;40
000000000000130196;3088;185
000000000654827004;3193;23
000000000000178088;3225;99
000000000000010570;3093;202
000000000654827002;3172;49
000000000000630440;3098;21
000000000400070001;3187;637
000000000000572837;3088;9
000000000648444001;3206;51
000000000000009228;3180;274
000000000000006129;3211;127
000000000000355620;3206;581
000000000000665704;3094;82
000000000000641113;3093;533
000000000000900820;3180;5057
000000000000666029;3098;105
000000000000005155;3211;31
000000000402163019;3088;38
000000000000648349;3085;28
000000000000666016;3187;19
000000000000278354;3092;35
000000000000561208;3211;96
000000000000631254;3223;33
000000000000606428;3086;25
000000000000641548;3223;43
000000000000503538;3088;909
000000000000566344;3180;100
000000000000210484;3091;34
000000000000179743;3187;12
000000000668190002;3085;110
000000000400329003;3212;943
000000000000139940;3187;111
000000000000666259;3098;117
000000000000010570;3085;149
000000000000976753;3193;819
000000000000661118;3074;84
000000000000059685;3093;66
000000000000645928;3206;26
000000000000759335;3085;1242
000000000000579994;3225;39
000000000000166832;3211;44
000000000000612035;3088;57
000000000000616203;3193;64
000000000000347001;3089;334
000000000000132599;3091;23
000000000000568818;3089;53
000000000000217922;3074;152
000000000000006105;3093;2911
000000000000006466;3093;143
000000000000629757;3091;139
000000000000053892;3074;208
000000000000650419;3086;226
000000000000353250;3093;44
000000000000505193;3187;44
000000000401867009;3187;34
000000000000023776;3094;34
000000000000628527;3212;79
000000000000900826;3085;37
000000000000190995;3193;128
000000000000031910;3094;1092
000000000000650626;3223;38
000000000000141189;3094;63
000000000000648980;3206;70
000000000000010005;3187;319
000000000000155394;3085;2884
000000000000007484;3086;164
000000000619006002;3225;38
000000000000031023;3172;185
000000000666059002;3093;40
000000000000985414;3085;228
000000000000141205;3088;58
000000000622768001;3180;110
000000000000191247;3193;16
000000000000141271;3092;185
000000000000631323;3093;17
000000000000646214;3094;107
000000000000549591;3206;19
000000000000132599;3180;36
000000000000665704;3089;63
000000000000607508;3206;36
000000000000607896;3088;20
000000000000342159;3088;49
000000000000006531;3089;3814
000000000000024570;3187;18
000000000000900819;3212;3023
000000000000612888;3223;42
000000000000213396;3086;22
000000000000639039;3091;149
000000000000179743;3086;309
000000000000635313;3211;245
000000000000006143;3094;667
000000000639559001;3225;24
000000000000611858;3225;42
000000000000005959;3206;621
000000000000666166;3088;22
000000000000666102;3172;356
000000000000976753;3088;151
000000000000006558;3091;72
000000000650059001;3193;595
000000000000133181;3193;950
000000000000358359;3187;464
000000000000217112;3225;11
000000000000901361;3085;69
000000000000645723;3223;33
000000000000140265;3180;147
000000000000636577;3193;245
000000000000913286;3206;71
000000000000024562;3094;65
000000000000882757;3092;25
000000000000141205;3211;48
000000000000633967;3086;256
000000000000355630;3086;1459
000000000000561188;3172;30
000000000000139922;3098;59
000000000000666921;3172;52
000000000000007408;3088;1351
000000000400182008;3187;1111
000000000000899947;3172;1719
000000000000212914;3180;41
000000000000010005;3089;571
000000000402160009;3225;9
000000000000006449;3225;233
000000000000052679;3098;217
000000000000132115;3211;35
000000000654770002;3094;57
000000000000652708;3086;26
000000000000213571;3187;212
000000000000616985;3086;288
000000000000638654;3086;135
000000000000882757;3225;14
000000000000616492;3172;49
000000000000818130;3211;90
000000000628439001;3093;34
000000000000900821;3091;541
000000000000575145;3187;16
000000000000650196;3172;98
000000000000625401;3089;17
000000000000344299;3211;1547
000000000000628091;3172;130
000000000000286465;3206;129
000000000000616068;3223;67
000000000000178386;3074;57
000000000000024668;3225;2762
000000000000639546;3094;153
000000000000013908;3225;23
000000000000146986;3091;123
000000000000308550;3187;25
000000000000632940;3193;247
000000000000614355;3092;20
000000000000180030;3086;39
000000000000505193;3094;54
000000000000721107;3085;20
000000000000321094;3180;1929
000000000000579994;3172;63
000000000000188150;3074;135
000000000000031913;3223;42
000000000000191021;3092;67
000000000401861010;3094;255
000000000000810437;3225;55
000000000000635726;3088;19
000000000000153589;3088;80
000000000000900816;3092;3551
000000000000185006;3206;102
000000000000665518;3098;28
000000000000180030;3172;84
000000000000639936;3193;134
000000000000006126;3206;2750
000000000000218917;3223;91
000000000000569209;3172;60
000000000400308003;3206;160
000000000000180004;3089;41
000000000000174330;3085;135
000000000000210189;3093;25
000000000000665365;3086;91
000000000400055004;3092;201
000000000400329004;3092;340
000000000000617911;3211;69
000000000619006002;3092;36
000000000000006668;3211;12
000000000000154634;3172;78
000000000000614355;3193;31
000000000000278354;3223;54
000000000000664937;3223;39
000000000000649222;3206;89
000000000000163039;3206;40
000000000665771001;3085;44
000000000000019952;3089;115
000000000000520476;3086;112
000000000000342157;3086;28
000000000000017659;3085;152
000000000000015532;3094;16
000000000000933456;3085;39
000000000000562679;3206;19
000000000000179981;3223;230
000000000000179983;3092;23
000000000000056648;3092;31
000000000000661594;3094;60
000000000402160009;3193;69
000000000000182689;3172;58
000000000000579800;3187;38
000000000000640959;3085;729
000000000000128228;3212;69
000000000000005960;3098;171
000000000000631121;3212;50
000000000000018119;3212;1354
000000000000558422;3088;142
000000000000665609;3086;15
000000000000208698;3098;33
000000000000639896;3074;149
000000000000062389;3180;118
000000000000607914;3092;160
000000000000516748;3098;7756
000000000000251914;3206;75
000000000000506071;3225;51
000000000000133229;3085;47
000000000000532217;3086;64
000000000000005603;3086;24
000000000000652002;3211;65
000000000000651990;3093;105
000000000000005966;3223;15
000000000000638276;3092;65
000000000000643027;3093;123
000000000000654237;3211;15
000000000000665856;3206;10
000000000000009009;3088;204
000000000000625809;3211;40
000000000400055005;3225;162
000000000000646386;3093;342
000000000000132112;3074;212
000000000000546061;3093;82
000000000000789276;3074;81
000000000000052720;3085;21
000000000639107002;3212;207
000000000000178386;3225;75
000000000000126791;3092;87
000000000000291510;3085;56
000000000000119002;3172;1727
000000000000215974;3187;12
000000000000284090;3172;45
000000000668610002;3089;60
000000000000941356;3074;109
000000000000621033;3098;175
000000000000176169;3092;145
000000000000318983;3212;242
000000000000018137;3180;41
000000000400069002;3098;625
000000000000663845;3193;265
000000000000163039;3180;49
000000000000145238;3098;216
000000000000007408;3094;1181
000000000000158479;3225;166
000000000648870003;3085;48
000000000000173895;3212;69
000000000000004900;3098;61
000000000000639546;3187;132
000000000000501362;3074;476
000000000000566344;3085;81
000000000400069001;3225;558
000000000400070001;3088;675
000000000000652974;3074;34
000000000000174299;3225;31
000000000000603184;3074;99
000000000000612806;3223;119
000000000400329005;3094;273
000000000000632283;3085;66
000000000000005965;3180;13
000000000000503538;3193;1550
000000000000146753;3074;198
000000000000006552;3086;1028
000000000000616932;3085;6
000000000000178379;3206;95
000000000000170080;3094;210
000000000000358392;3086;271
000000000000064466;3193;35
000000000000053957;3094;115
000000000000661594;3088;24
000000000000165488;3074;269
000000000000612808;3212;169
000000000000052634;3187;100
000000000000826649;3089;38
000000000000901934;3187;214
000000000000623256;3211;69
000000000000641548;3088;41
000000000000006451;3206;73
000000000650386001;3206;16
000000000000006105;3091;1912
000000000000017707;3206;112
000000000000955613;3093;56
000000000619006002;3211;19
000000000000991225;3093;66
000000000000192845;3223;18
000000000000174299;3193;87
000000000400055001;3206;276
000000000000863278;3092;71
000000000000145238;3091;176
000000000000646214;3225;86
000000000000754766;3187;26
000000000000588612;3225;92
000000000000158479;3089;203
000000000000007390;3093;3253
000000000000653377;3074;168
000000000000601607;3074;16
000000000000166832;3088;42
000000000000169057;3086;45
000000000654770001;3172;65
000000000000899947;3187;257
000000000000141403;3094;59
000000000000135488;3091;449
000000000621962002;3098;15
000000000000776038;3074;247
000000000000010216;3093;52
000000000000632286;3093;46
000000000000516747;3187;385
000000000000174299;3092;77
000000000000018222;3211;297
000000000000653377;3086;316
000000000000009671;3074;65
000000000000324538;3212;96
000000000000295106;3089;40
000000000000291227;3088;762
000000000000744843;3086;9
000000000000031357;3172;58
000000000000174442;3086;58
000000000400069001;3092;1205
000000000000006455;3091;75
000000000000179368;3172;39
000000000000663845;3172;252
000000000000665274;3193;24
000000000000215841;3211;272
000000000000646386;3206;153
000000000000024155;3088;108
000000000000024570;3223;122
000000000000781021;3187;51
000000000000163295;3092;20
000000000000194269;3206;30
000000000000647173;3193;49
000000000000611420;3187;226
000000000000006552;3088;61
000000000400055005;3172;408
000000000634844001;3093;53
000000000000607897;3089;26
000000000000606624;3225;20
000000000000158886;3223;125
000000000668190001;3086;149
000000000000882757;3172;67
000000000666059003;3223;35
000000000000156144;3206;77
000000000000744843;3088;11
000000000000648065;3088;42
000000000000612888;3094;39
000000000000146527;3094;32
000000000000010005;3094;279
000000000000052676;3172;42
000000000000667424;3094;24
000000000000163295;3193;60
000000000000004973;3088;29
000000000000213396;3187;12
000000000402160001;3093;14
000000000000640010;3211;34
000000000000006107;3223;775
000000000645975005;3086;525
000000000000639525;3085;26
000000000000169057;3211;34
000000000000612532;3223;22
000000000000006126;3091;1523
000000000000900824;3098;1588
000000000000005873;3225;40
000000000000650655;3180;41
000000000000006107;3212;811
000000000000034410;3211;48
000000000000781196;3206;85
000000000000156146;3092;150
000000000000651999;3225;48
000000000000544169;3091;32
000000000000342159;3094;28
000000000000623020;3094;31
000000000000626753;3206;31
000000000000355961;3212;16
000000000000634900;3172;41
000000000000810437;3088;80
000000000000561155;3172;493
000000000000667424;3172;42
000000000000652467;3225;74
000000000616562001;3180;49
000000000000220630;3093;17
000000000624310001;3180;34
000000000665420003;3180;138
000000000000634834;3225;103
000000000000355904;3211;28
000000000000182574;3193;54
000000000000576448;3093;17
000000000000324013;3094;86
000000000400071004;3093;38
000000000000210403;3086;112
000000000000355622;3091;280
000000000000146509;3172;831
000000000000863277;3089;37
000000000000139492;3187;418
000000000000744843;3094;15
000000000000625809;3086;36
000000000000638654;3092;96
000000000000251914;3093;132
000000000000759658;3187;98
000000000000625401;3092;42
000000000000046528;3085;803
000000000000777211;3172;198
000000000654827002;3212;16
000000000000059685;3206;41
000000000000010584;3085;60
000000000000661120;3206;39
000000000000174785;3088;71
000000000000007482;3088;806
000000000000758871;3223;539
000000000000006526;3085;48
000000000402160009;3094;103
000000000000612035;3211;92
000000000000637200;3085;8
000000000000189537;3093;66
000000000000178018;3091;37
000000000000648065;3212;71
000000000000017707;3180;121
000000000000627254;3092;46
000000000000976753;3074;546
000000000000634994;3086;122
000000000000052679;3180;87
000000000000901934;3172;126
000000000639107002;3092;77
000000000648444001;3091;47
000000000000009640;3091;42
000000000000642688;3093;406
000000000000616820;3223;543
000000000000016957;3212;189
000000000639107002;3172;79
000000000400185002;3206;74
000000000402629004;3098;650
000000000000955614;3206;22
000000000000518013;3086;45
000000000000516543;3094;159
000000000000006129;3225;349
000000000000634412;3085;134
000000000000561301;3211;10
000000000000666029;3180;42
000000000000585802;3211;8
000000000000005873;3212;81
000000000000251914;3091;93
000000000000665715;3085;13
000000000000868530;3098;62
000000000000010571;3074;175
000000000000007504;3225;403
000000000000533072;3193;15
000000000000217111;3225;7
000000000000558396;3211;88
000000000000194269;3098;31
000000000619006002;3187;44
000000000000646070;3089;536
000000000000007493;3093;574
000000000000211061;3092;41
000000000000632940;3089;56
000000000000628239;3193;101
000000000000688937;3074;232
000000000665091001;3085;12
000000000000005760;3088;159
000000000000158886;3211;57
000000000000291227;3187;70
000000000616561001;3223;39
000000000000052659;3088;321
000000000000118603;3088;23
000000000000629402;3091;60
000000000000663845;3211;242
000000000000170080;3211;121
000000000000976753;3172;466
000000000000662178;3086;562
000000000000351787;3094;122
000000000000006531;3212;2796
000000000000035196;3225;37
000000000000215949;3223;42
000000000000170845;3211;110
000000000000006552;3094;2592
000000000000213396;3211;25
000000000000530962;3212;234
000000000402629004;3180;3578
000000000000863275;3223;37
000000000000636692;3223;47
000000000000303385;3211;39
000000000000006557;3172;33
000000000000203383;3089;29
000000000000217922;3223;191
000000000000231595;3094;14
000000000000035129;3088;65
000000000000667263;3088;24
000000000000941356;3086;806
000000000000154634;3211;77
000000000000618209;3223;16
000000000000007484;3094;129
000000000000188150;3086;59
000000000000901934;3094;168
000000000000665187;3187;31
000000000402160009;3223;120
000000000666059001;3091;58
000000000000665280;3206;19
000000000000192594;3180;15
000000000000230843;3223;150
000000000000661594;3092;25
000000000000189558;3193;69
000000000000156561;3089;45
000000000000634834;3193;161
000000000000056648;3172;267
000000000000014296;3089;87
000000000000759661;3172;195
000000000000164129;3193;54
000000000000248328;3225;41
000000000000652708;3187;20
000000000000638228;3098;79
000000000000215161;3098;365
000000000000518013;3225;66
000000000000010579;3074;98
000000000000339586;3092;41
000000000000878691;3223;133
000000000000666914;3089;58
000000000000566684;3091;258
000000000000164008;3093;61
000000000000626305;3172;367
000000000000616933;3088;14
000000000000047391;3074;910
000000000000760476;3180;6216
000000000000520463;3091;53
000000000000641113;3206;69
000000000000010571;3089;157
000000000000629761;3180;64
000000000000007605;3211;206
000000000641229001;3187;245
000000000000625303;3225;48
000000000000668903;3206;101
000000000000615395;3098;53
000000000000254525;3193;85
000000000000163045;3180;39
000000000000010584;3091;211
000000000000356297;3091;26
000000000000180019;3225;37
000000000000007484;3172;81
000000000000576448;3085;16
000000000000230843;3187;63
000000000000166832;3086;44
000000000000134123;3089;9
000000000000645453;3074;21
000000000000630953;3223;84
000000000000318983;3074;929
000000000000350937;3085;16
000000000000666921;3086;39
000000000000210393;3085;20
000000000000609808;3225;14
000000000000005758;3172;28
000000000000544759;3098;46
000000000000156146;3086;141
000000000000616112;3074;18
000000000000973574;3180;7
000000000000215161;3091;138
000000000000640010;3092;98
000000000000052679;3206;109
000000000000146215;3172;30
000000000000006451;3091;47
000000000000628113;3212;1385
000000000665091001;3206;16
000000000000758872;3223;507
000000000000133342;3094;13
000000000000631799;3094;18
000000000000215153;3092;117
000000000000646386;3085;43
000000000000356040;3225;78
000000000000606510;3180;189
000000000400329003;3086;755
000000000000642723;3092;2
000000000000571227;3086;335
000000000000625810;3093;31
000000000000191004;3085;51
000000000000169937;3091;53
000000000000632285;3223;23
000000000000916912;3172;39
000000000000626305;3223;57
000000000000146528;3180;43
000000000000191247;3092;52
000000000000666102;3187;100
000000000000642723;3094;6
000000000000298060;3094;187
000000000000179981;3187;229
000000000000277182;3187;44
000000000000031628;3172;87
000000000000607897;3223;15
000000000000641093;3094;40
000000000000579994;3193;142
000000000000960218;3098;44
000000000401867009;3212;99
000000000000351783;3098;239
000000000645975005;3225;611
000000000000010005;3086;402
000000000000505193;3092;49
000000000654827003;3172;30
000000000000035196;3089;109
000000000000008591;3092;28
000000000000014362;3225;51
000000000000616820;3212;1347
000000000000182571;3172;32
000000000000018137;3206;26
000000000000760476;3093;1844
000000000000627770;3206;39
000000000000520482;3091;64
000000000000661442;3193;96
000000000000139890;3094;26
000000000000053845;3193;418
000000000000955553;3088;24
000000000000617381;3092;39
000000000000606510;3206;91
000000000000024729;3093;1604
000000000645975002;3093;540
000000000000617412;3085;35
000000000000789276;3094;91
000000000000780250;3093;37
000000000000649639;3074;28
000000000000010571;3088;347
000000000000174442;3187;9508
000000000402629004;3085;1604
000000000402197001;3223;18
000000000648870004;3091;18
000000000000635931;3206;204
000000000000006446;3193;55
000000000000983071;3212;12
000000000000004912;3206;404
000000000000157195;3206;10
000000000000503538;3172;1298
000000000000185007;3172;80
000000000000324013;3074;72
000000000000017966;3206;23
000000000645975002;3180;665
000000000000628528;3172;61
000000000000938543;3225;63
000000000000015532;3074;84
000000000000567727;3094;32
000000000000024562;3092;104
000000000000017739;3225;121
000000000000007482;3187;254
000000000000191250;3092;69
000000000000052387;3085;467
000000000663007002;3074;78
000000000000168302;3098;74
000000000000198339;3180;324
000000000000017659;3093;59
000000000000182689;3225;39
000000000000006457;3088;1425
000000000000176636;3223;67
000000000000654237;3225;25
000000000000010591;3085;36
000000000000661442;3225;79
000000000000616492;3225;38
000000000000646822;3225;217
000000000000913285;3223;480
000000000000900825;3074;951
000000000000132462;3091;1365
000000000000047388;3206;169
000000000000860193;3225;27
000000000000960219;3094;602
000000000000648065;3193;101
000000000000665063;3225;1679
000000000000628527;3089;61
000000000000639695;3093;56
000000000000031628;3089;151
000000000000518338;3094;95
000000000000011016;3094;132
000000000000206654;3085;29
000000000000665715;3206;18
000000000647039004;3092;44
000000000000624993;3187;114
000000000000009640;3206;49
000000000000174785;3086;28
000000000628439002;3193;33
000000000000141402;3098;40
000000000000218099;3193;30
000000000400055001;3091;185
000000000400055005;3223;224
000000000000213396;3212;7
000000000000661118;3086;183
000000000663007001;3187;17
000000000668190002;3091;118
000000000000661119;3187;373
000000000000645478;3223;69
000000000401926001;3212;17
000000000000621936;3212;31
000000000000638619;3187;34
000000000000614340;3172;289
000000000400308002;3074;5472
000000000000530962;3074;63
000000000000635466;3074;93
000000000000766964;3089;27
000000000000188150;3172;69
000000000000665265;3193;18
000000000000955615;3089;11
000000000000571227;3074;196
000000000000128223;3180;101
000000000000052107;3180;427
000000000000119002;3211;704
000000000000190995;3086;267
000000000000666166;3187;20
000000000000196224;3089;14
000000000000579994;3094;39
000000000000253327;3085;52
000000000000941356;3089;144
000000000000510814;3223;25
000000000000189558;3212;62
000000000000710446;3180;632
000000000000648145;3088;252
000000000000192068;3180;9
000000000000163896;3193;61
000000000000303385;3086;286
000000000000638620;3091;23
000000000000578191;3187;171
000000000000668060;3225;180
000000000000163295;3074;46
000000000400067006;3092;275
000000000000665280;3085;22
000000000000354918;3093;237
000000000000612882;3098;64
000000000000604494;3193;22
000000000622768006;3094;88
000000000000899946;3098;1483
000000000000181263;3091;36
000000000000652467;3211;62
000000000000321018;3187;111
000000000000663245;3091;54
000000000000981938;3172;120
000000000000191007;3088;255
000000000401867012;3223;45
000000000000561523;3187;12
000000000000210064;3211;20364
000000000402163013;3172;78
000000000000168914;3089;112
000000000000013475;3172;29
000000000000625401;3212;68
000000000000339586;3074;22
000000000000666101;3180;417
000000000000618228;3091;104
000000000634913001;3223;97
000000000000668060;3094;207
000000000000646214;3086;47
000000000000349368;3086;12324
000000000000355622;3093;411
000000000000200713;3094;21
000000000000651999;3094;42
000000000000630076;3092;35
000000000000004912;3098;902
000000000000758871;3092;1118
000000000000605708;3085;3015
000000000666059003;3089;32
000000000000127649;3093;43
000000000402053001;3086;38
000000000000182574;3172;40
000000000000191246;3086;144
000000000400218003;3212;163
000000000000139492;3225;134
000000000000052676;3092;46
000000000000647173;3074;83
000000000000666019;3094;72
000000000000052659;3074;237
000000000000666166;3172;23
000000000000630944;3172;37
000000000000031913;3092;1155
000000000000344299;3172;259
000000000000626166;3193;145
000000000000626305;3225;117
000000000000566342;3225;143
000000000000181877;3098;157
000000000000164008;3098;105
000000000647039004;3212;24
000000000401867002;3193;48
000000000000182571;3193;18
000000000000198342;3074;685
000000000000600320;3193;54
000000000000180026;3098;38
000000000000627254;3225;51
000000000000575642;3088;100
000000000000646202;3074;324
000000000000010524;3211;128
000000000654770001;3187;33
000000000000665273;3180;17
000000000634844001;3206;26
000000000000616933;3211;19
000000000000668189;3211;51
000000000000047388;3098;360
000000000000141205;3212;120
000000000000628711;3206;250
000000000000579994;3086;28
000000000000010659;3094;145
000000000000607897;3088;23
000000000000650419;3187;8794
000000000000191250;3172;80
000000000000007101;3225;324
000000000000639546;3193;466
000000000000132112;3212;446
000000000000142838;3088;170
000000000000629762;3074;3483
000000000000196224;3193;44
000000000000650198;3098;138
000000000000192563;3212;141
000000000000665275;3094;580
000000000000646070;3086;455
000000000000543393;3094;15
000000000000052663;3091;164
000000000401861004;3223;268
000000000000665063;3187;1793
000000000402160005;3225;14
000000000634844003;3225;62
000000000000198342;3211;55
000000000000663243;3092;51
000000000000210484;3098;52
000000000000007605;3223;20
000000000000260876;3086;29
000000000000607897;3212;11
000000000000189557;3093;170
000000000000543700;3225;7
000000000000342883;3172;186
000000000400072001;3085;81
000000000000017665;3088;46
000000000000178379;3098;77
000000000000561524;3089;12
000000000000650196;3225;45
000000000000138712;3093;5728
000000000000013241;3098;78
000000000000616492;3092;58
000000000000046939;3211;148
000000000000010521;3193;902
000000000000559524;3098;224
000000000000614340;3212;279
000000000000344299;3074;1374
000000000000955615;3172;18
000000000000153589;3086;69
000000000000215974;3074;84
000000000000218074;3074;253
000000000402163013;3225;18
000000000000284090;3223;21
000000000000156185;3187;49
000000000000146528;3085;40
000000000402163019;3094;59
000000000000744843;3223;22
000000000402163020;3211;35
000000000000031913;3094;893
000000000000638517;3091;43
000000000000253711;3074;17
000000000000533072;3074;33
000000000000031221;3180;30
000000000000132112;3092;175
000000000000177525;3086;398
000000000000565609;3093;25
000000000000211158;3225;27
000000000000631799;3086;16
000000000000056648;3211;68
000000000000654237;3088;23
000000000000156561;3187;62
000000000000006552;3092;248
000000000000031416;3180;67
000000000000198447;3180;205
000000000000218099;3212;26
000000000000185148;3092;123
000000000000007387;3098;924
000000000000578191;3074;229
000000000000007482;3094;586
000000000000510814;3094;101
000000000624299003;3074;91
000000000000544171;3172;28
000000000000182334;3193;41
000000000000860193;3212;109
000000000624310001;3098;28
000000000624299003;3212;107
000000000000647716;3091;134
000000000000230843;3211;88
000000000000625303;3089;39
000000000000046939;3074;275
000000000000632285;3225;35
000000000000666166;3094;42
000000000665091001;3093;19
000000000000203383;3193;31
000000000000147552;3094;192
000000000000005256;3223;189
000000000000625314;3172;83
000000000000009671;3212;134
000000000000196224;3086;20
000000000000023776;3092;46
000000000000181878;3098;109
000000000000131318;3180;30
000000000000663156;3092;297
000000000000569209;3187;54
000000000000179743;3225;24
000000000000510814;3212;48
000000000000007101;3172;115
000000000000054626;3206;12
000000000000139890;3193;41
000000000650059002;3211;491
000000000000176788;3193;64
000000000000163045;3098;30
000000000000598872;3093;240
000000000000152767;3187;70
000000000000900820;3098;1135
000000000000585802;3086;22
000000000000180027;3093;32
000000000000154632;3091;130
000000000000688937;3088;34
000000000000530962;3187;228
000000000000905315;3094;58
000000000000199738;3085;198
000000000000355904;3172;43
000000000000215974;3088;46
000000000401867012;3225;33
000000000000667803;3093;26
000000000000652489;3187;25
000000000000666032;3094;52
000000000000062471;3093;134
000000000000611858;3094;53
000000000000158525;3092;579
000000000000182688;3223;42
000000000000215155;3193;71
000000000000007605;3074;328
000000000000661120;3093;67
000000000000566201;3223;12
000000000000503539;3085;52
000000000000612806;3225;322
000000000401867002;3089;76
000000000000623594;3211;266
000000000000588612;3094;26
000000000000544491;3094;20
000000000000181372;3093;225
000000000000623176;3225;31
000000000000651999;3088;64
000000000000983071;3223;20
000000000000627254;3212;37
000000000000967746;3211;16
000000000000005959;3085;1219
000000000000328254;3211;59
000000000000626753;3098;74
000000000000146753;3223;50
000000000000010579;3086;26
000000000000665402;3098;42
000000000000665741;3085;690
000000000000754764;3180;128
000000000000052652;3225;373
000000000000164124;3212;105
000000000000518012;3172;17
000000000000647123;3093;26
000000000000760476;3098;8104
000000000000663046;3225;56
000000000000616933;3172;11
000000000000649314;3092;267
000000000000170080;3212;168
000000000000646822;3187;254
000000000000612505;3085;56
000000000000653876;3225;14
000000000000533071;3091;45
000000000000506262;3093;164
000000000000191246;3187;61
000000000000759661;3187;127
000000000000739681;3098;209
000000000000585802;3094;41
000000000000561188;3086;11
000000000000749098;3093;123
000000000000634900;3225;110
000000000000642726;3206;7
000000000402197001;3088;97
000000000000251252;3088;84
000000000000133224;3085;516
000000000000631045;3093;29
000000000000615004;3098;95
000000000000356040;3212;46
000000000000665063;3089;1393
000000000000985918;3091;32
000000000000052538;3094;72
000000000000191250;3211;56
000000000000321550;3212;128
000000000000007101;3211;133
000000000000666019;3225;48
000000000000863277;3225;19
000000000000147606;3180;41
000000000000616112;3089;32
000000000000158886;3225;73
000000000000146509;3074;543
000000000000612035;3193;87
000000000000218488;3211;28
000000000000626166;3225;55
000000000000612806;3211;1557
000000000000210239;3093;100
000000000000007518;3086;5261
000000000000252158;3094;108
000000000000612888;3172;31
000000000000506147;3225;28
000000000000899947;3086;1942
000000000000628527;3187;3120
000000000000639076;3180;144
000000000000140119;3091;56
000000000000303385;3172;187
000000000000780173;3089;98
000000000000179981;3212;69
000000000000638546;3193;76
000000000000649868;3098;38
000000000000882757;3094;27
000000000000009674;3212;106
000000000000214578;3089;34
000000000000607911;3089;57
000000000400329010;3098;934
000000000000635083;3085;23
000000000000176198;3074;28
000000000000132599;3098;25
000000000000023776;3193;101
000000000000174330;3206;48
000000000000562679;3085;23
000000000000665791;3091;50
000000000000619701;3193;21
000000000401867009;3193;50
000000000000152770;3093;28
000000000000168914;3172;78
000000000000638916;3093;62
000000000000176786;3180;43
000000000000158525;3225;174
000000000000300245;3094;52
000000000000560915;3206;40
000000000000543391;3206;14
000000000400329010;3091;433
000000000000178386;3088;99
000000000000649042;3086;124
000000000000665212;3093;97
000000000402160005;3094;141
000000000000648154;3092;19
000000000619006002;3074;18
000000000000005963;3225;288
000000000000662047;3074;9
000000000000900818;3180;8259
000000000000018119;3187;4294
000000000000612808;3225;88
000000000000146215;3089;28
000000000000007408;3092;1142
000000000400067004;3085;1106
000000000000606624;3211;16
000000000000506071;3086;167
000000000000505193;3074;70
000000000401867009;3094;34
000000000000010630;3180;40
000000000000062389;3098;56
000000000000815394;3223;24
000000000000052612;3206;264
000000000000128237;3180;138
000000000000213259;3094;13520
000000000000981938;3193;117
000000000401867009;3086;39
000000000000623176;3074;58
000000000000358031;3206;34
000000000000653377;3092;212
000000000000660822;3092;9
000000000000358032;3180;151
000000000000662372;3094;46
000000000000291227;3094;714
000000000000621035;3212;407
000000000400433002;3091;242
000000000622768004;3225;27
000000000000816588;3212;60
000000000000623176;3089;58
000000000000031915;3086;55
000000000000635466;3223;49
000000000000649042;3074;215
000000000402053001;3088;29
000000000401867009;3211;43
000000000000005756;3211;1041
000000000000607896;3092;25
000000000639107001;3206;92
000000000000871178;3172;93
000000000000562128;3088;121
000000000000178386;3094;84
000000000000344299;3088;1451
000000000000630076;3086;49
000000000402163013;3092;63
000000000000174330;3098;154
000000000000561188;3088;14
000000000000358391;3085;914
000000000000759659;3074;131
000000000000133062;3223;12
000000000000955553;3225;13
000000000000342159;3211;18
000000000666059001;3206;46
000000000000167456;3085;48
000000000000169663;3187;22
000000000000180004;3172;17
000000000400067001;3098;106
000000000000163896;3172;84
000000000000005756;3223;2287
000000000654770001;3225;60
000000000000639501;3180;122
000000000000560511;3098;96
000000000000023002;3223;100
000000000000619701;3086;21
000000000000615078;3085;26
000000000000182571;3088;26
000000000000781199;3093;43
000000000000863278;3086;45
000000000635476002;3089;55
000000000000064466;3074;78
000000000000566342;3074;136
000000000000010005;3088;289
000000000000035129;3172;174
000000000622768006;3172;63
000000000000035284;3098;99
000000000000647737;3225;147
000000000000650198;3206;76
000000000000133181;3225;1897
000000000000506149;3092;25
000000000000758872;3225;25
000000000000180013;3092;24
000000000000661594;3187;35
000000000401927001;3091;36
000000000000178087;3172;110
000000000616726002;3088;48
000000000000009452;3094;21
000000000000546916;3092;34
000000000000549591;3093;23
000000000000295085;3091;92
000000000400329004;3074;780
000000000000645720;3180;10
000000000650059002;3092;369
000000000000712974;3093;2762
000000000000607261;3074;44
000000000000282932;3074;15
000000000000010688;3074;207
000000000000667696;3074;45
000000000000612035;3187;33
000000000000571222;3180;356
000000000000031023;3086;221
000000000000560915;3098;29
000000000000141271;3086;468
000000000000665184;3094;20
000000000000913285;3074;74
000000000000579749;3180;257
000000000000178088;3211;37
000000000000647173;3086;65
000000000000010005;3211;576
000000000000215155;3172;121
000000000000663245;3085;81
000000000000156144;3085;48
000000000666059002;3206;34
000000000000606428;3225;12
000000000648870001;3085;79
000000000000616985;3212;671
000000000000190995;3172;96
000000000000179743;3193;99
000000000000629761;3098;147
000000000000543099;3206;17
000000000000639936;3088;23
000000000000339586;3223;26
000000000000344299;3225;1437
000000000000899947;3223;858
000000000000571229;3172;662
000000000000647173;3089;44
000000000000142838;3187;302
000000000000351784;3092;152
000000000000665786;3089;226
000000000000133224;3206;618
000000000000146528;3098;51
000000000000303385;3187;49
000000000000528751;3086;14
000000000000630079;3225;11
000000000634901002;3180;120
000000000000539998;3206;43
000000000000358336;3088;1335
000000000000625401;3223;18
000000000000213180;3085;26
000000000000667762;3088;24
000000000000612808;3074;580
000000000000010647;3086;97
000000000000566201;3172;18
000000000000215974;3089;15
000000000000174334;3180;108
000000000000663844;3091;442
000000000000164124;3223;137
000000000000665741;3206;347
000000000000626165;3088;32
000000000000130196;3193;345
000000000000638276;3088;26
000000000000030965;3091;66
000000000665091001;3091;31
000000000000759661;3211;97
000000000401724015;3092;478
000000000000652708;3212;22
000000000000180031;3074;58
000000000000614356;3092;17
000000000000020321;3187;576
000000000000014362;3172;29
000000000621962002;3180;37
000000000000561208;3092;92
000000000000518012;3088;16
000000000000006542;3086;195
000000000000008558;3086;15
000000000000018137;3093;15
000000000000254525;3094;84
000000000000181877;3085;131
000000000000562182;3085;16
000000000000007515;3091;47
000000000000619700;3193;32
000000000000006449;3092;483
000000000000007518;3193;3630
000000000000938543;3172;67
000000000000869698;3193;153
000000000000632050;3206;27
000000000000641114;3091;15
000000000000568764;3089;16
000000000000666259;3206;37
000000000000005757;3085;80
000000000000203300;3093;11
000000000400261002;3098;526
000000000000638934;3206;87
000000000000344300;3212;267
000000000000617412;3098;29
000000000000526074;3085;65
000000000000900825;3187;1876
000000000000780250;3091;50
000000000000187418;3225;24
000000000000611728;3091;34
000000000000635726;3094;22
000000000000206654;3098;25
000000000000134121;3206;18
000000000000006143;3193;18
000000000401867012;3086;32
000000000000010687;3093;70
000000000000010680;3074;64
000000000000006442;3093;2849
000000000000059805;3085;101
000000000000661795;3206;56
000000000000892231;3223;12
000000000000627254;3187;74
000000000000178018;3206;54
000000000000178018;3180;112
000000000000052634;3092;108
000000000000180030;3089;19
000000000000170198;3091;24
000000000000632283;3091;68
000000000000667263;3094;26
000000000402251001;3093;27
000000000000617911;3212;66
000000000000646822;3089;448
000000000000869698;3074;111
000000000000640873;3098;82
000000000000215380;3085;714
000000000000649314;3088;509
000000000000567912;3085;81
000000000402163005;3091;42
000000000000191250;3212;65
000000000000758871;3088;766
000000000000668060;3089;197
000000000000612888;3086;51
000000000000663243;3086;110
000000000000816588;3193;378
000000000000141404;3180;34
000000000000573612;3225;33
000000000000506147;3086;44
000000000000667907;3092;270
000000000000516748;3085;4532
000000000000344300;3086;255
000000000624310002;3091;24
000000000000355621;3091;830
000000000000663046;3088;34
000000000000975247;3098;9
000000000000062471;3098;235
000000000000158525;3088;382
000000000000010524;3089;107
000000000000141821;3092;259
000000000000152767;3094;115
000000000000009674;3211;63
000000000000913286;3085;61
000000000000900825;3172;2465
000000000000863278;3089;38
000000000645975004;3187;177
000000000000516747;3088;1080
000000000000133181;3223;1382
000000000000213721;3093;107
000000000000868933;3206;117
000000000000135488;3206;534
000000000000047391;3193;809
000000000000355620;3180;669
000000000000032389;3211;1605
000000000000349179;3223;201
000000000000639855;3086;228
000000000000611123;3074;29
000000000000018124;3225;24
000000000000631799;3172;27
000000000000032389;3088;1611
000000000000168914;3193;32
000000000000182574;3187;18
000000000000629402;3093;66
000000000000781198;3172;105
000000000400329005;3092;417
000000000000561524;3225;16
000000000000760476;3091;1105
000000000000623256;3193;15
000000000000141820;3180;395
000000000000622474;3091;55
000000000000629761;3093;52
000000000000598873;3180;390
000000000000005759;3091;40
000000000000766964;3187;21
000000000000623256;3086;69
000000000000614113;3088;87
000000000000616068;3074;168
000000000648870004;3180;131
000000000000124981;3098;291
000000000000611858;3088;60
000000000000031910;3074;167
000000000000649639;3172;16
000000000401867009;3225;29
000000000000616733;3085;16
000000000000604435;3091;124
000000000000133223;3180;110
000000000000665365;3225;24
000000000000355904;3193;187
000000000000018112;3093;25
000000000000035129;3211;70
000000000665922002;3193;239
000000000000532217;3092;12
000000000000128229;3089;208
000000000000141193;3091;132
000000000668190001;3172;199
000000000000652002;3089;30
000000000000030951;3187;40
000000000000626165;3094;56
000000000000118603;3094;41
000000000000355904;3088;23
000000000000213259;3089;83
000000000000005960;3091;460
000000000400071001;3212;84
000000000000618835;3085;38
000000000000781195;3094;193
000000000000172738;3172;64
000000000000688937;3172;18
000000000000358391;3206;611
000000000000516749;3098;541
000000000000955614;3180;54
000000000000010688;3172;228
000000000000567727;3187;16
000000000000170080;3187;147
000000000000653876;3092;39
000000000000816587;3088;437
000000000000628528;3074;74
000000000000633967;3223;60
000000000000638934;3180;99
000000000000199738;3206;267
000000000000667692;3091;78
000000000000661944;3098;31
000000000000863278;3187;44
000000000401724010;3086;717
000000000000588612;3212;41
000000000000178018;3093;43
000000000000660822;3225;9
000000000000031910;3187;72
000000000000154822;3223;155
000000000000900825;3094;882
000000000000024631;3092;136
000000000000607260;3180;21
000000000000321096;3206;75
000000000000661119;3092;1741
000000000000185007;3211;102
000000000000652467;3193;36
000000000000543391;3093;14
000000000000160867;3180;121
000000000000146224;3206;16
000000000000052657;3206;88
000000000000668060;3086;165
000000000000642723;3089;7
000000000000860193;3187;87
000000000000612808;3193;58
000000000000010511;3098;51
000000000664214001;3086;15
000000000000919940;3088;188
000000000000648154;3187;12
000000000000646202;3086;200
000000000000163295;3086;20
000000000000818130;3089;79
000000000668610001;3211;131
000000000000626305;3212;106
000000000000005966;3092;19
000000000000635313;3092;2165
000000000000023776;3212;75
000000000000006449;3212;34
000000000000532217;3172;75
000000000000210393;3093;40
000000000000636371;3074;311
000000000402160005;3086;36
000000000000864254;3193;106
000000000000163044;3223;20
000000000000146509;3193;495
000000000645975001;3187;267
000000000648870001;3206;58
000000000000616112;3193;76
000000000000210189;3098;59
000000000000663156;3212;559
000000000000650626;3074;45
000000000000298060;3074;126
000000000000668060;3172;141
000000000000152047;3193;277
000000000000628527;3086;65
000000000000254525;3089;97
000000000400308003;3091;72
000000000000871178;3094;47
000000000000579800;3088;289
000000000000629762;3187;3541
000000000000010659;3187;101
000000000000665704;3223;76
000000000000668189;3074;44
000000000000543098;3180;35
000000000000666102;3088;493
000000000000009674;3086;59
000000000000010630;3085;30
000000000000192563;3223;86
000000000641229001;3092;214
000000000000665402;3206;23
000000000000215155;3211;120
000000000000006674;3172;11
000000000000503538;3086;711
000000000000905315;3074;64
000000000000611123;3089;7
000000000000530964;3211;15
000000000401867002;3225;23
000000000000031357;3094;18
000000000000628239;3225;45
000000000000623594;3225;49
000000000000178379;3085;56
000000000000633967;3074;255
000000000000024668;3172;4813
000000000000976753;3187;244
000000000000635313;3187;112
000000000000577226;3091;18
000000000000172482;3193;113
000000000000164153;3074;425
000000000402629006;3206;3600
000000000000351992;3211;11
000000000000350937;3206;24
000000000000354906;3089;59
000000000000025947;3223;36
000000000000616820;3092;1645
000000000000170847;3088;152
000000000000665715;3098;33
000000000000665704;3211;74
000000000000667907;3193;31
000000000000647468;3172;13
000000000000006106;3187;376
000000000000218488;3092;29
000000000000060385;3086;314
000000000000168914;3086;115
000000000400055005;3089;199
000000000000566202;3225;16
000000000000636371;3089;224
000000000000004973;3211;62
000000000000661594;3223;71
000000000400067006;3088;206
000000000000198342;3094;172
000000000000321018;3193;278
000000000000652973;3098;26
000000000000170080;3089;180
000000000000017929;3206;353
000000000000006490;3098;79
000000000000629295;3098;60
000000000000640068;3088;73
000000000000662178;3092;123
000000000000324538;3074;86
000000000000189557;3085;50
000000000000187005;3187;257
000000000000053864;3225;25
000000000000024631;3086;148
000000000000662257;3085;240
000000000000983071;3092;45
000000000000358359;3074;1608
000000000000174330;3180;96
000000000000567412;3212;64
000000000000561301;3172;10
000000000000640021;3089;334
000000000624310002;3098;49
000000000000121949;3206;72
000000000000006518;3180;45
000000000000010517;3093;265
000000000000666915;3206;170
000000000000661118;3089;139
000000000000158522;3094;50
000000000000355630;3212;8120
000000000000007504;3089;581
000000000624299003;3211;87
000000000000030951;3225;26
000000000634844003;3094;30
000000000000625303;3211;35
000000000000198342;3193;123
000000000000358335;3187;1193
000000000000639546;3086;144
000000000000182571;3074;44
000000000000647163;3086;68
000000000000639788;3092;54
000000000000248328;3092;3665
000000000648870002;3098;63
000000000000351783;3093;109
000000000645975001;3089;470
000000000000660822;3193;7
000000000000005861;3211;77
000000000000647736;3180;465
000000000000639789;3091;12
000000000000605405;3085;22
000000000000133181;3172;301
000000000400329004;3212;1235
000000000000616733;3180;43
000000000000163735;3086;73
000000000000133342;3193;130
000000000000024727;3211;103
000000000000179977;3211;132
000000000000872676;3180;183
000000000000579750;3225;18
000000000000006105;3206;2416
000000000000176169;3172;166
000000000000196224;3074;40
000000000400072001;3206;25
000000000000017966;3180;40
000000000000180030;3187;8
000000000000007484;3193;277
000000000000637737;3098;12
000000000000615396;3212;39
000000000000203383;3211;19
000000000000667692;3085;65
000000000000568755;3206;65
000000000000900819;3193;942
000000000000145237;3085;250
000000000000561208;3089;49
000000000000189557;3098;107
000000000000182334;3092;90
000000000000648154;3088;23
000000000400067005;3093;79
000000000000900821;3093;640
000000000000667803;3098;17
000000000000615396;3074;55
000000000000665848;3193;161
000000000000005964;3098;1590
000000000665420002;3088;74
000000000400067004;3206;300
000000000000156146;3211;122
000000000000180013;3074;20
000000000000759661;3094;90
000000000000017665;3225;98
000000000000606698;3089;112
000000000000191007;3172;263
000000000000120517;3091;138
000000000000647173;3187;45
000000000000621035;3074;968
000000000000215153;3223;54
000000000000543700;3088;25
000000000000615396;3089;37
000000000000621936;3172;107
000000000624310002;3180;22
000000000400261003;3193;252
000000000000031910;3223;1960
000000000000667968;3212;809
000000000000018137;3091;16
000000000000010664;3085;25
000000000400329005;3211;427
000000000000018286;3093;96
000000000000146509;3088;2857
000000000000170198;3093;22
000000000000611858;3089;51
000000000000252158;3088;80
000000000000178369;3180;20
000000000000146753;3225;64
000000000000544491;3225;19
000000000000637670;3085;169
000000000000210257;3180;51
000000000000141821;3212;379
000000000000526074;3091;64
000000000000017659;3206;74
000000000000647173;3211;80
000000000000181372;3085;228
000000000401867002;3212;82
000000000402197001;3089;66
000000000000132112;3193;168
000000000400069002;3085;408
000000000000780927;3223;143
000000000000184702;3223;48
000000000000141403;3223;36
000000000668610001;3187;107
000000000000619701;3088;28
000000000000010524;3088;173
000000000000605405;3180;44
000000000000560445;3091;188
000000000650059002;3086;276
000000000000663046;3187;31
000000000000530962;3094;14
000000000000916912;3225;33
000000000000621936;3193;80
000000000000607260;3085;25
000000000000052612;3098;294
000000000000158522;3211;28
000000000000505746;3211;211
000000000640546002;3225;12
000000000000560511;3091;110
000000000000007101;3212;260
000000000000009228;3093;31
000000000000982844;3093;32
000000000400069002;3180;580
000000000000230843;3172;164
000000000000899947;3089;314
000000000000765475;3225;49
000000000000188150;3092;65
000000000000013475;3212;25
000000000000667385;3089;61
000000000401867004;3093;30
000000000000665263;3206;133
000000000000614358;3091;13
000000000000056986;3180;246
000000000000876417;3092;224
000000000000133181;3086;152
000000000000052107;3091;422
000000000000191246;3094;78
000000000000665280;3180;12
000000000000646822;3092;523
000000000000630624;3098;57
000000000400183001;3085;113
000000000000146215;3193;32
000000000000181828;3094;41
000000000000501361;3093;1830
000000000000177525;3172;375
000000000000182690;3093;63
000000000000780250;3180;46
000000000402613002;3225;2091
000000000000593462;3223;5
000000000401724001;3187;1687
000000000000124981;3091;142
000000000000941355;3091;1594
000000000000174295;3092;65
000000000000006459;3223;273
000000000635476002;3074;67
000000000000616933;3212;26
000000000000185148;3088;292
000000000000667692;3093;45
000000000000017707;3098;122
000000000000032389;3172;1082
000000000400182008;3086;1379
000000000000662371;3091;46
000000000000007390;3098;2380
000000000000597757;3223;54
000000000000561000;3225;16
000000000000185007;3223;45
000000000000960217;3085;30
000000000000626166;3211;70
000000000000053891;3085;173
000000000000287807;3212;35
000000000000937354;3093;14
000000000000277182;3225;57
000000000000231594;3212;7
000000000000189986;3091;101
000000000000213180;3180;90
000000000000506264;3094;49
000000000000624993;3074;42
000000000000008914;3091;567
000000000000005963;3172;1132
000000000000006107;3074;936
000000000000292185;3074;301
000000000400185004;3098;558
000000000000163039;3085;33
000000000000324013;3225;61
000000000000052392;3094;317
000000000000168302;3206;49
000000000000543700;3089;12
000000000000983071;3187;32
000000000000211061;3086;43
000000000000955613;3180;38
000000000000611123;3094;6
000000000000006129;3172;401
000000000000558053;3098;30
000000000000187005;3223;152
000000000402163020;3212;45
000000000000191004;3091;90
000000000619006002;3223;52
000000000000172482;3223;565
000000000000056648;3212;86
000000000000017665;3172;105
000000000000006552;3225;2531
000000000000152048;3093;289
000000000000215841;3086;1075
000000000000617381;3172;31
000000000000646202;3172;414
000000000000024155;3094;251
000000000000627770;3085;178
000000000400329003;3193;912
000000000401861010;3088;15
000000000000248328;3223;4398
000000000000176788;3094;57
000000000000647737;3089;352
000000000000759661;3193;311
000000000000572390;3091;28
000000000000530964;3088;28
000000000665771003;3091;19
000000000647039003;3225;22
000000000000578191;3086;174
000000000000006514;3223;64
000000000000031356;3225;48
000000000000616112;3086;16
000000000000634412;3093;63
000000000000215841;3172;1296
000000000000645453;3172;56
000000000000215264;3223;34
000000000000621034;3211;419
000000000000607906;3088;163
000000000000758872;3187;267
000000000000505749;3098;249
000000000000007504;3074;546
000000000000024729;3085;2677
000000000000031915;3223;31
000000000000008591;3223;22
000000000000006542;3094;294
000000000400067006;3172;181
000000000000647716;3093;81
000000000000766964;3211;31
000000000000052392;3088;258
000000000000607896;3225;18
000000000000506149;3187;33
000000000000665263;3085;96
000000000000184561;3223;155
000000000000035129;3223;193
000000000000179368;3223;21
000000000000780172;3098;147
000000000000321550;3086;70
000000000000024733;3085;3390
000000000000616068;3088;347
000000000000665063;3088;1832
000000000000661594;3193;100
000000000000629757;3180;4335
000000000400070001;3212;236
000000000000210979;3086;31
000000000000169057;3193;83
000000000000004973;3187;68
000000000000008591;3089;35
000000000000190995;3089;80
000000000000635684;3180;60
000000000616726002;3225;32
000000000000358335;3212;2343
000000000000164124;3187;71
000000000000638546;3187;49
000000000000665799;3089;8
000000000000652489;3211;22
000000000401864001;3091;21
000000000402629006;3098;4472
000000000000218099;3086;59
000000000000665184;3211;43
000000000000138712;3085;8496
000000000000005256;3094;135
000000000000754764;3206;36
000000000000015864;3074;102
000000000400071001;3088;38
000000000000636692;3225;44
000000000000032389;3086;1286
000000000000581680;3089;36
000000000000571227;3225;119
000000000000009674;3187;52
000000000000964689;3092;251
000000000000195308;3212;35
000000000000957755;3094;130
000000000000648981;3225;149
000000000000181372;3206;38
000000000000177772;3206;219
000000000000649314;3187;37
000000000000641025;3098;105
000000000000007413;3098;81
000000000000639040;3223;41
000000000000648065;3094;30
000000000000284662;3092;216
000000000000981938;3074;127
000000000000195308;3092;47
000000000000344299;3223;2191
000000000000622001;3206;606
000000000402197001;3225;21
000000000000213570;3211;20
000000000000308550;3092;14
000000000000213396;3172;22
000000000000174442;3074;153
000000000000597758;3211;25
000000000000147606;3206;29
000000000000165524;3193;73
000000000000957753;3098;24
000000000000759658;3172;84
000000000000182690;3085;54
000000000000622173;3098;18
000000000000900826;3091;476
000000000000629712;3180;94
000000000000616492;3212;70
000000000000619701;3225;14
000000000000573612;3223;32
000000000000013475;3092;39
000000000000635466;3211;87
000000000000561242;3180;12
000000000000731601;3086;699
000000000000638619;3074;43
000000000000191004;3206;54
000000000000617412;3180;35
000000000000739961;3098;78
000000000000652984;3094;84
000000000000628011;3092;136
000000000000192563;3089;168
000000000000665477;3086;106
000000000000662178;3074;165
000000000000616492;3074;39
000000000000665610;3085;14
000000000000955553;3074;45
000000000000007408;3193;1833
000000000000960218;3085;63
000000000000141302;3098;111
000000000000168914;3074;39
000000000000191247;3088;23
000000000000616985;3092;231
000000000000219335;3088;48
000000000000615396;3172;37
000000000000632241;3086;31
000000000000218488;3223;39
000000000000118603;3212;125
000000000622768004;3212;264
000000000000640484;3094;8
000000000000662372;3211;49
000000000000869698;3094;62
000000000000006444;3091;247
000000000000347001;3074;160
000000000622768001;3085;75
000000000000615004;3206;74
000000000666059003;3086;40
000000000000648037;3180;32
000000000000165488;3089;527
000000000000182688;3225;30
000000000663007001;3089;44
000000000000907292;3089;207
000000000616726002;3212;90
000000000637411001;3212;87
000000000000561208;3088;56
000000000000667424;3193;21
000000000000633967;3089;238
000000000000665799;3094;10
000000000000152048;3180;131
000000000400329002;3212;822
000000000000571223;3086;358
000000000000355005;3180;50
000000000000006531;3223;4126
000000000000030951;3086;41
000000000000650197;3086;26
000000000000215154;3085;29
000000000000182607;3074;22
000000000000214186;3094;149
000000000000652481;3098;45
000000000000597758;3092;74
000000000000612267;3172;12
000000000000562128;3094;239
000000000000172456;3206;34
000000000000214589;3193;203
000000000000213396;3193;14
000000000000607914;3089;143
000000000000004901;3223;26
000000000000006519;3085;156
000000000000567413;3098;95
000000000000647737;3074;445
000000000000052634;3088;38
000000000000957755;3172;221
000000000000901361;3098;86
000000000000187418;3094;24
000000000000605405;3091;41
000000000000634994;3088;127
000000000000640021;3211;70
000000000000668141;3085;89
000000000000604342;3091;72
000000000000131441;3091;480
000000000000645478;3187;43
000000000000506071;3092;105
000000000000638916;3180;125
000000000401861011;3180;14
000000000000900820;3093;17
000000000000163401;3211;151
000000000000648519;3086;7
000000000000667696;3211;42
000000000000639040;3193;67
000000000000560445;3093;284
000000000000625401;3172;64
000000000000505193;3212;82
000000000000606624;3086;17
000000000000191246;3212;27
000000000000544491;3211;24
000000000000281009;3180;189
000000000634901002;3093;51
000000000000052679;3091;195
000000000000955556;3092;38
000000000000662047;3223;14
000000000000618835;3206;87
000000000400071004;3180;95
000000000000611858;3211;64
000000000000182334;3172;101
000000000000663242;3098;44
000000000000128223;3093;203
000000000000007484;3187;81
000000000000739681;3180;169
000000000000652974;3225;62
000000000000666032;3088;87
000000000645975003;3206;552
000000000000006457;3172;780
000000000000008509;3093;90
000000000000612667;3085;355
000000000000637930;3180;6
000000000624299003;3225;26
000000000402197001;3094;101
000000000000005758;3089;28
000000000000863275;3172;57
000000000000648145;3223;93
000000000000955553;3089;28
000000000000663046;3172;59
000000000000621035;3172;257
000000000000665264;3193;98
000000000000955553;3172;39
000000000400185004;3093;65
000000000000010008;3180;896
000000000000568755;3091;73
000000000400182008;3211;946
000000000000024562;3223;170
000000000000648732;3212;74
000000000000626753;3180;43
000000000000163044;3092;29
000000000000616112;3172;34
000000000000210257;3098;68
000000000000291237;3225;84
000000000000575693;3092;33
000000000000871178;3074;84
000000000000324013;3089;56
000000000635476002;3212;35
000000000000665184;3212;28
000000000000018292;3085;468
000000000000579994;3089;56
000000000000960217;3098;40
000000000000900826;3098;1255
000000000000532217;3223;48
000000000000010688;3225;62
000000000000640010;3212;43
000000000634844003;3193;83
000000000000010511;3180;59
000000000000005724;3098;162
000000000000642688;3180;842
000000000000900818;3206;959
000000000000007408;3223;442
000000000000180031;3172;60
000000000000638654;3193;40
000000000000623594;3092;141
000000000000562182;3098;19
000000000639559001;3212;42
000000000400182008;3088;1185
000000000000121724;3211;71
000000000000177770;3091;157
000000000000009451;3225;17
000000000000190995;3187;116
000000000000047391;3225;197
000000000000179987;3180;35
000000000000628239;3211;32
000000000000960219;3092;390
000000000000062405;3180;187
000000000000195308;3193;114
000000000000649345;3180;460
000000000668190002;3180;133
000000000000667968;3225;291
000000000000663243;3094;104
000000000000639501;3093;478
000000000000665184;3086;43
000000000640546002;3223;25
000000000000147716;3091;28
000000000000543700;3092;38
000000000000178087;3223;67
000000000000358392;3172;332
000000000000060385;3172;294
000000000000210403;3225;28
000000000000505749;3093;165
000000000000008509;3098;60
000000000000321096;3091;136
000000000000665609;3172;31
000000000400261002;3093;282
000000000000933456;3098;107
000000000000650197;3094;47
000000000000616203;3089;12
000000000000598873;3093;329
000000000000520476;3172;174
000000000000640960;3223;164
000000000000625810;3091;21
000000000000647716;3180;78
000000000000638546;3088;73
000000000000006466;3180;150
000000000000645723;3212;56
000000000000186377;3089;29
000000000000195308;3074;111
000000000616726002;3086;65
000000000000516748;3093;4791
000000000000712440;3085;889
000000000000641279;3172;30
000000000000629762;3088;3125
000000000000004901;3225;27
000000000000060385;3225;577
000000000000125621;3091;145
000000000000358336;3074;2161
000000000000623256;3212;32
000000000000007482;3074;542
000000000000520463;3206;49
000000000000210484;3085;26
000000000000141270;3091;111
000000000000053892;3211;241
000000000637411001;3193;216
000000000000018222;3089;12
000000000000131318;3085;22
000000000000231594;3187;19
000000000000291510;3091;49
000000000000031628;3074;56
000000000401724010;3225;112
000000000000278354;3212;56
000000000000883202;3206;39
000000000000007407;3180;1133
000000000000631668;3206;75
000000000000006442;3206;2982
000000000000218597;3088;64
000000000000126791;3094;106
000000000000179743;3092;39
000000000000607914;3086;89
000000000000175894;3206;20
000000000000639040;3092;70
000000000000869698;3225;49
000000000000127649;3098;46
000000000401861004;3094;294
000000000000647083;3212;20
000000000000174299;3172;79
000000000000210484;3206;40
000000000000251252;3092;76
000000000000641279;3193;13
000000000000754764;3085;40
000000000000005964;3206;2127
000000000000010526;3098;162
000000000000649042;3225;66
000000000000561242;3091;11
000000000636515001;3085;17
000000000624299003;3187;67
000000000000646214;3092;128
000000000000006535;3206;184
000000000000140102;3211;43
000000000000749097;3093;381
000000000000010526;3085;149
000000000000828564;3193;104
000000000000015864;3089;29
000000000000211077;3180;54
000000000402629003;3091;605
000000000000141271;3088;155
000000000000192843;3172;18
000000000000181372;3180;224
000000000000616068;3211;51
000000000000650626;3088;17
000000000000181878;3091;66
000000000000860193;3092;38
000000000000612233;3085;205
000000000000661120;3180;131
000000000000662257;3206;279
000000000000611420;3172;209
000000000000351784;3172;77
000000000000146528;3093;41
000000000000007101;3086;220
000000000000783925;3223;15
000000000000530962;3172;238
000000000000163735;3172;167
000000000000612667;3098;357
000000000000501362;3092;1014
000000000000248328;3211;59
000000000000005155;3193;31
000000000000008591;3225;16
000000000000516543;3092;351
000000000000663244;3085;114
000000000000810437;3092;67
000000000000349368;3074;5249
000000000000634900;3074;96
000000000000543700;3094;14
000000000402197001;3187;10
000000000000661594;3211;52
000000000402163020;3086;20
000000000000170845;3172;460
000000000000231594;3092;9
000000000000646386;3180;956
000000000000047391;3223;24
000000000000008558;3172;35
000000000000629771;3085;132
000000000000900817;3098;2765
000000000000565609;3180;31
000000000400067006;3089;115
000000000400185002;3098;420
000000000400329010;3180;1265
000000000000665477;3172;87
000000000000214186;3223;79
000000000000629761;3085;101
000000000000663243;3088;65
000000000000176169;3225;150
000000000648870003;3091;29
000000000000163896;3212;85
000000000000059809;3206;159
000000000000640476;3093;113
000000000000231594;3225;18
000000000000566342;3223;49
000000000000118792;3091;202
000000000000744843;3211;18
000000000000667762;3094;42
000000000000182607;3088;43
000000000000630954;3187;24
000000000000960219;3225;195
000000000000521924;3206;93
000000000000645433;3098;34
000000000000225728;3180;83
000000000000667815;3225;21
000000000000158523;3098;24
000000000000182607;3172;185
000000000400070001;3211;324
000000000000005964;3085;3488
000000000000570705;3206;47
000000000000180019;3172;43
000000000000152047;3074;134
000000000000604494;3088;10
000000000401864001;3098;36
000000000000006674;3089;6
000000000000991226;3085;147
000000000000666259;3093;62
000000000000170201;3225;16
000000000000141403;3089;83
000000000000604496;3074;10
000000000000218099;3225;50
000000000000668127;3193;309
000000000000503538;3089;523
000000000000358358;3098;6148
000000000000666166;3089;24
000000000000006668;3088;8
000000000000132112;3187;116
000000000000664937;3172;41
000000000000662047;3225;22
000000000000020321;3094;150
000000000400329005;3193;1004
000000000000342883;3086;88
000000000000179368;3212;60
000000000000008558;3094;20
000000000000816587;3092;717
000000000000634994;3193;144
000000000000015864;3223;20
000000000628439001;3085;19
000000000000187418;3089;26
000000000000006444;3206;154
000000000000568764;3088;13
000000000000985415;3093;342
000000000000780927;3089;126
000000000000607914;3212;279
000000000000667672;3098;18
000000000401724001;3225;136
000000000000165488;3193;470
000000000000189558;3088;101
000000000000005966;3211;12
000000000000007493;3098;299
000000000400055004;3089;126
000000000000141269;3088;120
000000000000128237;3085;45
000000000000614113;3172;246
000000000000005966;3086;62
000000000000666032;3212;44
000000000000154633;3098;64
000000000000759336;3206;1144
000000000000561155;3187;571
000000000000558055;3225;44
000000000000014296;3094;70
000000000000634834;3088;133
000000000000629264;3180;77
000000000402163002;3180;205
000000000668610001;3092;85
000000000000030965;3085;101
000000000000158886;3193;56
000000000000612806;3089;1646
000000000000780927;3074;189
000000000000321786;3223;11
000000000000766964;3212;38
000000000402629001;3211;848
000000000000561242;3093;11
000000000000215264;3212;55
000000000000572837;3223;12
000000000648870003;3180;57
000000000000641384;3098;68
000000000000612888;3092;38
000000000000577057;3091;55
000000000000667762;3225;21
000000000402160005;3089;186
000000000000630952;3223;51
000000000000606698;3092;451
000000000000648065;3223;56
000000000000626166;3212;135
000000000000032389;3223;1570
000000000000863275;3088;89
000000000000031023;3223;182
000000000000053892;3086;224
000000000000561523;3172;14
000000000000882757;3074;10
000000000000639039;3093;208
000000000000516749;3206;101
000000000000163401;3094;28
000000000000179977;3094;117
000000000000955556;3074;54
000000000000607904;3091;181
000000000000163896;3094;71
000000000000624684;3093;206
000000000000506264;3088;82
000000000000546916;3223;43
000000000000533072;3211;23
000000000000611421;3092;401
000000000000900820;3091;382
000000000401861004;3211;205
000000000000648732;3223;32
000000000000617381;3088;21
000000000000010662;3091;455
000000000401861010;3074;30
000000000000023776;3223;66
000000000000503539;3093;472
000000000000034410;3172;53
000000000000181877;3180;82
000000000000777211;3088;225
000000000000210403;3211;221
000000000000181877;3091;157
000000000000347001;3088;161
000000000000955553;3086;15
000000000000032389;3094;2003
000000000000624855;3223;40
000000000000780927;3211;40
000000000000632285;3172;68
000000000000054626;3093;15
000000000000321094;3098;1562
000000000000638620;3098;20
000000000000006528;3223;59
000000000000640961;3098;313
000000000000655096;3098;30
000000000000627254;3089;62
000000000000009451;3172;59
000000000000632283;3093;128
000000000000516747;3092;1421
000000000000192068;3091;8
000000000000666921;3092;71
000000000000007101;3223;946
000000000000665184;3187;43
000000000000612883;3180;30
000000000000611420;3094;230
000000000000869698;3212;56
000000000000010008;3206;697
000000000000010005;3212;510
000000000000629295;3085;71
000000000000165524;3094;49
000000000000600320;3089;74
000000000000845600;3180;54
000000000000172469;3088;179
000000000000156561;3193;66
000000000000005959;3098;833
000000000000781196;3180;60
000000000000650419;3074;202
000000000000146509;3225;510
000000000000601607;3193;24
000000000000300245;3088;9
000000000000960219;3211;154
000000000000147716;3085;26
000000000000146509;3187;1286
000000000000660822;3086;7
000000000000629762;3086;2182
000000000000324538;3193;86
000000000000616068;3094;297
000000000000024735;3098;1006
000000000000139940;3172;36
000000000000616112;3094;26
000000000000218074;3187;190
000000000650059001;3089;653
000000000000024155;3212;170
000000000000648349;3098;24
000000000000712440;3206;839
000000000000164124;3088;168
000000000000344299;3193;1583
000000000000646203;3225;72
000000000000342883;3089;82
000000000000663046;3223;48
000000000000057969;3089;852
000000000000649041;3098;181
000000000000010524;3187;53
000000000000010577;3098;37
000000000000215949;3225;90
000000000666059001;3085;61
000000000000668060;3211;275
000000000000767397;3093;265
000000000000603675;3098;57
000000000000218917;3074;80
000000000000629264;3093;25
000000000000625303;3172;38
000000000000163896;3089;51
000000000000985414;3098;214
000000000654770001;3086;94
000000000000020321;3089;76
000000000000005542;3172;46
000000000000645720;3091;10
000000000666059003;3193;25
000000000000178089;3089;49
000000000000818130;3187;71
000000000000642688;3206;323
000000000000035196;3074;49
000000000000501362;3225;489
000000000000630954;3094;114
000000000665091001;3098;12
000000000000639896;3225;106
000000000000017664;3180;96
000000000000544705;3206;39
000000000000665184;3223;38
000000000000612888;3193;18
000000000000647468;3211;75
000000000000741322;3225;24
000000000000629401;3091;60
000000000628439002;3225;39
000000000000900820;3206;999
000000000400218003;3172;270
000000000665420002;3172;83
000000000000181828;3089;25
000000000634844002;3089;31
000000000000135488;3098;552
000000000401724001;3193;150
000000000000625401;3094;29
000000000000665063;3172;3200
000000000000191246;3089;77
000000000000625810;3098;65
000000000650100001;3211;94
000000000000905315;3172;30
000000000000646386;3091;104
000000000000024735;3085;1030
000000000000171547;3206;35
000000000000520476;3092;126
000000000000011016;3187;107
000000000000213570;3187;22
000000000000006542;3212;544
000000000000007515;3206;44
000000000000195024;3094;36
000000000000220630;3091;20
000000000000052107;3085;456
000000000000180049;3193;45
000000000000863277;3092;93
000000000000652974;3089;46
000000000000138610;3206;312
000000000000667119;3093;31
000000000000652985;3225;24
000000000000643027;3098;138
000000000000627253;3187;47
000000000000191021;3225;50
000000000000164129;3223;34
000000000401861004;3092;322
000000000000053957;3193;75
000000000000128227;3074;80
000000000000139940;3211;35
000000000000863277;3187;38
000000000000295085;3206;233
000000000000165524;3088;173
000000000000163735;3092;99
000000000000585802;3172;40
000000000000291227;3074;678
000000000000128229;3094;114
000000000000614113;3094;137
000000000000826649;3088;71
000000000000154632;3180;107
000000000000006531;3193;713
000000000000174785;3089;24
000000000000158525;3223;608
000000000000347001;3092;183
000000000663007001;3211;69
000000000635476002;3094;59
000000000000640068;3172;93
000000000000631045;3098;48
000000000000178087;3094;134
000000000000187005;3193;311
000000000000665264;3094;150
000000000000121724;3074;102
000000000000646203;3223;122
000000000000937354;3098;14
000000000000053845;3094;291
000000000624310001;3085;12
000000000000520482;3093;49
000000000000173896;3089;33
000000000000303385;3225;54
000000000000005861;3225;72
000000000000558422;3211;115
000000000000211077;3093;168
000000000000606625;3093;364
000000000000052392;3172;432
000000000000006459;3074;226
000000000000211077;3098;51
000000000000661854;3193;136
000000000000187005;3086;385
000000000000627254;3193;20
000000000000154633;3093;67
000000000000147552;3086;308
000000000000017665;3212;71
000000000000344299;3089;1048
000000000000869698;3086;121
000000000400261002;3180;472
000000000000031913;3193;48
000000000000006552;3212;2534
000000000000967746;3089;18
000000000000158479;3092;544
000000000000643026;3187;144
000000000000616985;3187;125
000000000000231595;3211;7
000000000000344300;3225;126
000000000634844002;3211;51
000000000000614357;3172;42
000000000000663156;3086;40
000000000400182008;3092;515
000000000000899946;3091;2849
000000000000133342;3088;73
000000000000248328;3074;71
000000000000566201;3212;19
000000000402160009;3089;136
000000000000625314;3212;248
000000000000135092;3093;338
000000000000351785;3180;94
000000000000648154;3094;20
000000000000010586;3211;232
000000000000015769;3206;22
000000000000019952;3211;119
000000000000055532;3085;364
000000000000652002;3086;145
000000000000180031;3086;42
000000000000688936;3223;98
000000000000009451;3088;18
000000000000894768;3206;67
000000000000217112;3223;5
000000000000632940;3172;62
000000000000650419;3211;139
000000000000624684;3180;148
000000000000607508;3098;34
000000000000008558;3223;279
000000000000667762;3211;16
000000000000031221;3091;16
000000000000604494;3187;7
000000000000639788;3088;68
000000000000616985;3088;134
000000000000166832;3193;120
000000000000031913;3225;54
000000000000142838;3211;48
000000000000864253;3085;196
000000000000349179;3211;97
000000000000640068;3086;64
000000000000649314;3212;193
000000000000006457;3187;262
000000000636515002;3085;24
000000000000667907;3187;549
000000000401926001;3187;25
000000000000661944;3206;39
000000000000298060;3086;180
000000000000141269;3074;70
000000000622768001;3206;149
000000000000639695;3091;113
000000000000864254;3212;88
000000000000154632;3206;117
000000000402053001;3089;114
000000000000612883;3098;36
000000000000652467;3212;52
000000000665091002;3172;15
000000000000625809;3193;22
000000000000628239;3094;97
000000000000635313;3089;172
000000000000298060;3193;84
000000000000941356;3212;173
000000000000616112;3211;12
000000000000060385;3074;89
000000000000617380;3206;31
000000000000008558;3187;1156
000000000000007408;3089;857
000000000000667422;3098;156
000000000000153589;3211;65
000000000000015532;3193;87
000000000000567727;3086;36
000000000000176198;3089;21
000000000000053864;3223;36
000000000622768004;3086;102
000000000400329004;3088;294
000000000000632940;3074;185
000000000000871178;3089;38
000000000000351992;3212;7
000000000000900816;3187;1765
000000000000358031;3085;22
000000000000615003;3091;48
000000000000005759;3180;33
000000000000639040;3172;62
000000000000900817;3206;1534
000000000000530964;3094;20
000000000000668125;3086;159
000000000000018122;3223;29
000000000000215154;3098;33
000000000000225728;3206;72
000000000000203297;3091;26
000000000000626166;3086;71
000000000000759658;3212;167
000000000000198447;3098;172
000000000000883202;3091;41
000000000000639896;3088;161
000000000000629430;3091;23
000000000000616985;3223;203
000000000000638654;3172;68
000000000000142838;3225;197
000000000000035246;3206;315
000000000000543700;3172;12
000000000000035196;3088;119
000000000000034410;3094;137
000000000000636577;3094;95
000000000000191104;3223;142
000000000000614472;3098;19
000000000000030951;3172;18
000000000000006542;3074;181
000000000400182008;3094;742
000000000400055001;3085;404
000000000000607261;3092;53
000000000000321550;3172;75
000000000000225728;3093;54
000000000000005756;3187;2242
000000000000152767;3225;38
000000000000625303;3074;28
000000000000005753;3180;70
000000000000566201;3225;23
000000000000818130;3088;77
000000000000010680;3088;54
000000000000648980;3085;116
000000000000163401;3212;158
000000000000666016;3225;52
000000000000575642;3225;283
000000000000188150;3089;53
000000000000667694;3212;32
000000000000182607;3086;86
000000000000612882;3206;60
000000000000011506;3085;86
000000000000024570;3172;13
000000000000010680;3089;40
000000000000614357;3225;10
000000000000573612;3193;33
000000000000291227;3086;675
000000000000010005;3225;512
000000000000281009;3206;171
000000000000640484;3212;28
000000000000052391;3180;121
000000000000218597;3086;48
000000000000005873;3074;64
000000000000031222;3091;10
000000000000667119;3085;38
000000000000006107;3092;1346
000000000000010591;3098;42
000000000000617381;3187;15
000000000000665280;3093;43
000000000624310002;3085;17
000000000000191021;3212;43
000000000000571229;3223;74
000000000000641279;3088;24
000000000000260876;3212;34
000000000000215380;3093;1346
000000000000218917;3088;206
000000000000666019;3088;53
000000000000031915;3187;28
000000000645975001;3172;494
000000000000652003;3074;63
000000000000215841;3074;1183
000000000000011016;3088;134
000000000000631249;3098;144
000000000000179983;3089;34
000000000000619700;3092;12
000000000000632286;3206;50
000000000000035129;3094;96
000000000000616203;3187;26
000000000000024727;3089;47
000000000000667968;3086;410
000000000665771002;3180;68
000000000000052652;3089;1031
000000000000630954;3225;52
000000000000652985;3094;62
000000000000661594;3089;69
000000000000164124;3086;117
000000000000031628;3223;83
000000000616561001;3172;70
000000000000006143;3187;977
000000000000609808;3074;32
000000000664214001;3193;47
000000000000631799;3211;9
000000000000641548;3074;42
000000000000031357;3088;39
000000000400329002;3225;442
000000000000641548;3193;84
000000000000760902;3225;51
000000000000054189;3180;529
000000000000559524;3091;612
000000000000006107;3211;937
000000000000623594;3172;708
000000000000034410;3225;48
000000000000641113;3098;504
000000000000666921;3193;29
000000000000588612;3172;50
000000000000005873;3094;24
000000000000562182;3206;28
000000000000059685;3180;58
000000000000667263;3092;49
000000000000007087;3092;252
000000000000180004;3094;22
000000000000666031;3206;22
000000000000191021;3193;188
000000000000163401;3088;273
000000000000668125;3088;123
000000000000572837;3074;9
000000000000544491;3074;11
000000000000634900;3088;27
000000000400329009;3098;1212
000000000000139890;3092;53
000000000000054189;3206;111
000000000000641109;3206;19
000000000400071003;3180;74
000000000000649042;3092;143
000000000000013908;3187;23
000000000400329004;3086;446
000000000400329009;3085;355
000000000000141360;3098;1512
000000000400329003;3225;432
000000000000351992;3094;9
000000000000506147;3094;24
000000000000218917;3187;97
000000000000635466;3172;51
000000000665656001;3206;26
000000000000640143;3180;49
000000000668190001;3225;162
000000000000017739;3088;148
000000000000663046;3092;41
000000000000286465;3180;114
000000000000639896;3223;134
000000000400329004;3193;1084
000000000000176169;3187;276
000000000000018292;3098;479
000000000000561188;3225;15
000000000000826649;3092;90
000000000000621034;3086;338
000000000000355630;3089;2020
000000000000636691;3225;37
000000000000174295;3089;104
000000000000173896;3172;77
000000000000781195;3088;74
000000000000146753;3088;131
000000000000667694;3074;12
000000000000631323;3091;29
000000000645975005;3212;812
000000000000652700;3225;46
000000000000894768;3091;47
000000000401851006;3098;16
000000000000145237;3098;239
000000000000146509;3212;473
000000000000178089;3172;108
000000000000767397;3091;350
000000000000759658;3092;120
000000000000133180;3088;253
000000000402629001;3212;257
000000000000172482;3092;649
000000000000010586;3094;440
000000000000630079;3223;12
000000000000182689;3089;38
000000000000776038;3092;185
000000000665771001;3098;52
000000000000133179;3091;138
000000000000133181;3187;50
000000000000639040;3225;64
000000000000533072;3089;12
000000000000191021;3086;122
000000000000035129;3074;126
000000000000146527;3089;27
000000000000607906;3086;148
000000000000611421;3074;465
000000000622768006;3187;63
000000000401867002;3094;62
000000000000170847;3187;134
000000000000637755;3098;44
000000000654770002;3225;71
000000000000052679;3093;97
000000000000506149;3211;30
000000000666059002;3098;15
000000000645975004;3212;277
000000000000179743;3223;24
000000000000665212;3180;56
000000000000941356;3172;602
000000000000624684;3206;132
000000000402163006;3206;31
000000000000688938;3098;32
000000000000759661;3212;83
000000000000661854;3094;162
000000000000355630;3187;4054
000000000000006557;3223;92
000000000000627254;3172;75
000000000000180017;3093;30
000000000000623594;3088;227
000000000000015769;3091;22
000000000000009009;3086;168
000000000000010631;3091;82
000000000000739961;3085;35
000000000000638517;3206;10
000000000000146214;3180;43
000000000000158522;3225;28
000000000000007390;3206;1119
000000000000647468;3187;69
000000000000634994;3225;91
000000000000631249;3180;216
000000000000203300;3206;9
000000000000634900;3094;34
000000000000355904;3092;43
000000000000010528;3091;34
000000000400329001;3098;1502
000000000000652985;3211;40
000000000000004912;3085;588
000000000000663046;3193;27
000000000000634834;3212;30
000000000000197613;3085;53
000000000000308550;3211;16
000000000000766964;3223;15
000000000000960219;3193;88
000000000000967746;3172;27
000000000000860193;3172;168
000000000000006542;3223;253
000000000000145237;3180;439
000000000000645433;3180;94
000000000000612861;3206;75
000000000000510814;3086;19
000000000000749097;3091;225
000000000000010511;3206;44
000000000000052392;3074;210
000000000000663651;3086;28
000000000000176788;3172;87
000000000000004901;3089;31
000000000000614113;3225;87
000000000000606698;3074;259
000000000000544171;3089;183
000000000000519771;3172;18
000000000000638619;3089;22
000000000000501361;3091;399
000000000000649345;3098;126
000000000000178089;3212;81
000000000000627254;3074;54
000000000000146215;3092;46
000000000000662178;3211;124
000000000400071001;3223;66
000000000000217112;3211;18
000000000000615003;3093;60
000000000000816587;3094;323
000000000000118603;3172;112
000000000000828564;3089;202
000000000000133179;3206;191
000000000000052663;3206;45
000000000000210403;3088;215
000000000000349368;3211;2972
000000000000633967;3172;244
000000000000351783;3180;183
000000000000173896;3094;35
000000000000501362;3187;612
000000000000169183;3085;93
000000000000622704;3092;22
000000000000666914;3211;144
000000000401867004;3206;45
000000000000141270;3180;205
000000000000634412;3091;93
000000000000349368;3089;4436
000000000000052656;3091;95
000000000000175894;3180;28
000000000000024727;3092;336
000000000000645478;3225;96
000000000000005966;3074;5
000000000000662178;3089;91
000000000000650626;3193;44
000000000000158525;3172;120
000000000000754765;3225;24
000000000000646202;3223;365
000000000000024197;3085;66
000000000000561523;3088;16
000000000000635684;3085;42
000000000000655096;3180;9
000000000000816588;3088;298
000000000000665799;3212;10
000000000648870001;3091;64
000000000664214001;3074;41
000000000000118791;3089;49
000000000650100002;3093;88
000000000000194269;3093;48
000000000668610002;3088;75
000000000000543393;3088;32
000000000000905315;3225;21
000000000000640021;3223;62
000000000000170080;3172;156
000000000000251252;3223;63
000000000000211061;3088;45
000000000000779613;3093;32
000000000000899947;3225;488
000000000000653377;3193;354
000000000000539908;3092;52
000000000000052676;3094;87
000000000000217922;3088;288
000000000000210064;3172;28914
000000000000667762;3193;76
000000000000652466;3206;112
000000000000191007;3193;268
000000000000624993;3193;16
000000000000652467;3223;57
000000000000667694;3211;22
000000000400329004;3094;454
000000000000006455;3098;145
000000000000667672;3180;24
000000000000023002;3187;146
000000000000328254;3187;48
000000000000663242;3180;179
000000000000913285;3172;37
000000000000665275;3074;97
000000000000646203;3089;72
000000000000638619;3094;20
000000000000981938;3092;89
000000000000215841;3088;932
000000000000358359;3172;190
000000000402160009;3172;140
000000000000568764;3094;20
000000000000661120;3098;205
000000000641229002;3098;49
000000000000008914;3098;541
000000000647039002;3088;38
000000000000562128;3211;278
000000000000181373;3172;27
000000000000899948;3091;1375
000000000000653352;3091;18
000000000000006444;3085;687
000000000000646203;3212;170
000000000000633961;3088;38
000000000000634412;3098;226
000000000000976753;3212;247
000000000000666016;3223;18
000000000000146527;3092;41
000000000000639787;3085;32
000000000000628711;3085;32
000000000000666016;3094;18
000000000400329004;3172;850
000000000000052658;3093;257
000000000000941356;3225;309
000000000000648519;3092;18
000000000000639041;3206;64
000000000000006668;3089;9
000000000000668188;3085;77
000000000000533071;3180;44
000000000000662372;3212;336
000000000000652972;3187;62
000000000000006107;3172;1043
000000000000960219;3086;310
000000000000006143;3172;623
000000000000731782;3093;543
000000000000215841;3223;7793
000000000401724009;3193;802
000000000000164124;3094;149
000000000000604494;3086;11
000000000000176788;3092;66
000000000000142838;3172;515
000000000000538415;3211;45
000000000000665845;3085;26
000000000000665845;3206;26
000000000000967746;3223;26
000000000000007482;3172;357
000000000000056648;3193;54
000000000000607261;3225;38
000000000000581680;3223;100
000000000000568929;3085;45
000000000000639039;3098;90
000000000000643026;3172;270
000000000000561524;3094;10
000000000000004912;3093;771
000000000000212914;3098;68
000000000000977143;3225;28
000000000000007087;3211;93
000000000000991225;3091;51
000000000000648519;3088;14
000000000000566684;3206;462
000000000000938543;3089;85
000000000000217922;3089;157
000000000000652489;3172;16
000000000000213396;3074;18
000000000000010659;3193;109
000000000000141189;3172;53
000000000000133342;3187;61
000000000000628113;3223;563
000000000000688937;3225;38
000000000000663242;3085;64
000000000401861004;3193;266
000000000622768002;3206;124
000000000000661594;3086;27
000000000000165488;3088;336
000000000000148242;3098;27
000000000402135002;3085;38
000000000000633961;3172;58
000000000000052107;3093;430
000000000634844003;3089;30
000000000000646070;3092;580
000000000402053001;3187;48
000000000000006542;3193;218
000000000000017739;3086;125
000000000400067002;3180;334
000000000000010688;3086;145
000000000000130196;3089;246
000000000648870003;3098;64
000000000000035196;3211;32
000000000000134123;3172;137
000000000000629401;3206;72
000000000000638621;3206;26
000000000000174785;3193;51
000000000401926001;3172;30
000000000000638276;3225;21
000000000000663156;3074;210
000000000000146527;3212;90
000000000000543098;3085;24
000000000000191246;3088;157
000000000000570705;3180;48
000000000000615836;3089;59
000000000000645478;3089;134
000000000000648732;3088;23
000000000668610002;3172;150
000000000000007504;3088;773
000000000000128223;3206;113
000000000000014362;3223;43
000000000000010521;3225;252
000000000000758872;3172;253
000000000000566323;3225;20
000000000000142838;3086;116
000000000000217922;3086;412
000000000000607261;3094;32
000000000000032136;3085;170
000000000000916912;3212;35
000000000400218001;3206;98
000000000000010478;3193;28
000000000000191250;3086;132
000000000000606698;3187;79
000000000402613002;3088;1671
000000000000810438;3180;51
000000000665420002;3223;97
000000000401724015;3211;358
000000000000907292;3086;215
000000000000145238;3206;146
000000000000006466;3098;123
000000000000781021;3225;51
000000000648870002;3180;55
000000000401914004;3206;162
000000000000612808;3187;118
000000000000163044;3211;48
000000000000146527;3172;61
000000000000120789;3180;39
000000000000871178;3088;57
000000000000620407;3085;1345
000000000000128229;3187;35
000000000000597758;3193;51
000000000000901934;3212;266
000000000000516747;3225;1119
000000000000031910;3086;568
000000000000532217;3088;33
000000000000351787;3187;86
000000000000133179;3098;803
000000000000606624;3193;10
000000000665771002;3085;50
000000000000816587;3187;290
000000000000628527;3088;78
000000000402197001;3172;89
000000000000955556;3094;34
000000000000188148;3098;1451
000000000000349179;3086;444
000000000000132462;3085;1235
000000000402163013;3212;123
000000000000505749;3085;232
000000000000156185;3172;37
000000000000567912;3098;29
000000000000009671;3086;58
000000000000015532;3172;80
000000000000010680;3193;95
000000000000218099;3092;46
000000000000052656;3206;66
000000000000010662;3093;20
000000000000964689;3223;155
000000000000607911;3212;76
000000000000324538;3225;71
000000000647039003;3086;44
000000000000665741;3180;821
000000000628439001;3180;24
000000000000177512;3206;2063
000000000000621936;3074;95
000000000000008914;3180;1936
000000000000973574;3091;8
000000000000014362;3074;37
000000000000010592;3093;49
000000000000141271;3211;58
000000000000668127;3089;234
000000000000031357;3086;35
000000000650059002;3172;315
000000000000632285;3212;71
000000000000815394;3092;16
000000000000006457;3211;461
000000000000628113;3088;673
000000000402163020;3225;27
000000000000628711;3093;314
000000000000501362;3086;791
000000000400329004;3211;488
000000000000218597;3089;46
000000000000543099;3085;13
000000000000324013;3086;135
000000000000005256;3074;178
000000000000781021;3212;62
000000000000324013;3172;222
000000000000652985;3187;395
000000000000900819;3089;395
000000000000617381;3089;28
000000000000217922;3212;311
000000000000024599;3091;211
000000000000619699;3086;22
000000000000146215;3074;64
000000000000626165;3092;61
000000000000639040;3187;84
000000000000147552;3172;382
000000000000667600;3085;65
000000000000652984;3088;82
000000000000663245;3093;49
000000000000664937;3094;24
000000000000220630;3180;19
000000000000815281;3088;40
000000000000622001;3091;512
000000000000576939;3092;43
000000000400055005;3187;246
000000000402124004;3085;95
000000000000741322;3193;56
000000000402197001;3092;92
000000000402053001;3092;64
000000000000638276;3193;30
000000000000539908;3088;220
000000000000635301;3172;25
000000000000758872;3212;185
000000000000351787;3193;69
000000000000020321;3086;171
000000000000652972;3089;69
000000000000154634;3187;26
000000000000057969;3187;1362
000000000000781199;3206;33
000000000000164153;3211;431
000000000000606510;3093;135
000000000000623326;3172;88
000000000000571223;3193;247
000000000000185006;3091;84
000000000000665848;3225;91
000000000000185007;3086;1050
000000000000631323;3206;51
000000000000668141;3206;58
000000000000298060;3225;116
000000000000163401;3193;42
000000000663007002;3086;14
000000000000010631;3093;104
000000000000520476;3225;182
000000000000842477;3093;88
000000000000571228;3180;2764
000000000000721107;3098;28
000000000000197613;3180;33
000000000000611421;3172;467
000000000000752668;3206;84
000000000000900821;3180;1011
000000000000007482;3086;609
000000000000619701;3172;27
000000000000163401;3089;126
000000000000607261;3086;37
000000000000636577;3187;98
000000000000639855;3092;972
000000000000516747;3094;1274
000000000000760476;3085;2530
000000000000006106;3086;504
000000000000648451;3086;100
000000000400067006;3225;211
000000000000647083;3089;90
000000000000120294;3172;276
000000000000647125;3091;80
000000000000215155;3088;98
000000000400055005;3086;276
000000000000650823;3092;161
000000000000621034;3172;449
000000000000632285;3187;41
000000000000543391;3180;15
000000000000810437;3086;89
000000000000225728;3098;61
000000000402613002;3094;2810
000000000000215154;3180;55
000000000000147606;3085;22
000000000000192843;3193;16
000000000000006535;3098;135
000000000000146224;3093;14
000000000000795025;3098;37
000000000000739681;3093;159
000000000000941357;3092;63
000000000000134123;3225;27
000000000000643027;3180;231
000000000000165524;3211;68
000000000000005758;3086;44
000000000000510814;3187;409
000000000000606624;3094;21
000000000000639936;3074;133
000000000000006438;3088;48
000000000402629003;3180;853
000000000000052294;3180;160
000000000000815394;3225;17
000000000000618836;3180;49
000000000665656002;3093;56
000000000000206654;3093;38
000000000000007482;3092;365
000000000000604496;3211;18
000000000663007002;3212;81
000000000000020321;3088;109
000000000000052524;3193;49
000000000400329001;3206;1171
000000000000141269;3212;277
000000000000639787;3206;27
000000000000631121;3187;26
000000000400329010;3206;831
000000000000178369;3091;18
000000000000024155;3092;150
000000000000900825;3086;588
000000000000505746;3086;66
000000000000630954;3092;273
000000000000284662;3211;129
000000000000649041;3091;129
000000000000516543;3074;202
000000000000941357;3193;101
000000000000015532;3187;38
000000000000217922;3187;81
000000000000342159;3172;37
000000000000505193;3172;75
000000000000603675;3180;131
000000000000174334;3098;132
000000000666059003;3225;49
000000000650100002;3085;91
000000000401867002;3187;19
000000000000004901;3187;369
000000000400069001;3088;1369
000000000000666032;3193;74
000000000000698846;3172;136
000000000400218002;3172;251
000000000000652001;3212;72
000000000000667762;3187;20
000000000000652972;3225;182
000000000000031915;3088;45
000000000000118792;3093;333
000000000000119092;3093;29
000000000000053891;3091;862
000000000000664937;3086;51
000000000000660822;3212;14
000000000000607261;3211;26
000000000000611420;3092;208
000000000000631121;3193;133
000000000000667429;3098;116
000000000000626636;3093;1181
000000000000558055;3187;38
000000000000154822;3225;26
000000000400433001;3091;68
000000000000643026;3089;101
000000000000167456;3091;75
000000000000230843;3088;81
000000000666059002;3085;27
000000000000611420;3193;310
000000000000010517;3180;266
000000000000630953;3092;192
000000000000339668;3180;299
000000000000869698;3172;93
000000000000351787;3089;87
000000000000766964;3094;30
000000000000010579;3223;60
000000000000618836;3098;26
000000000000899946;3180;3437
000000000000661557;3089;154
000000000000506071;3212;114
000000000000031911;3180;92
000000000000191104;3225;135
000000000000010012;3091;141
000000000000024733;3093;2502
000000000650100001;3074;168
000000000000688936;3086;332
000000000000007408;3212;2107
000000000000810437;3089;95
000000000401724015;3225;278
000000000000217111;3172;26
000000000000649345;3206;215
000000000000667694;3092;15
000000000000632934;3094;16
000000000000052720;3206;20
000000000400329001;3093;384
000000000000052392;3187;132
000000000000520476;3193;147
000000000000163044;3089;32
000000000000621035;3092;720
000000000402163019;3172;57
000000000000645478;3172;47
000000000000731601;3212;454
000000000000739681;3085;159
000000000000052524;3089;105
000000000000052531;3180;234
000000000000634834;3223;109
000000000000053957;3172;200
000000000000667762;3212;10
000000000000645453;3094;69
000000000000544491;3193;21
000000000654770002;3092;18
000000000645975001;3225;487
000000000401914004;3180;156
000000000000628528;3223;32
000000000000218488;3074;32
000000000000606625;3091;107
000000000000641109;3180;21
000000000402160001;3091;280
000000000000167455;3091;1211
000000000000641384;3085;143
000000000000006531;3225;2683
000000000000662257;3098;26
000000000000638654;3074;49
000000000000628113;3225;170
000000000000667907;3086;768
000000000000277182;3074;98
000000000000172456;3085;32
000000000000011506;3206;292
000000000000351786;3093;153
000000000000006459;3212;89
000000000000575642;3094;340
000000000000032389;3092;3293
000000000400329003;3089;801
000000000000955555;3092;25
000000000000182690;3098;42
000000000000179983;3088;38
000000000000640010;3089;20
000000000000647163;3089;42
000000000000625402;3180;75
000000000000217112;3172;12
000000000000015864;3092;80
000000000000006128;3091;36
000000000000665212;3085;43
000000000000191104;3088;84
000000000000010524;3086;45
000000000000213570;3193;11
000000000000164153;3086;240
000000000000624993;3086;75
000000000402163013;3193;68
000000000000642723;3193;15
000000000000634994;3074;73
000000000000868530;3093;38
000000000000665264;3225;64
000000000000007515;3085;80
000000000000629402;3206;61
000000000000901934;3088;190
000000000402629001;3223;129
000000000000007493;3091;525
000000000000005963;3092;934
000000000400218003;3211;196
000000000000665855;3206;45
000000000000665265;3225;71
000000000000665791;3206;55
000000000000344300;3211;226
000000000000005542;3092;27
000000000000128218;3206;126
000000000000134121;3180;22
000000000665771003;3085;22
000000000000156146;3074;177
000000000402613002;3089;1669
000000000000666914;3187;1603
000000000000863277;3172;26
000000000000826649;3086;41
000000000000172482;3088;269
000000000000647468;3193;42
000000000000006442;3180;5755
000000000000744843;3074;8
000000000000287807;3225;21
000000000000752668;3180;128
000000000000562182;3180;29
000000000616726002;3092;79
000000000000169663;3211;92
000000000000646070;3193;269
000000000000031023;3193;196
000000000000358032;3098;66
000000000000665518;3093;49
000000000000876417;3225;176
000000000000217111;3223;8
000000000000615396;3092;111
000000000000007407;3091;285
000000000000649639;3212;18
000000000000191250;3225;47
000000000000647173;3092;68
000000000000652972;3094;61
000000000000191247;3223;27
000000000000863278;3223;27
000000000000132112;3089;146
000000000402163020;3172;36
000000000000053893;3223;697
000000000000218597;3074;41
000000000401926001;3225;21
000000000000567412;3092;57
000000000000024727;3086;39
000000000000635726;3211;33
000000000000668127;3225;204
000000000000828564;3088;148
000000000000622001;3098;219
000000000402629004;3093;1251
000000000000006446;3074;37
000000000000182334;3088;92
000000000000622002;3098;66
000000000000941357;3223;263
000000000000598867;3091;282
000000000000661945;3093;26
000000000000017966;3093;34
000000000000641385;3206;69
000000000000006456;3088;73
000000000000355630;3092;2448
000000000636515002;3206;68
000000000000005963;3211;1428
000000000000163735;3088;144
000000000624310001;3206;18
000000000000614340;3074;398
000000000000006129;3088;179
000000000000516543;3193;482
000000000000760902;3193;127
000000000000182689;3092;34
000000000000031356;3223;31
000000000000165524;3223;68
000000000000652700;3212;271
000000000400329010;3085;814
000000000000621936;3094;171
000000000000642688;3098;700
000000000000560915;3091;42
000000000000355961;3223;12
000000000000646070;3211;70
000000000000520476;3094;161
000000000000024155;3187;130
000000000000567727;3172;42
000000000665922002;3211;52
000000000000630952;3211;29
000000000000503540;3225;799
000000000000639040;3086;144
000000000000015864;3187;43
000000000000633961;3223;42
000000000000638228;3085;35
000000000000185148;3187;118
000000000000518013;3089;74
000000000000964689;3187;220
000000000000973574;3206;5
000000000000652984;3074;135
000000000000632940;3212;32
000000000000620407;3180;773
000000000000010659;3092;73
000000000000006459;3088;86
000000000000179567;3085;237
000000000647039003;3089;25
000000000000781021;3086;84
000000000000158522;3089;24
000000000000169183;3180;144
000000000000179744;3098;40
000000000000863275;3211;51
000000000000626165;3086;54
000000000000172456;3093;42
000000000665771002;3206;42
000000000000883205;3085;19
000000000402160009;3092;156
000000000000668189;3089;45
000000000000649314;3211;530
000000000000213570;3223;15
000000000641229001;3088;155
000000000000010664;3206;22
000000000000663243;3187;57
000000000000668651;3098;16
000000000000869698;3088;67
000000000000650197;3225;35
000000000000014296;3212;18
000000000000655578;3172;16
000000000000053864;3193;120
000000000000666029;3206;58
000000000000172738;3074;11
000000000000010680;3086;66
000000000668610002;3193;91
000000000000018292;3093;380
000000000000625401;3193;67
000000000000006442;3098;3315
000000000000631045;3091;90
000000000000673438;3223;240
000000000641229001;3212;52
000000000650059002;3089;686
000000000000344300;3092;515
000000000645975003;3098;202
000000000000190995;3092;190
000000000650100002;3180;174
000000000000191246;3225;48
000000000000213721;3091;34
000000000000214184;3098;51
000000000000284478;3091;40
000000000000639695;3180;93
000000000000284090;3211;30
000000000000842477;3098;83
000000000000128218;3098;223
000000000668190002;3206;71
000000000000667600;3180;32
000000000400329003;3092;922
000000000000125621;3085;380
000000000000665845;3091;30
000000000000132114;3093;34
000000000000749098;3180;146
000000000000349179;3089;446
000000000000609808;3172;59
000000000000624993;3094;42
000000000000158479;3074;435
000000000000616733;3206;30
000000000000210403;3089;168
000000000000776038;3193;44
000000000000023776;3187;35
000000000000630440;3180;24
000000000648444001;3098;45
000000000000031915;3193;38
000000000000567913;3206;13
000000000000052659;3187;385
000000000000607897;3094;19
000000000000665264;3089;48
000000000000869698;3223;138
000000000000010664;3091;70
000000000665656001;3098;55
000000000000662178;3094;411
000000000622768002;3085;53
000000000000006456;3187;895
000000000000628527;3074;81
000000000000652974;3193;50
000000000000667385;3225;116
000000000622768001;3091;141
000000000000648979;3085;229
000000000000665786;3094;367
000000000000530962;3193;67
000000000000141993;3211;96
000000000000625314;3225;89
000000000000147716;3093;29
000000000000017734;3093;81
000000000000008892;3225;72
000000000000631669;3093;28
000000000000062470;3092;124
000000000000195024;3086;35
000000000000618365;3206;32
000000000000597755;3092;70
000000000000057969;3086;2026
000000000000576939;3172;31
000000000000172456;3180;40
000000000000668127;3211;98
000000000000543700;3223;17
000000000000639525;3093;25
000000000000663243;3193;160
000000000400308002;3092;5068
000000000000146986;3206;159
000000000000177772;3180;465
000000000000060385;3094;295
000000000400218004;3180;386
000000000000636371;3092;337
000000000000303385;3223;83
000000000000052531;3091;111
000000000000622474;3093;34
000000000000358359;3212;287
000000000000892231;3187;9
000000000000324538;3187;62
000000000000663156;3094;310
000000000000818130;3074;106
000000000000007504;3212;568
000000000402629003;3098;372
000000000000187418;3223;29
000000000000284090;3212;35
000000000000217412;3093;46
000000000648870004;3098;145
000000000000052524;3187;58
000000000000579750;3223;77
000000000000606428;3193;13
000000000000985918;3206;28
000000000000648040;3098;48
000000000000052659;3094;548
000000000000941355;3093;205
000000000000351992;3086;17
000000000000006519;3091;59
000000000000138712;3098;6158
000000000000539292;3187;57
000000000000568818;3074;36
000000000000533071;3206;32
000000000000568818;3088;44
000000000000941357;3172;184
000000000000010577;3093;64
000000000000118792;3180;109
000000000000218488;3086;39
000000000000646070;3094;3100
000000000000630954;3172;214
000000000000052538;3092;81
000000000000005256;3225;284
000000000000652002;3074;60
000000000000192843;3094;19
000000000000544823;3085;42
000000000000005603;3223;28
000000000647039004;3089;21
000000000000667815;3211;4
000000000000638654;3211;98
000000000000218488;3187;58
000000000400329005;3223;459
000000000400308002;3211;3688
000000000000031628;3086;69
000000000000615395;3091;29
000000000000355622;3180;338
000000000000358336;3089;479
000000000000623176;3212;42
000000000000826649;3094;69
000000000000006486;3091;72
000000000000004973;3074;47
000000000000558053;3091;18
000000000402160005;3088;173
000000000000566339;3093;113
000000000000516749;3091;244
000000000402163019;3211;35
000000000000860193;3089;74
000000000000160867;3085;51
000000000000010571;3187;113
000000000000652985;3092;75
000000000400218003;3094;355
000000000000164129;3094;60
000000000000650419;3212;346
000000000000576939;3089;60
000000000000759661;3092;84
000000000000606624;3223;35
000000000000639525;3206;26
000000000000035129;3086;89
000000000000053892;3092;1639
000000000000688937;3092;38
000000000000609808;3094;45
000000000000031221;3093;52
000000000000618835;3098;64
000000000000342157;3211;15
000000000000532217;3089;68
000000000000639038;3093;112
000000000000640960;3211;80
000000000000899946;3093;3036
000000000000187005;3225;31
000000000400055005;3211;195
000000000000976752;3212;306
000000000000605708;3093;3214
000000000000636371;3223;31
000000000000712974;3098;482
000000000000355630;3223;4120
000000000000692549;3091;22
000000000000008527;3180;84
000000000000328254;3172;41
000000000000321018;3092;369
000000000402160009;3074;10
000000000000646070;3187;497
000000000000006528;3094;120
000000000000017739;3193;195
000000000000633961;3074;48
000000000400071001;3089;132
000000000000140120;3092;93
000000000000631121;3088;37
000000000000617411;3091;44
000000000000845600;3085;39
000000000000174299;3074;63
000000000000622474;3098;41
000000000000358359;3225;549
000000000000603916;3085;86
000000000000832664;3206;36
000000000000667815;3172;7
000000000000648154;3225;26
000000000000964689;3225;328
000000000000010571;3094;332
000000000000688938;3093;87
000000000000635466;3094;158
000000000000667672;3091;21
000000000000667968;3211;43
000000000000664937;3211;45
000000000400182008;3212;835
000000000000606624;3187;19
000000000000324538;3094;53
000000000647039004;3187;12
000000000000203297;3180;29
000000000000052531;3093;189
000000000000156561;3092;39
000000000000612888;3211;47
000000000000133435;3093;554
000000000000777211;3074;173
000000000000638621;3091;28
000000000000636371;3187;115
000000000000031221;3085;22
000000000000024631;3172;720
000000000000613365;3206;24
000000000000024570;3094;13
000000000000017739;3092;72
000000000000571223;3225;287
000000000000007101;3187;94
000000000000629401;3093;74
000000000000878691;3074;327
000000000000625809;3223;37
000000000000567913;3093;46
000000000400070001;3225;114
000000000000031913;3088;117
000000000400308002;3088;4054
000000000000006526;3206;91
000000000000663242;3093;53
000000000000617911;3088;45
000000000000615835;3180;114
000000000000119002;3223;538
000000000400329010;3093;463
000000000000957755;3225;28
000000000000558422;3187;42
000000000000170845;3187;199
000000000000118791;3225;45
000000000000004898;3180;37
000000000000650823;3212;238
000000000000170198;3085;79
000000000000573622;3180;31
000000000634901001;3180;122
000000000634901001;3098;81
000000000000614472;3180;77
000000000000004898;3085;42
000000000000031023;3225;212
000000000000158525;3089;353
000000000000291653;3098;39
000000000000641109;3098;45
000000000000618780;3223;46
000000000000064466;3223;15
000000000000633961;3092;49
000000000000052538;3187;37
000000000000781198;3211;122
000000000000031023;3088;206
000000000000668141;3180;192
000000000000648451;3187;24
000000000000169057;3089;71
000000000000653876;3193;39
000000000000665704;3074;47
000000000000006519;3098;817
000000000000668917;3086;416
000000000000031023;3089;217
000000000000010577;3206;18
000000000000145903;3091;70
000000000000789276;3193;116
000000000000173898;3093;32
000000000000635931;3093;168
000000000000662372;3089;201
000000000000165488;3212;888
000000000000164008;3206;101
000000000000606698;3086;213
000000000000641279;3092;24
000000000000006129;3086;424
000000000000284090;3088;27
000000000000667385;3074;55
000000000000650196;3074;37
000000000000053809;3085;859
000000000000648981;3212;108
000000000000622002;3091;103
000000000000558053;3085;29
000000000000146214;3085;24
000000000000007408;3225;1083
000000000665656001;3091;19
000000000000018124;3172;21
000000000000626636;3206;1507
000000000400329009;3091;451
000000000000627254;3211;74
000000000000216012;3074;84
000000000000661975;3085;39
000000000000005761;3225;94
000000000000352718;3225;22
000000000000639896;3089;176
000000000000009452;3074;39
000000000000645453;3086;50
000000000400218002;3086;164
000000000000744843;3225;11
000000000000146214;3206;33
000000000000991225;3180;83
000000000000900817;3091;1256
000000000000614356;3172;32
000000000000648732;3089;34
000000000000006446;3088;40
000000000000615396;3088;40
000000000663007001;3074;86
000000000000018119;3074;334
000000000000197610;3089;48
000000000000132115;3074;34
000000000000180017;3091;14
000000000000597755;3223;26
000000000000009451;3092;33
000000000000759659;3094;66
000000000000214578;3088;51
000000000000007504;3092;461
000000000000816587;3089;446
000000000000192563;3094;164
000000000000638619;3225;21
000000000000611421;3225;334
000000000000169937;3180;25
000000000000629295;3093;84
000000000000164129;3092;34
000000000000006143;3211;486
000000000000626165;3212;102
000000000000349368;3088;5238
000000000402053001;3193;62
000000000000558422;3172;176
000000000000666016;3092;22
000000000000008644;3086;27
000000000000141189;3193;59
000000000000032389;3187;2082
000000000000877304;3206;133
000000000000215841;3193;894
000000000000321018;3089;69
000000000000662047;3172;37
000000000000031915;3172;108
000000000000133224;3093;643
000000000000647736;3206;188
000000000000130196;3086;152
000000000402032001;3206;40
000000000000146215;3088;78
000000000000506149;3193;83
000000000000180017;3206;27
000000000666059003;3187;33
000000000000178379;3180;74
000000000000955556;3223;17
000000000401724001;3088;386
000000000000191250;3074;74
000000000400261003;3092;396
000000000668910002;3223;132
000000000000667968;3088;101
000000000000198339;3093;151
000000000000185148;3086;108
000000000000955614;3098;27
000000000000005757;3180;37
000000000000198342;3212;57
000000000000629761;3091;134
000000000000152047;3223;111
000000000000647083;3193;53
000000000000667695;3093;44
000000000000007413;3180;47
000000000000170845;3086;328
000000000000661442;3212;35
000000000000052676;3193;29
000000000000005961;3093;37
000000000000018112;3098;41
000000000000579800;3074;321
000000000000623256;3074;29
000000000000015532;3225;25
000000000000976752;3193;746
000000000000617911;3092;59
000000000000629264;3206;49
000000000402135002;3091;57
000000000000991225;3206;51
000000000000031911;3098;58
000000000000010579;3187;44
000000000000251914;3180;125
000000000000901934;3193;237
000000000000139890;3187;12
000000000000052634;3074;113
000000000000139492;3193;372
000000000400183006;3085;48
000000000637411002;3225;64
000000000000128218;3180;51
000000000000666032;3223;17
000000000000292185;3223;207
000000000000017929;3091;369
000000000000640021;3092;330
000000000000198447;3206;241
000000000000179977;3212;97
000000000000665848;3074;151
000000000000052676;3212;67
000000000639559001;3172;38
000000000000189986;3180;242
000000000000148242;3206;56
000000000000286465;3098;37
000000000000278354;3089;33
000000000000174334;3093;123
000000000000653876;3089;12
000000000000055532;3180;384
000000000400067005;3206;65
000000000000665609;3212;14
000000000000666032;3211;62
000000000000636577;3089;116
000000000654827002;3092;43
000000000000961236;3180;14
000000000000195308;3086;24
000000000000166832;3074;49
000000000000006105;3085;2609
000000000000010217;3206;82
000000000000665609;3223;10
000000000000180009;3206;39
000000000000622001;3093;321
000000000000506264;3223;50
000000000000218074;3193;334
000000000000140120;3187;62
000000000000506147;3211;38
000000000400308001;3206;3719
000000000647039003;3092;27
000000000000006490;3093;133
000000000000032389;3074;3623
000000000000023776;3086;21
000000000000667424;3074;19
000000000000008527;3085;82
000000000635476002;3187;43
000000000000559524;3093;1045
000000000000758871;3074;1074
000000000000191246;3092;102
000000000000158375;3206;55
000000000000008892;3193;350
000000000000128218;3093;107
000000000000179983;3193;33
000000000000009009;3074;222
000000000000597758;3187;50
000000000647039002;3187;21
000000000000609808;3212;41
000000000000160867;3098;25
000000000000008509;3091;76
000000000000006107;3187;1570
000000000000351787;3223;115
000000000000186376;3091;13
000000000000640961;3206;67
000000000000647716;3206;148
000000000628439002;3094;81
000000000000010012;3098;230
000000000619006002;3172;21
000000000000641384;3180;125
000000000400218003;3225;122
000000000000120294;3094;126
000000000000154634;3088;87
000000000000141205;3193;102
000000000000018122;3193;66
000000000000008527;3091;21
000000000000501362;3211;175
000000000000597755;3187;54
000000000000179368;3074;21
000000000000134123;3088;27
000000000000184561;3088;228
000000000000598873;3085;376
000000000000625402;3098;103
000000000000607897;3092;26
000000000000585347;3093;175
000000000000721107;3180;262
000000000000640173;3098;30
000000000000231595;3172;14
000000000000321094;3085;1505
000000000649484001;3206;206
000000000000666102;3223;472
000000000000632241;3225;29
000000000000006531;3074;4768
000000000000324013;3193;46
000000000000614340;3187;106
000000000000004973;3092;69
000000000000054626;3085;12
000000000000013475;3223;50
000000000000172738;3193;39
000000000000710446;3091;89
000000000000354906;3223;16
000000000000667762;3086;49
000000000000052524;3211;74
000000000637411001;3187;163
000000000000213259;3088;74
000000000000191007;3187;66
000000000000024668;3223;4698
000000000000165526;3091;163
000000000000612035;3092;58
000000000000614340;3088;227
000000000000140120;3223;168
000000000401861004;3086;104
000000000000024155;3074;129
000000000000667968;3089;202
000000000000339586;3094;59
000000000000631161;3098;31
000000000000170198;3098;109
000000000000191112;3180;32
000000000000192563;3092;115
000000000000518013;3193;101
000000000000005756;3193;2369
000000000000215380;3180;1080
000000000000017739;3211;179
000000000000663046;3086;68
000000000000654237;3212;13
000000000000007515;3180;47
000000000000646070;3088;1947
000000000000900821;3206;901
000000000000139492;3212;215
000000000000864254;3092;42
000000000650059001;3092;963
000000000400182008;3223;318
000000000000018286;3098;157
000000000401867004;3098;94
000000000645975001;3223;321
000000000000010586;3187;64
000000000000646822;3086;393
000000000000146224;3180;40
000000000000780927;3225;73
000000000402613002;3193;1654
000000000000566339;3180;128
000000000000052531;3098;121
000000000000777211;3092;175
000000000000642726;3098;10
000000000000052538;3193;110
000000000000010579;3172;101
000000000000632241;3223;34
000000000000878691;3211;128
000000000000018286;3180;115
000000000000181373;3223;28
000000000000646214;3187;60
000000000000052634;3223;105
000000000000604494;3089;17
000000000000006143;3088;599
000000000000668125;3193;85
000000000000141271;3193;184
000000000000640021;3193;319
000000000000652002;3212;32
000000000000009130;3180;883
000000000000005966;3225;29
000000000000147606;3093;43
000000000000639525;3091;27
000000000400069001;3193;898
000000000000005966;3088;10
000000000000134123;3187;9
000000000664214001;3212;28
000000000000163295;3094;57
000000000000287807;3172;21
000000000000937354;3180;19
000000000000133223;3085;84
000000000400055005;3212;699
000000000000665264;3074;144
000000000000623256;3094;62
000000000000571232;3091;237
000000000000614358;3206;24
000000000401867012;3193;77
000000000000667424;3211;33
000000000000759335;3098;497
000000000000624993;3212;70
000000000000031910;3212;143
000000000650100001;3187;91
000000000402032001;3180;57
000000000000667907;3211;67
000000000000616203;3088;46
000000000000006451;3093;63
000000000000645478;3074;62
000000000000941357;3094;215
000000000000661975;3091;33
000000000000215264;3211;40
000000000000358032;3091;161
000000000000665609;3187;30
000000000000631254;3074;54
000000000400308001;3093;3286
000000000000062389;3091;37
000000000000572390;3180;21
000000000000124981;3085;223
000000000000010586;3193;153
000000000000217412;3085;39
000000000636515001;3093;80
000000000000749097;3085;378
000000000000652984;3172;56
000000000000010577;3091;26
000000000000561524;3223;10
000000000000815275;3093;35
000000000000007484;3074;117
000000000000005054;3091;150
000000000000961236;3091;35
000000000000661118;3187;76
000000000000617380;3180;29
000000000000579800;3172;480
000000000665771002;3098;78
000000000000010647;3074;223
000000000000147553;3093;325
000000000000128237;3093;177
000000000000601607;3225;41
000000000000981938;3211;117
000000000000960218;3206;55
000000000000010659;3088;176
000000000000005054;3206;76
000000000000612035;3212;170
000000000000604342;3206;129
000000000000203383;3212;34
000000000400067006;3086;199
000000000622009002;3074;81
000000000000632940;3088;41
000000000000213721;3098;75
000000000000606428;3187;14
000000000000652003;3094;34
000000000000179983;3223;23
000000000000053957;3212;78
000000000000188150;3223;73
000000000000189558;3089;49
000000000000284090;3193;53
000000000000140119;3180;28
000000000000665855;3091;22
000000000000199738;3098;136
000000000000618836;3091;111
000000000000634994;3089;71
000000000400071003;3098;73
000000000000575642;3212;62
000000000000059809;3098;142
000000000000342883;3092;95
000000000000170845;3092;218
000000000000649222;3093;90
000000000000024631;3211;104
000000000000648451;3172;19
000000000000607911;3088;84
000000000000295106;3094;36
000000000000180004;3086;48
000000000000349368;3094;5413
000000000000291227;3223;20
000000000000358335;3074;1210
000000000000614356;3223;29
000000000000652489;3225;35
000000000000006557;3092;77
000000000000154634;3223;67
000000000000182689;3193;51
000000000000661119;3223;575
000000000665420002;3074;165
000000000000579994;3092;85
000000000000510814;3193;132
000000000000052538;3172;72
000000000000759661;3223;129
000000000000005760;3086;223
000000000622009001;3206;51
000000000000008591;3187;555
000000000000298060;3088;80
000000000000175894;3091;22
000000000000018112;3180;40
000000000400329005;3086;469
000000000000649222;3098;145
000000000639107001;3091;58
000000000000650655;3206;42
000000000000275754;3180;69
000000000000005965;3098;38
000000000000164853;3085;69
000000000000516749;3093;160
000000000000181828;3088;57
000000000000133342;3089;55
000000000000011506;3093;189
000000000000662371;3085;38
000000000000052652;3088;481
000000000000163401;3187;42
000000000000006531;3092;3820
000000000000005963;3187;793
000000000400218002;3223;138
000000000000013908;3223;26
000000000000667424;3212;13
000000000000141821;3211;10
000000000000621034;3193;543
000000000663007002;3088;62
000000000000641279;3089;14
000000000000198342;3223;47
000000000000009009;3089;143
000000000000218597;3172;21
000000000000505193;3211;55
000000000000641385;3093;90
000000000640546002;3094;14
000000000000006143;3212;730
000000000000503540;3187;629
000000000647039003;3094;32
000000000000585802;3088;71
000000000000759659;3193;307
000000000650386001;3098;13
000000000000158523;3091;20
000000000000749097;3180;835
000000000000616985;3172;508
000000000000506264;3089;24
000000000000626166;3094;39
000000000000516543;3088;43
000000000000638546;3094;39
000000000000894768;3180;22
000000000000650626;3225;38
000000000000010681;3091;124
000000000000581680;3092;414
000000000000148242;3091;25
000000000000174785;3092;39
000000000000641548;3094;336
000000000000031910;3193;164
000000000665922002;3089;45
000000000000612882;3091;55
000000000000619699;3225;12
000000000000166832;3089;51
000000000000141993;3225;48
000000000000650196;3092;121
000000000000639855;3094;429
000000000000253327;3093;44
000000000000647737;3092;435
000000000000179743;3211;59
000000000000901934;3223;132
000000000000558396;3088;88
000000000000623256;3187;62
000000000000186377;3074;30
000000000000006674;3212;22
000000000000614340;3094;377
000000000000667803;3180;93
000000000000008509;3180;85
000000000000018123;3206;295
000000000000140102;3074;23
000000000000530964;3212;8
000000000000558053;3206;37
000000000000179981;3211;213
000000000000211158;3092;62
000000000000638654;3089;74
000000000000636577;3211;171
000000000000007504;3211;422
000000000401861010;3092;284
000000000400183001;3098;53
000000000000013475;3187;25
000000000000665609;3193;10
000000000000520476;3074;87
000000000000141302;3093;44
000000000000057969;3088;944
000000000000298060;3092;113
000000000000665848;3092;78
000000000650386001;3085;10
000000000000588612;3193;47
000000000000668127;3086;120
000000000000759659;3088;135
000000000000053892;3193;255
000000000000156146;3094;226
000000000000640476;3098;64
000000000000641385;3091;68
000000000000643026;3223;56
000000000645975005;3094;529
000000000000628091;3092;297
000000000000177525;3211;78
000000000400055005;3092;354
000000000000653377;3212;516
000000000000141870;3206;59
000000000000633967;3088;251
000000000000780173;3212;249
000000000000139492;3172;140
000000000668910001;3206;271
000000000647039002;3092;14
000000000000009674;3074;46
000000000000860193;3211;88
000000000000182568;3098;92
000000000000652985;3089;44
000000000000152767;3086;70
000000000000628239;3074;13
000000000000128227;3092;272
000000000000158523;3180;14
000000000000131318;3093;36
000000000000167455;3180;1386
000000000000781198;3094;35
000000000000561188;3193;27
000000000664214001;3094;25
000000000000203383;3187;7574
000000000000006129;3092;502
000000000000010521;3223;1149
000000000400218003;3074;157
000000000000637755;3180;19
000000000402160005;3187;19
000000000000630954;3074;98
000000000000179743;3212;63
000000000000623256;3088;61
000000000000118603;3089;29
000000000000180026;3085;31
000000000000666019;3172;139
000000000000899947;3211;441
000000000000647125;3180;47
000000000000198342;3092;171
000000000400067004;3180;353
000000000000192843;3088;33
000000000000291237;3172;103
000000000622768006;3225;86
000000000000031628;3211;76
000000000000174442;3094;49
000000000000178386;3223;43
000000000000018222;3212;159
000000000000179368;3211;20
000000000000665184;3225;52
000000000000191021;3094;86
000000000622009002;3092;166
000000000000197613;3098;54
000000000000863277;3086;46
000000000648870002;3093;74
000000000000779613;3091;25
000000000000254525;3187;65
000000000000248328;3094;8608
000000000000652489;3223;32
000000000000176169;3086;192
000000000000125621;3180;298
000000000000863278;3172;23
000000000000653377;3187;183
000000000000566421;3225;16
000000000000635684;3206;32
000000000000230843;3089;91
000000000000031910;3211;300
000000000000665704;3225;68
000000000000278354;3172;89
000000000000640021;3225;32
000000000000632934;3225;13
000000000000189558;3225;44
000000000000639040;3094;176
000000000000665275;3172;131
000000000000510814;3088;154
000000000000546916;3211;53
000000000000006531;3211;3602
000000000000017739;3074;112
000000000000629762;3193;2891
000000000000668188;3091;33
000000000000666019;3086;83
000000000401867002;3223;29
000000000000561155;3086;361
000000000402197001;3193;99
000000000000324538;3211;40
000000000000781196;3091;52
000000000000215841;3092;1119
000000000000668917;3172;148
000000000000147553;3180;294
000000000000006674;3074;35
000000000000621936;3225;84
000000000000291237;3094;26
000000000000174785;3187;17
000000000000145903;3093;56
000000000000615078;3093;35
000000000000024572;3091;1965
000000000000275754;3093;56
000000000000141993;3172;110
000000000000665263;3098;131
000000000000052614;3085;80
000000000000141189;3086;49
000000000000516747;3172;1104
000000000000009671;3088;66
000000000000668127;3172;209
000000000000013908;3088;31
000000000000303385;3212;18
000000000000007605;3225;45
000000000000172738;3094;62
000000000000278354;3088;25
000000000000759658;3211;98
000000000000606428;3088;42
000000000000006455;3093;129
000000000000358335;3086;1166
000000000000611123;3212;8
000000000000019952;3187;102
000000000000863278;3074;99
000000000000015864;3225;116
000000000000158522;3193;23
000000000000010647;3211;110
000000000000625402;3206;73
000000000000650823;3094;152
000000000000612808;3094;490
000000000000635726;3193;43
000000000000907292;3172;133
000000000000649868;3091;25
000000000000195024;3089;28
000000000000024727;3187;1319
000000000000006106;3074;47
000000000000641385;3180;107
000000000000031357;3074;27
000000000000650197;3172;25
000000000000355621;3085;72
000000000634913002;3223;114
000000000000662047;3086;12
000000000000189986;3098;64
000000000000581680;3086;307
000000000000006674;3211;14
000000000000032136;3206;178
000000000000645478;3094;80
000000000000344300;3187;517
000000000000640959;3206;1326
000000000000668141;3098;132
000000000000629762;3225;699
000000000000195308;3088;39
000000000000668903;3180;116
000000000000203455;3098;1417
000000000000759659;3172;230
000000000000200713;3212;39
000000000000133224;3180;547
000000000000035284;3091;72
000000000000358336;3092;1933
000000000628439002;3088;68
000000000000253711;3088;10
000000000000203383;3086;12
000000000000010586;3089;213
000000000000024631;3212;670
000000000000639855;3074;1414
000000000000539998;3098;87
000000000000163044;3172;54
000000000000621034;3187;303
000000000000777211;3212;112
000000000000538415;3086;116
000000000000163295;3172;50
000000000000607914;3074;176
000000000000636577;3225;52
000000000000639787;3180;36
000000000000650197;3212;143
000000000000543828;3206;23
000000000000569209;3074;61
000000000000665187;3212;68
000000000000031356;3088;40
000000000000018222;3094;418
000000000000170201;3211;55
000000000000617911;3089;84
000000000000132115;3212;55
000000000000187418;3092;48
000000000000506264;3074;51
000000000000781195;3187;189
000000000000203455;3180;139
000000000000354918;3098;107
000000000000005542;3089;93
000000000000721107;3206;228
000000000000649042;3088;182
000000000000518338;3187;163
000000000000219335;3193;67
000000000000213571;3092;170
000000000000882757;3086;27
000000000000321550;3074;159
000000000000614357;3092;62
000000000000919940;3223;103
000000000645975005;3088;725
000000000000667694;3172;12
000000000000607896;3187;21
000000000000789276;3212;28
000000000000216012;3223;56
000000000000661119;3172;1458
000000000000009009;3187;236
000000000000169057;3225;60
000000000000133060;3225;36
000000000400071001;3086;87
000000000000692549;3085;21
000000000000169937;3098;57
000000000000156185;3094;28
000000000000661854;3187;468
000000000000019952;3172;84
000000000000864253;3180;70
000000000000008558;3193;43
000000000000156185;3225;34
000000000000665855;3098;20
000000000000539908;3211;181
000000000000632285;3094;37
000000000000007518;3225;27292
000000000400070001;3094;654
000000000000654237;3094;14
000000000000506262;3206;184
000000000000178379;3093;110
000000000640546002;3187;28
000000000000010511;3091;39
000000000000941355;3085;248
000000000000178087;3212;210
000000000000519771;3086;10
000000000000581680;3172;1178
000000000000153589;3089;32
000000000000613304;3223;27
000000000647039002;3172;30
000000000000568764;3193;62
000000000654770001;3088;42
000000000000168914;3223;101
000000000000140119;3085;18
000000000000358335;3172;1070
000000000000639039;3206;287
000000000000575642;3193;221
000000000000815281;3212;88
000000000622009001;3180;89
000000000000631669;3098;38
000000000000635684;3091;29
000000000000119002;3089;876
000000000000648979;3180;194
000000000400329002;3092;633
000000000000141870;3098;76
000000000000215154;3206;68
000000000000007387;3093;455
000000000000718537;3093;2581
000000000000214187;3085;65
000000000000005779;3193;31
000000000000601607;3172;39
000000000668610001;3089;116
000000000000342883;3223;29
000000000000668651;3085;13
000000000000180009;3093;82
000000000000197610;3187;60
000000000000781195;3212;331
000000000000597755;3193;29
000000000000158522;3172;38
000000000647039003;3211;39
000000000000623020;3074;14
000000000400067001;3180;1287
000000000400071001;3094;45
000000000000598872;3180;309
000000000000024733;3091;3273
000000000000024668;3187;675
000000000000192563;3074;224
000000000000005966;3089;7
000000000000640484;3193;20
000000000000188150;3212;61
000000000000650823;3086;211
000000000000767398;3225;393
000000000000211077;3206;24
000000000000053864;3089;30
000000000000604496;3094;15
000000000000562679;3091;79
000000000000631799;3193;16
000000000000688936;3212;25
000000000000174785;3225;39
000000000000652002;3187;65
000000000000052663;3098;63
000000000000612233;3091;158
000000000000292183;3085;18
000000000628439002;3212;134
000000000665922002;3086;62
000000000000321550;3223;91
000000000000623326;3225;29
000000000000167456;3180;130
000000000400218001;3093;135
000000000000581680;3193;169
000000000000643026;3212;138
000000000000601607;3088;26
000000000000665848;3089;67
000000000000649314;3193;444
000000000000607896;3086;23
000000000000008644;3172;39
000000000000195024;3172;46
000000000000646203;3211;113
000000000000643027;3091;155
000000000000163735;3187;44
000000000000007087;3074;177
000000000000605405;3098;57
000000000000189557;3091;106
000000000000165488;3225;584
000000000000009009;3193;272
000000000000140120;3094;140
000000000000154634;3212;170
000000000000544169;3093;112
000000000000010579;3094;104
000000000668610001;3172;77
000000000000007484;3225;75
000000000000006438;3092;44
000000000000007101;3193;66
000000000400433002;3093;1196
000000000000667907;3089;98
000000000668190001;3223;178
000000000000651225;3085;85
000000000000876417;3212;291
000000000000018122;3225;19
000000000637411001;3225;79
000000000000006517;3091;51
000000000635476002;3225;39
000000000000607906;3223;156
000000000000180019;3088;59
000000000000010008;3085;1218
000000000402163019;3193;65
000000000000616933;3193;6
000000000000163044;3088;35
000000000000503540;3088;624
000000000000140102;3212;34
000000000000191004;3098;143
000000000000639788;3074;38
000000000000278354;3187;21
000000000401867004;3180;45
000000000000640960;3225;176
000000000400055005;3193;437
000000000000017664;3093;43
000000000000006519;3093;119
000000000000639787;3098;33
000000000000152770;3085;36
000000000000635083;3093;23
000000000000964689;3074;233
000000000000053901;3085;144
000000000654827003;3193;25
000000000000010571;3225;221
000000000000178386;3172;97
000000000000005960;3180;386
000000000000667694;3225;21
000000000000629430;3206;38
000000000000139922;3206;78
000000000000213259;3223;318
000000000000631121;3092;108
000000000000215153;3088;79
000000000000553519;3180;209
000000000000008591;3094;34
000000000000543700;3074;15
000000000401914004;3085;160
000000000000619701;3074;22
000000000000661442;3211;97
000000000000665477;3074;75
000000000000562679;3093;22
000000000000010647;3094;181
000000000000005961;3091;15
000000000000816588;3211;376
000000000000005961;3206;29
000000000000163044;3193;32
000000000000024155;3193;198
000000000000665477;3225;104
000000000000572390;3093;18
000000000000053892;3089;514
000000000000173895;3225;73
000000000000758871;3094;1054
000000000000195308;3094;41
000000000000561301;3225;16
000000000000960218;3091;91
000000000000182690;3091;46
000000000000639788;3225;36
000000000000653876;3074;25
000000000000030964;3086;115
000000000663007002;3211;128
000000000000351786;3098;182
000000000645975001;3088;348
000000000000005256;3172;308
000000000000665845;3098;41
000000000648870004;3093;127
000000000000642723;3211;6
000000000000616820;3187;574
000000000000652985;3074;49
000000000402251001;3091;55
000000000000617381;3086;40
000000000000780172;3180;269
000000000000665848;3223;56
000000000000647737;3094;226
000000000000017659;3098;92
000000000000192563;3225;110
000000000000661118;3223;90
000000000000652708;3074;22
000000000000318983;3088;258
000000000000181373;3074;13
000000000000005761;3089;72
000000000000629401;3085;74
000000000000667600;3091;63
000000000000214186;3172;198
000000000000182568;3093;148
000000000000197613;3093;36
000000000000005054;3093;312
000000000641229001;3074;385
000000000000213571;3211;266
000000000000177512;3085;38
000000000000606428;3092;23
000000000000284662;3088;169
000000000000198339;3098;874
000000000000010524;3092;120
000000000000010571;3172;341
000000000000878691;3086;104
000000000000640143;3093;70
000000000000666019;3193;45
000000000000139940;3212;36
000000000000666031;3091;41
000000000000213570;3225;18
000000000000646834;3093;31
000000000000023776;3088;14
000000000000652972;3223;67
000000000000666019;3212;28
000000000000615396;3094;51
000000000000053891;3098;371
000000000000210189;3206;34
000000000000284662;3193;294
000000000000017739;3089;158
000000000000655096;3091;21
000000000000174442;3193;103
000000000000300245;3172;14
000000000654770001;3074;113
000000000000766964;3088;27
000000000000172482;3074;82
000000000000983071;3088;39
000000000000213180;3091;45
000000000000217922;3172;423
000000000000780927;3212;207
000000000000165524;3089;43
000000000000231594;3223;13
000000000000052614;3180;203
000000000000004900;3180;56
000000000000170845;3212;287
000000000000643026;3088;109
000000000000652700;3092;107
000000000000630953;3172;114
000000000000611858;3172;68
000000000000284662;3089;132
000000000000176636;3074;94
000000000000863275;3089;72
000000000000031628;3187;111
000000000000560445;3206;239
000000000000957753;3093;54
000000000000164124;3225;122
000000000000178089;3211;51
000000000000015532;3223;23
000000000000611421;3088;333
000000000000863278;3193;42
000000000000005760;3212;80
000000000000661945;3180;295
000000000000172469;3092;142
000000000000180009;3180;26
000000000000652972;3212;101
000000000000619701;3094;32
000000000000611419;3074;215
000000000000661118;3212;372
000000000000062471;3091;129
000000000000651990;3180;46
000000000654827004;3092;10
000000000665922002;3212;71
000000000400071001;3193;67
000000000000629762;3223;761
000000000000253711;3212;19
000000000000052658;3085;634
000000000000533072;3187;21
000000000000612806;3193;1191
000000000000828564;3074;85
000000000000661854;3074;303
000000000000210064;3225;9029
000000000402163002;3091;93
000000000401864001;3093;22
000000000000141821;3074;375
000000000635476002;3092;50
000000000000530964;3193;22
000000000000663242;3206;39
000000000000060385;3193;78
000000000000566202;3223;17
000000000000191112;3085;47
000000000000182574;3211;23
000000000000665786;3172;252
000000000000132112;3088;153
000000000000652880;3206;61
000000000000169663;3193;133
000000000400070001;3223;570
000000000000118791;3223;78
000000000000213259;3211;42
000000000000518338;3086;116
000000000000638546;3211;32
000000000000118603;3211;63
000000000000176636;3172;19
000000000636515002;3098;96
000000000000650197;3092;288
000000000000180018;3206;53
000000000000617412;3093;105
000000000000609808;3211;16
000000000000141993;3223;59
000000000650100002;3098;189
000000000654770002;3212;103
000000000000006457;3225;750
000000000000776038;3225;264
000000000402053001;3211;36
000000000000666914;3086;207
000000000634844002;3172;110
000000000000663243;3211;86
000000000401864001;3180;29
000000000000214578;3092;42
000000000000007484;3092;94
000000000000006129;3089;198
000000000000616203;3074;29
000000000635476002;3223;31
000000000000571228;3098;482
000000000000760902;3211;145
000000000000355630;3193;1683
000000000000349179;3187;135
000000000000217922;3094;99
000000000000344300;3223;216
000000000000324538;3172;93
000000000000010659;3086;184
000000000000017739;3094;225
000000000000576609;3172;16
000000000000561523;3089;18
000000000000598865;3091;399
000000000000139922;3180;77
000000000000141205;3172;508
000000000000634994;3187;59
000000000000208698;3091;31
000000000000539292;3086;136
000000000000350937;3098;36
000000000654770001;3193;53
000000000000739961;3206;23
000000000000191250;3193;99
000000000000006444;3180;245
000000000000253327;3098;54
000000000401862004;3098;16
000000000000638518;3206;17
000000000000575693;3187;8
000000000000981938;3094;129
000000000000007087;3212;244
000000000000182607;3092;328
000000000401724001;3211;20
000000000000007413;3085;96
000000000000358336;3223;2228
000000000400329003;3094;722
000000000000516748;3091;5730
000000000000056648;3223;31
000000000000652001;3211;54
000000000000014362;3211;48
000000000000547306;3180;35
000000000000188148;3206;795
000000000000005757;3206;20
000000000000291510;3093;29
000000000000251252;3212;69
000000000000009674;3193;77
000000000000053957;3223;112
000000000000217922;3193;265
000000000000006456;3193;90
000000000000651225;3098;72
000000000000652972;3172;110
000000000000601607;3089;56
000000000000611859;3223;39
000000000000627770;3093;95
000000000000177512;3098;2279
000000000000177525;3212;137
000000000000623020;3172;18
000000000000665704;3212;24
000000000000666015;3085;36
000000000000781198;3088;67
000000000000060385;3211;250
000000000000253711;3089;17
000000000000172456;3091;38
000000000000662178;3225;50
000000000000145238;3180;79
000000000000630953;3193;159
000000000000650196;3187;55
000000000000627770;3091;56
000000000000864254;3089;56
000000000000957753;3085;59
000000000000780173;3223;250
000000000000780172;3206;233
000000000000760902;3092;88
000000000000216012;3225;26
000000000000503540;3092;590
000000000000516543;3211;168
000000000000569209;3223;32
000000000000013908;3212;15
000000000401926001;3086;13
000000000000133435;3180;773
000000000000629430;3093;34
000000000000766964;3086;29
000000000000647083;3223;39
000000000000533071;3093;50
000000000000961236;3206;40
000000000000191007;3223;172
000000000000156146;3187;157
000000000000660822;3211;6
000000000000120294;3212;441
000000000400308002;3094;1337
000000000000621034;3094;573
000000000000651990;3098;12
000000000000355620;3093;1067
000000000400183006;3093;84
000000000000189558;3074;89
000000000000635726;3223;15
000000000000652974;3172;128
000000000000665365;3088;100
000000000000638619;3172;26
000000000000017929;3093;307
000000000000174442;3223;59
000000000000642726;3180;6
000000000000566344;3091;55
000000000000024155;3089;82
000000000641229001;3211;348
000000000000607914;3193;348
000000000400185002;3180;151
000000000000616933;3092;8
000000000000630954;3223;49
000000000000505746;3193;64
000000000000900819;3074;343
000000000000501362;3193;587
000000000000665901;3098;25
000000000000588612;3223;44
000000000000648980;3180;129
000000000645975005;3193;734
000000000000616933;3187;16
000000000000640961;3091;135
000000000000152767;3223;54
000000000400329002;3086;407
000000000000628528;3092;40
000000000000004912;3091;331
000000000000156185;3092;62
000000000000179981;3193;387
000000000000172469;3223;151
000000000650100001;3086;104
000000000400308002;3089;1552
000000000000024733;3180;5226
000000000000651999;3074;32
000000000000964689;3212;207
000000000000010571;3086;871
000000000000506149;3225;32
000000000000639501;3206;134
000000000000009674;3223;31
000000000000141404;3093;47
000000000000518338;3089;174
000000000402629003;3085;795
000000000000141993;3086;95
000000000000754767;3180;74
000000000000655684;3085;59
000000000000611858;3187;51
000000000000141193;3098;89
000000000000172469;3225;107
000000000000179567;3206;124
000000000000005724;3206;84
000000000000646203;3193;207
000000000000597755;3212;42
000000000639107002;3089;105
000000000000191021;3211;64
000000000000174299;3088;86
000000000000626166;3092;45
000000000400433001;3206;170
000000000000164124;3089;142
000000000000516543;3225;144
000000000000010517;3206;166
000000000400067001;3085;930
000000000000612505;3098;62
000000000000781199;3098;45
000000000000567727;3089;32
000000000000195024;3088;35
000000000000630076;3211;41
000000000000007387;3180;3672
000000000000195024;3225;24
000000000000568764;3086;24
000000000400070001;3193;814
000000000000342883;3074;195
000000000000780927;3088;85
000000000000649639;3086;22
000000000665922002;3092;109
000000000000639525;3098;26
000000000000031913;3172;1185
000000000000231594;3089;7
000000000400069002;3093;533
000000000000295106;3223;31
000000000000630954;3088;115
000000000000141269;3086;196
000000000000607260;3091;24
000000000000649314;3086;45
000000000000292183;3098;32
000000000000010008;3093;361
000000000000622002;3180;93
000000000000955615;3225;17
000000000000006143;3225;60
000000000000176786;3091;26
000000000000133223;3093;71
000000000000665741;3098;687
000000000000121724;3172;60
000000000000579994;3212;71
000000000000780250;3098;52
000000000000024735;3180;3883
000000000000828564;3225;131
000000000000142838;3089;167
000000000000647163;3212;139
000000000634844002;3187;30
000000000000291653;3093;51
000000000000181263;3180;37
000000000000031356;3086;27
000000000000278354;3211;27
000000000000767398;3094;728
000000000650100001;3092;96
000000000401724010;3089;459
000000000000215380;3098;489
000000000000213571;3094;188
000000000000634834;3187;90
000000000000141404;3206;35
000000000000010478;3225;38
000000000000616932;3206;6
000000000000252158;3211;81
000000000665656001;3180;47
000000000000134123;3074;136
000000000000630624;3091;110
000000000000758871;3086;1063
000000000000052612;3091;605
000000000000254525;3092;170
000000000000118791;3086;16
000000000000558053;3180;19
000000000000006558;3085;34
000000000000052392;3223;52
000000000000539292;3088;114
000000000000062470;3225;193
000000000000961236;3085;48
000000000000544823;3180;16
000000000000032326;3180;390
000000000000625303;3212;20
000000000000052538;3223;57
000000000000191021;3187;71
000000000000030965;3093;88
000000000000661118;3172;146
000000000640546002;3092;14
000000000621962002;3091;30
000000000000647737;3212;204
000000000000008591;3172;33
000000000000651999;3092;93
000000000000643026;3086;163
000000000000005760;3223;96
000000000000355620;3098;314
000000000000640476;3206;154
000000000000130196;3211;137
000000000000632934;3092;19
000000000400329002;3211;356
000000000000611420;3088;159
000000000000121724;3089;48
000000000000759658;3193;507
000000000000621035;3089;40
000000000000653876;3086;19
000000000000165524;3225;55
000000000000688936;3092;54
000000000000760902;3094;106
000000000000652985;3223;33
000000000000203383;3094;49
000000000000187418;3172;27
000000000000539292;3094;92
000000000000130196;3212;167
000000000000358336;3211;1593
000000000000174442;3088;48
000000000000014362;3086;60
000000000624310001;3091;26
000000000622768004;3074;169
000000000402613001;3098;615
000000000000652985;3086;44
000000000000197610;3193;55
000000000000185007;3074;77
000000000000181373;3089;16
000000000000053893;3187;1840
000000000000739961;3091;84
000000000000024155;3223;143
000000000000600320;3187;37
000000000000645721;3206;72
000000000000575642;3086;225
000000000000024599;3098;181
000000000000005963;3193;1082
000000000000639695;3098;49
000000000000010579;3212;625
000000000000203300;3085;10
000000000000260876;3211;30
000000000000170847;3223;146
000000000000667119;3180;57
000000000000567727;3193;19
000000000000052674;3091;92
000000000000553519;3085;158
000000000000759336;3093;298
000000000000991226;3091;81
000000000000530964;3089;6
000000000000900818;3093;144
000000000000627253;3074;62
000000000000666015;3180;34
000000000000195308;3089;25
000000000000933456;3206;48
000000000000128218;3091;159
000000000000354918;3085;176
000000000402160009;3187;24
000000000000008509;3085;81
000000000000133435;3206;75
000000000000905315;3089;45
000000000000010591;3206;23
000000000000606624;3088;19
000000000000667762;3074;46
000000000000503538;3187;645
000000000000665848;3187;58
000000000000035129;3193;107
000000000000786457;3180;24
000000000000010216;3180;106
000000000000119002;3074;703
000000000000652700;3074;332
000000000000547306;3091;28
000000000000828564;3211;135
000000000000052674;3093;356
000000000000629771;3091;174
000000000000652700;3094;154
000000000000056986;3085;250
000000000000008527;3098;93
000000000000516748;3180;6986
000000000000623326;3223;21
000000000000506262;3098;162
000000000000665704;3092;79
000000000000571228;3091;779
000000000000612888;3089;47
000000000645975002;3085;520
000000000000649314;3225;197
000000000401724009;3223;513
000000000000251914;3098;86
000000000000030964;3187;138
000000000000667696;3088;43
000000000000503538;3092;2093
000000000000005054;3085;97
000000000000758872;3193;564
000000000400308003;3098;221
000000000402629001;3094;108
000000000000818130;3225;77
000000000000191112;3206;88
000000000000303385;3074;198
000000000000218074;3094;232
000000000402163019;3225;39
000000000000009452;3092;40
000000000000629264;3098;55
000000000401867012;3172;55
000000000000053864;3092;86
000000000000004933;3206;1264
000000000000933456;3180;113
000000000000860193;3074;130
000000000000575642;3211;113
000000000000216960;3206;57
000000000000023002;3212;413
000000000000640484;3172;33
000000000000776038;3211;202
000000000000005753;3091;59
000000000000627254;3086;79
000000000000191250;3089;47
000000000000648145;3089;174
000000000645975003;3180;350
000000000000759659;3211;104
000000000622768006;3089;75
000000000000976752;3089;182
000000000000565609;3206;21
000000000000046939;3088;331
000000000000218488;3172;37
000000000000665365;3187;86
000000000000140120;3074;105
000000000000662178;3193;152
000000000000284478;3098;44
000000000000006459;3092;56
000000000000900821;3098;1275
000000000000141820;3098;44
000000000000006446;3211;81
000000000000254525;3225;53
000000000616726002;3211;45
000000000000665265;3092;393
000000000402629001;3092;852
000000000000955555;3089;33
000000000000544701;3206;10
000000000000566684;3098;260
000000000000005963;3212;1648
000000000000621034;3089;48
000000000000632940;3094;69
000000000000665477;3211;47
000000000401914004;3098;360
000000000000133180;3193;1157
000000000000661118;3092;359
000000000000172469;3074;324
000000000000622474;3180;96
000000000000054189;3085;221
000000000000356040;3092;62
000000000000566684;3093;247
000000000000916912;3074;105
000000000000892231;3193;22
000000000400329005;3187;278
000000000400055004;3086;278
000000000000024668;3086;2976
000000000000158522;3223;25
000000000000667839;3089;47
000000000665420003;3093;96
000000000000639501;3091;268
000000000000358358;3093;8178
000000000650059001;3086;431
000000000000166832;3212;65
000000000000613365;3085;48
000000000000652003;3089;31
000000000000009671;3225;48
000000000000005760;3089;165
000000000000139492;3223;156
000000000000558051;3093;7
000000000000216012;3187;61
000000000000810437;3193;76
000000000000629771;3098;137
000000000000645721;3180;61
000000000000665063;3193;1217
000000000000616068;3089;186
000000000000876417;3074;334
000000000000615835;3093;122
000000000000354906;3193;58
000000000000553140;3225;145
000000000000661119;3074;1401
000000000000607911;3223;55
000000000000251914;3085;66
000000000000616933;3094;8
000000000401724010;3094;799
000000000000955556;3088;23
000000000000668917;3074;1013
000000000000635529;3093;8
000000000000781198;3223;24
000000000000217922;3092;411
000000000634844001;3091;96
000000000000141269;3094;319
000000000000174299;3223;45
000000000645975004;3172;297
000000000000005155;3172;169
000000000000661442;3094;120
000000000000566202;3187;15
000000000000650626;3094;50
000000000000024155;3211;54
000000000000195308;3211;47
000000000645975004;3086;260
000000000000612035;3223;52
000000000635476002;3086;59
000000000000291510;3180;61
000000000000146527;3223;40
000000000000179743;3089;24
000000000000631249;3085;193
000000000000018119;3089;764
000000000000640068;3074;86
000000000000566201;3193;18
000000000000173896;3212;44
000000000000179567;3180;112
000000000000231595;3193;11
000000000000900819;3223;6915
000000000000666031;3098;20
000000000648870002;3085;48
000000000000219335;3074;46
000000000000196224;3187;23
000000000000062470;3172;195
000000000000641548;3225;19
000000000000667263;3172;23
000000000000647737;3193;291
000000000000616733;3098;22
000000000000351783;3091;179
000000000000164129;3086;118
000000000000758872;3211;76
000000000000955553;3211;37
000000000000354906;3172;163
000000000000626636;3091;1339
000000000000616985;3074;583
000000000000005756;3225;1014
000000000000180018;3098;40
000000000000007504;3086;604
000000000000355618;3085;857
000000000000179368;3094;31
000000000000666921;3074;46
000000000000154634;3193;62
000000000000053845;3089;251
000000000000647468;3086;73
000000000000032136;3093;306
000000000000020321;3092;126
000000000000005760;3187;118
000000000000667815;3187;13
000000000000648519;3094;8
000000000000180031;3092;121
000000000000560445;3098;309
000000000000060385;3187;265
000000000000063027;3223;102
000000000000646202;3225;201
000000000668910002;3225;108
000000000000625676;3211;96
000000000000005256;3092;114
000000000000650626;3086;30
000000000000018119;3088;931
000000000000176786;3093;67
000000000000178086;3180;175
000000000637411002;3212;147
000000000000565453;3180;74
000000000000254525;3074;48
000000000000607897;3074;31
000000000000035129;3212;13
000000000000355961;3086;19
000000000000863277;3193;42
000000000000941355;3180;161
000000000402629001;3089;36
000000000000576609;3225;16
000000000000210257;3206;59
000000000000614340;3225;143
000000000000900819;3092;216
000000000000191104;3086;41
000000000000777211;3223;156
000000000000985918;3093;36
000000000000354906;3092;110
000000000000352718;3094;29
000000000000615004;3091;41
000000000000008914;3206;1355
000000000000607260;3206;9
000000000000667907;3225;384
000000000000611419;3172;241
000000000000035129;3225;116
000000000000652003;3187;45
000000000000211158;3211;72
000000000000629403;3085;26
000000000000187005;3094;195
000000000000053957;3092;120
000000000000665477;3094;64
000000000000176636;3089;27
000000000000358358;3180;6024
000000000000006531;3088;844
000000000000585802;3193;41
000000000000567727;3092;37
000000000628439002;3089;43
000000000000759336;3098;561
000000000000648065;3074;33
000000000000347001;3223;67
000000000000759335;3206;1481
000000000000034410;3187;161
000000000000645453;3225;32
000000000000667692;3180;83
000000000000182571;3225;18
000000000000005760;3074;148
000000000000544058;3180;57
000000000000575642;3172;134
000000000000941356;3088;133
000000000000666032;3074;11
000000000000567913;3098;20
000000000000638518;3093;43
000000000000666004;3085;17
000000000000573612;3092;16
000000000000351787;3211;82
000000000000907292;3094;249
000000000000604496;3187;108
000000000000119002;3193;362
000000000000062405;3098;54
000000000000009452;3225;31
000000000000056648;3094;34
000000000000661120;3091;84
000000000400329004;3223;418
000000000000130196;3187;377
000000000000053892;3094;566
000000000000510814;3089;107
000000000000665477;3187;78
000000000622009001;3085;66
000000000000635313;3094;348
000000000400261003;3225;56
000000000000351785;3098;108
000000000636515002;3093;100
000000000000120294;3223;219
000000000000569209;3092;62
000000000000006466;3206;111
000000000000253327;3180;79
000000000000024668;3094;5277
000000000000017734;3085;64
000000000000780927;3193;199
000000000000031222;3206;21
000000000000646202;3092;396
000000000000119002;3088;771
000000000000052652;3092;455
000000000000180013;3086;15
000000000000005757;3093;70
000000000000546916;3172;42
000000000000005960;3093;198
000000000000010664;3180;55
000000000000616112;3212;33
000000000000024562;3212;37
000000000000163045;3085;15
000000000650059002;3074;255
000000000650059002;3094;220
000000000000024552;3180;353
000000000000612267;3094;23
000000000000024668;3193;4391
000000000000344300;3193;253
000000000000342157;3092;37
000000000000913285;3193;103
000000000000569209;3212;12
000000000000630079;3092;66
000000000000648154;3211;183
000000000402163002;3093;23
000000000000358391;3180;1294
000000000000789276;3223;97
000000000000639788;3172;48
000000000000630952;3094;40
000000000000358392;3092;723
000000000000544171;3223;18
000000000000212914;3093;70
000000000000170201;3086;24
000000000000128227;3225;56
000000000000217111;3193;13
000000000000005873;3089;61
000000000000860193;3086;56
000000000000883202;3093;62
000000000000919940;3193;53
000000000000344299;3094;364
000000000000894768;3085;15
000000000000200713;3092;32
000000000000667968;3074;44
000000000000132115;3225;32
000000000000611419;3193;476
000000000000179981;3094;172
000000000000637737;3180;75
000000000000645928;3180;74
000000000665922001;3085;48
000000000400433002;3098;1149
000000000645975004;3089;426
000000000000543828;3180;16
000000000000046528;3206;1105
000000000000612504;3091;104
000000000000006143;3086;719
000000000000561524;3193;11
000000000000521924;3180;69
000000000000005861;3086;92
000000000668610001;3223;60
000000000000650198;3093;84
000000000000955555;3086;26
000000000000132115;3088;36
000000000000052676;3086;32
000000000000646202;3211;95
000000000000010662;3098;22
000000000000133180;3074;3818
000000000000661594;3212;67
000000000000197610;3086;59
000000000000789276;3086;51
000000000000141404;3098;18
000000000000192068;3206;10
000000000000017665;3193;55
000000000000210979;3089;22
000000000000649314;3094;322
000000000401724010;3088;972
000000000000157195;3098;19
000000000000007518;3094;24994
000000000000142838;3193;24
000000000000177525;3225;79
000000000000647737;3172;154
000000000623988001;3223;28
000000000000213259;3074;143
000000000401724010;3211;373
000000000000052387;3206;322
000000000000157195;3091;13
000000000000005861;3187;76
000000000400261002;3091;115
000000000000146527;3074;35
000000000000179368;3088;27
000000000000665365;3193;129
000000000000031910;3089;100
000000000000180049;3086;12
000000000000967746;3088;26
000000000000134121;3085;15
000000000000179981;3172;187
000000000402613001;3085;420
000000000000638621;3093;34
000000000000864253;3093;125
000000000000665402;3085;43
000000000000900825;3223;160
000000000000187005;3088;221
000000000000351786;3206;150
000000000000141205;3086;415
000000000000815275;3206;39
000000000619006002;3086;20
000000000000006531;3187;8515
000000000000651990;3085;12
000000000401724009;3074;1087
000000000000358359;3193;370
000000000000539908;3187;139
000000000000637931;3180;18
000000000000016957;3223;224
000000000000006537;3093;154
000000000000614113;3086;183
000000000000260876;3092;40
000000000000759659;3223;68
000000000000668125;3092;224
000000000000213396;3089;21
000000000637411002;3172;91
000000000000611123;3225;9
000000000000530962;3223;144
000000000000665848;3212;34
000000000000217411;3085;32
000000000000631161;3093;36
000000000000826649;3172;53
000000000000543700;3187;54
000000000000215153;3094;54
000000000000170847;3092;218
000000000000645721;3091;18
000000000000635301;3187;23
000000000000842477;3085;86
000000000000005758;3211;22
000000000000566342;3212;99
000000000000321094;3206;1888
000000000000611421;3089;500
000000000647039004;3223;37
000000000000668189;3088;40
000000000000024562;3225;103
000000000000639788;3187;38
000000000000295085;3180;249
000000000000561524;3211;15
000000000000616068;3086;156
000000000000295106;3086;43
000000000000008645;3180;75
000000000000189558;3086;84
000000000000666102;3074;832
000000000000639788;3086;43
000000000000765475;3092;72
000000000000646202;3094;203
000000000000024570;3225;16
000000000000665274;3172;13
000000000000356040;3193;64
000000000000650626;3092;37
000000000622768006;3211;140
000000000000351992;3225;11
000000000000007407;3093;158
000000000000631249;3091;142
000000000000174334;3206;60
000000000000985414;3093;117
000000000645975004;3223;285
000000000000177525;3092;77
000000000000655578;3086;15
000000000000180027;3091;13
000000000000173896;3225;40
000000000000661854;3086;391
000000000654827004;3172;16
000000000000960219;3089;80
000000000000607896;3223;22
000000000000215153;3212;63
000000000400067006;3094;188
000000000000010521;3074;552
000000000000321096;3085;87
000000000000010216;3085;28
000000000000156146;3088;167
000000000000505193;3088;71
000000000000321550;3092;100
000000000000138610;3085;44
000000000000203300;3091;16
000000000000006535;3180;354
000000000000141269;3092;165
000000000000667839;3187;1085
000000000000141993;3193;51
000000000000009009;3092;151
000000000000024735;3091;226
000000000000598865;3093;304
000000000000215841;3094;323
000000000000662178;3187;25
000000000000253711;3193;27
000000000000585802;3225;17
000000000000010659;3074;69
000000000000653876;3094;30
000000000000213571;3223;85
000000000000007484;3211;306
000000000000062470;3223;114
000000000000188148;3093;688
000000000000667672;3206;10
000000000000652708;3223;42
000000000000688937;3187;563
000000000400329009;3206;777
000000000000625809;3225;24
000000000000519771;3088;50
000000000000612504;3085;101
000000000000816588;3092;485
000000000000894768;3098;12
000000000000056648;3088;46
000000000000758872;3086;1227
000000000000009009;3172;233
000000000000780173;3172;382
000000000402163013;3223;24
000000000000231594;3211;12
000000000000215155;3212;48
000000000000650197;3089;96
000000000000810437;3074;44
000000000000138610;3093;97
000000000000131318;3206;71
000000000000171547;3098;60
000000000000324013;3223;52
000000000000004900;3093;185
000000000000218917;3089;76
000000000000358391;3091;501
000000000000585243;3180;766
000000000000600320;3223;67
000000000000156561;3223;15
000000000000666259;3085;70
000000000000006107;3086;1178
000000000000133342;3086;32
000000000000661975;3093;113
000000000000180010;3223;13
000000000000177770;3093;168
000000000000575642;3089;57
000000000000607508;3091;20
000000000000620407;3098;945
000000000000598865;3180;434
000000000000976752;3092;251
000000000000008892;3172;218
000000000000282932;3212;48
000000000000354906;3212;57
000000000000147553;3206;312
000000000000666016;3088;17
000000000000780173;3074;327
000000000000186377;3094;24
000000000000009674;3092;71
000000000000351787;3074;103
000000000622768004;3211;72
000000000654827004;3225;32
000000000000614112;3212;138
000000000000018119;3225;289
000000000000132112;3086;702
000000000000561524;3172;16
000000000000600320;3225;85
000000000000640959;3091;1361
000000000000218074;3172;339
000000000000623107;3180;30
000000000664214001;3089;25
000000000000062470;3187;73
000000000639107001;3093;32
000000000000010591;3180;63
000000000000175894;3085;24
000000000000667695;3098;44
000000000000575145;3074;33
000000000000666019;3092;30
000000000000347001;3212;198
000000000000349368;3193;4255
000000000000544491;3089;6
000000000645975001;3212;525
000000000000618365;3085;13
000000000000606698;3094;332
000000000000170847;3074;557
000000000000662371;3206;36
000000000000964689;3172;266
000000000000046939;3094;184
000000000000179981;3089;246
000000000000614340;3193;941
000000000000006129;3187;64
000000000000606698;3193;343
000000000000358392;3187;155
000000000665922001;3091;59
000000000000275754;3206;55
000000000000646822;3088;364
000000000000008644;3094;28
000000000000627253;3212;46
000000000000064466;3094;21
000000000000749098;3206;62
000000000000566342;3211;215
000000000401914004;3091;162
000000000000661945;3206;56
000000000000668125;3211;129
000000000000138610;3098;58
000000000000660822;3172;15
000000000000640143;3085;48
000000000000052720;3093;23
000000000000010521;3092;5761
000000000000164129;3211;61
000000000000010579;3193;76
000000000000052107;3206;294
000000000000786457;3098;23
000000000000977143;3211;26
000000000000172469;3211;118
000000000000013241;3180;57
000000000000919940;3225;95
000000000000186377;3193;34
000000000000287807;3092;75
000000000000133229;3091;154
000000000000005779;3074;111
000000000000607896;3193;21
000000000000158375;3098;147
000000000000572837;3092;13
000000000000588612;3074;29
000000000000015769;3085;24
000000000000506262;3085;141
000000000637411002;3094;64
000000000000177512;3091;945
000000000634844001;3098;17
000000000000210064;3187;12806
000000000000518013;3092;77
000000000000004933;3091;1512
000000000000211158;3193;46
000000000000133342;3172;95
000000000668610001;3088;95
000000000000576448;3098;28
000000000000623594;3193;140
000000000000006106;3211;76
000000000000900825;3088;2283
000000000000652708;3211;73
000000000000172482;3187;638
000000000000008509;3206;127
000000000000533071;3085;38
000000000000544171;3086;17
000000000000010586;3088;399
000000000000230843;3086;95
000000000401861010;3172;166
000000000000664937;3088;36
000000000000645453;3089;24
000000000000652003;3211;65
000000000000665184;3092;46
000000000000064466;3187;31
000000000000546916;3212;28
000000000000057969;3223;1575
000000000000190995;3225;127
000000000000617411;3085;34
000000000000356040;3211;55
000000000000119002;3092;1207
000000000000308550;3212;17
000000000000194269;3085;70
000000000000006486;3085;70
000000000402160001;3098;338
000000000000665799;3223;16
000000000000007605;3089;308
000000000000186377;3092;42
000000000000639546;3089;135
000000000000600320;3074;50
000000000000358392;3223;67
000000000000260876;3088;45
000000000000666015;3093;31
000000000000180004;3088;81
000000000000561188;3187;5
000000000000731601;3074;1396
000000000668610001;3094;116
000000000000184561;3187;125
000000000000665715;3180;29
000000000000654237;3193;35
000000000000356040;3223;46
000000000000638620;3206;28
000000000000964689;3088;358
000000000000210064;3089;9991
000000000000544823;3093;15
000000000000006668;3223;11
000000000000648145;3193;424
000000000000005474;3085;89
000000000000759661;3089;124
000000000000652003;3092;79
000000000000169057;3172;17
000000000000616820;3086;278
000000000000650196;3212;68
000000000000198342;3088;183
000000000400329005;3074;1171
000000000000621035;3225;300
000000000654827002;3225;20
000000000000607261;3223;36
000000000000871178;3211;45
000000000000146215;3223;26
000000000401861004;3187;14
000000000000615835;3091;92
000000000616726002;3223;29
000000000000024599;3093;199
000000000000004973;3223;32
000000000000163295;3212;38
000000000000615395;3085;70
000000000000900825;3193;976
000000000000628091;3089;80
000000000000005756;3212;2087
000000000000603916;3206;179
000000000000006438;3193;61
000000000000616203;3225;54
000000000000518338;3074;184
000000000000639788;3089;41
000000000400308001;3091;344
000000000000638654;3223;46
000000000000625314;3074;27
000000000000187005;3092;165
000000000000607261;3172;69
000000000000575693;3172;28
000000000000665704;3172;71
000000000000624855;3225;38
000000000000010524;3225;94
000000000000008527;3093;90
000000000000646203;3172;78
000000000000358031;3180;133
000000000000010632;3098;58
000000000000010511;3085;40
000000000000739681;3091;133
000000000000170201;3089;154
000000000401724010;3212;122
000000000000210336;3206;40
000000000000663243;3212;147
000000000000052652;3086;562
000000000000607906;3074;267
000000000000520463;3098;32
000000000000600320;3088;44
000000000000356297;3085;24
000000000000765475;3094;54
000000000000646822;3074;677
000000000645975004;3193;257
000000000636515001;3180;78
000000000000900825;3212;54
000000000000546916;3225;55
000000000000635930;3223;50
000000000000649042;3094;125
000000000000165488;3094;596
000000000000985415;3085;321
000000000000010586;3086;342
000000000000139940;3193;67
000000000000010632;3093;24
000000000000665848;3172;137
000000000400069001;3223;1374
000000000000641279;3086;37
000000000000845600;3091;35
000000000000567912;3206;37
000000000650059001;3094;168
000000000000006537;3180;104
000000000000321018;3172;1082
000000000000645928;3091;56
000000000000291237;3223;129
000000000000626636;3085;380
000000000000616203;3092;71
000000000000118791;3172;41
000000000000648979;3093;100
000000000000516747;3086;368
000000000000544491;3092;10
000000000000665365;3094;93
000000000000629762;3089;3944
000000000000712974;3085;1017
000000000000628091;3225;105
000000000000652984;3089;65
000000000000882757;3211;218
000000000000339668;3093;272
000000000000053893;3092;2019
000000000000254525;3212;20
000000000000863277;3212;56
000000000000810437;3211;86
000000000000638620;3180;31
000000000000018123;3091;945
000000000000023776;3089;40
000000000000571229;3225;132
000000000000182334;3094;24
000000000000198342;3172;274
000000000000649639;3089;17
000000000000864254;3172;35
000000000000010579;3225;34
000000000000007101;3094;103
000000000000173895;3193;47
000000000000633967;3193;252
000000000000191247;3212;8
000000000000907292;3193;200
000000000000007408;3172;1392
000000000000618365;3180;53
000000000000776038;3094;270
000000000000640873;3093;65
000000000000623020;3225;18
000000000000053892;3172;599
000000000000503538;3225;1045
000000000000295106;3092;47
000000000000668127;3212;208
000000000000614113;3193;66
000000000000646070;3225;66
000000000000650626;3089;33
000000000000133181;3094;1566
000000000000631045;3085;24
000000000000652984;3092;71
000000000000062389;3206;24
000000000000667385;3212;629
000000000000818130;3094;72
000000000000141270;3206;113
000000000000355618;3180;3768
000000000000167455;3098;539
000000000000571223;3223;383
000000000000629295;3091;78
000000000000217111;3086;29
000000000401926001;3193;22
000000000000635726;3187;23
000000000000688937;3089;38
000000000000614358;3180;14
000000000000663156;3187;116
000000000000665275;3092;300
000000000000146527;3193;67
000000000000719283;3223;49
000000000000667422;3091;197
000000000000355620;3091;564
000000000000899947;3092;1643
000000000000665786;3223;152
000000000000544058;3093;61
000000000000630078;3085;15
000000000000612035;3086;38
000000000000780173;3193;114
000000000000626166;3088;71
000000000000010571;3211;171
000000000000543393;3193;10
000000000000638276;3211;49
000000000000211061;3172;42
000000000000622989;3098;111
000000000000611419;3094;123
000000000000156185;3086;29
000000000000938543;3212;28
000000000000180009;3098;60
000000000000179368;3092;51
000000000000292185;3092;348
000000000000941356;3092;596
000000000000180018;3085;27
000000000000164129;3074;79
000000000645975005;3172;674
000000000000618780;3225;57
000000000000260876;3094;40
000000000000618836;3206;96
000000000000575145;3092;40
000000000000749098;3091;48
000000000000253711;3086;7
000000000000533071;3098;27
000000000000147552;3074;210
000000000000628527;3223;95
000000000000572837;3187;17
000000000000632285;3092;33
000000000000860193;3223;319
000000000000118791;3094;71
000000000402613002;3086;596
000000000666059001;3093;54
000000000000665212;3091;109
000000000000638916;3091;69
000000000000919940;3074;84
000000000000665791;3180;42
000000000000503539;3206;641
000000000000566201;3187;31
000000000000604494;3172;37
000000000000252158;3187;127
000000000000665273;3206;24
000000000000641025;3180;283
000000000000178018;3098;86
000000000000759658;3086;83
000000000000180027;3098;32
000000000000287807;3089;11
000000000000666101;3098;265
000000000402163006;3180;34
000000000000035196;3092;90
000000000000173895;3088;33
000000000000558396;3074;88
000000000000566421;3223;28
000000000000606625;3085;278
000000000000182568;3091;57
000000000000530964;3225;16
000000000000899946;3085;1466
000000000000647468;3225;60
000000000000191247;3225;24
000000000000147552;3092;310
000000000000816587;3086;266
000000000000663244;3098;83
000000000000217111;3089;13
000000000000179977;3089;100
000000000000169057;3094;73
000000000000133342;3211;32
000000000401927001;3206;12
000000000000014362;3088;25
000000000000754766;3225;29
000000000000059809;3180;404
000000000000632940;3092;135
000000000000213259;3212;50
000000000000005542;3074;266
000000000000031913;3074;152
000000000402629006;3093;3346
000000000000614356;3193;22
000000000400055004;3223;551
000000000000665263;3093;67
000000000000010217;3093;56
000000000400182008;3172;444
000000000000606624;3212;78
000000000000625303;3187;31
000000000000031416;3085;27
000000000000630078;3180;55
000000000000146215;3187;22
000000000000133180;3089;136
000000000000503538;3223;2566
000000000000163039;3093;62
000000000000215974;3193;149
000000000000623594;3074;698
000000000000606428;3223;9
000000000665922002;3088;33
000000000000199738;3093;209
000000000000133224;3091;622
000000000000648732;3211;26
000000000000218074;3225;248
000000000000059809;3091;102
000000000000180012;3098;34
000000000000351787;3225;52
000000000000018222;3074;527
000000000000215974;3212;75
000000000000133223;3091;44
000000000650059002;3193;668
000000000647039002;3223;31
000000000000611858;3074;74
000000000000005474;3091;66
000000000000180030;3088;53
000000000000546061;3091;26
000000000000626165;3089;86
000000000000052392;3193;190
000000000000955615;3223;24
000000000000539998;3093;88
000000000000169663;3074;51
000000000000141360;3093;1114
000000000000046528;3093;150
000000000000024155;3225;112
000000000000005256;3212;1272
000000000000665610;3206;14
000000000000206654;3180;27
000000000622768006;3212;260
000000000000521924;3098;108
000000000000539908;3074;370
000000000000864254;3187;36
000000000400218003;3088;556
000000000000606428;3211;13
000000000000214186;3187;294
000000000000661795;3091;50
000000000000133342;3092;103
000000000402163002;3085;85
000000000000652467;3092;56
000000000000650626;3211;53
000000000000611728;3098;65
000000000000210403;3187;115
000000000000178089;3223;36
000000000000213396;3223;7
000000000000146753;3172;289
000000000000544171;3092;35
000000000000668060;3074;200
000000000000355005;3093;42
000000000000640068;3193;64
000000000000018250;3180;121
000000000000562679;3180;19
000000000000544058;3098;50
000000000000570705;3091;72
000000000000188150;3225;45
000000000000877304;3180;160
000000000401867012;3187;51
000000000000031356;3074;47
000000000000358392;3211;244
000000000000955614;3093;55
000000000000661119;3211;433
000000000000181828;3074;145
000000000000568764;3211;16
000000000400308001;3098;6865
000000000000649639;3225;39
000000000000649042;3172;226
000000000000519771;3193;25
000000000639107002;3193;91
000000000000634834;3172;85
000000000000172469;3172;432
000000000000164008;3091;91
000000000000871178;3212;93
000000000000698846;3086;214
000000000000913286;3091;44
000000000619006002;3088;31
000000000647039004;3074;42
000000000000665848;3094;59
000000000000653377;3223;180
000000000000967746;3094;19
000000000000623594;3187;382
000000000000607896;3074;30
000000000000667263;3187;33
000000000000631669;3206;24
000000000000018250;3093;228
000000000000663845;3225;164
000000000000176788;3225;29
000000000000133180;3086;269
000000000000355618;3098;2665
000000000000169057;3088;90
000000000000010217;3098;48
000000000000652002;3088;64
000000000000053957;3088;83
000000000000667762;3089;16
000000000000639936;3187;10
000000000000642723;3223;6
000000000000585347;3091;68
000000000000052612;3085;171
000000000000007390;3085;3329
000000000000214186;3088;192
000000000000501362;3172;1734
000000000000661557;3074;85
000000000000864253;3091;139
000000000000611728;3093;55
000000000000018222;3088;554
000000000000284090;3225;13
000000000000572837;3094;18
000000000000568764;3212;27
000000000000010632;3085;40
000000000665771002;3093;32
000000000000607904;3180;391
000000000000013241;3206;92
000000000000197610;3088;47
000000000000008914;3085;659
000000000000282932;3193;46
000000000000781198;3193;103
000000000000616068;3092;91
000000000000575693;3223;12
000000000000215161;3206;237
000000000000158886;3092;83
000000000000985414;3206;58
000000000000141302;3091;92
000000000000826649;3212;44
000000000000006552;3193;340
000000000000645928;3093;83
000000000000905315;3086;20
000000000000632140;3225;9
000000000000010571;3193;197
000000000000216012;3193;129
000000000000052659;3089;258
000000000000630076;3223;10
000000000000010478;3092;57
000000000400329002;3187;328
000000000000663845;3094;230
000000000000648154;3086;32
000000000000627254;3223;39
000000000000351992;3172;18
000000000000155394;3180;1663
000000000000518013;3094;92
000000000000215264;3092;115
000000000000546061;3206;185
000000000000185007;3088;93
000000000000666032;3172;43
000000000000628091;3086;98
000000000000023776;3074;104
000000000000688937;3094;78
000000000000354906;3088;67
000000000000010217;3091;46
000000000000617412;3091;31
000000000000505193;3193;49
000000000000964689;3211;370
000000000000009671;3211;66
000000000000126791;3088;125
000000000000009452;3089;25
000000000000052657;3093;182
000000000000607906;3187;240
000000000000006444;3098;133
000000000401867012;3089;30
000000000000017929;3180;313
000000000000646822;3172;429
000000000000178379;3091;83
000000000000006446;3172;63
000000000000957755;3187;42
000000000000650196;3086;66
000000000000815275;3180;40
000000000000005753;3093;73
000000000000031911;3085;147
000000000000777211;3094;128
000000000645975004;3092;176
000000000000506149;3086;37
000000000000639936;3223;19
000000000000569209;3211;20
000000000000275754;3091;54
000000000000869698;3211;53
000000000000005758;3074;29
000000000000197610;3092;76
000000000000008892;3094;210
000000000000665715;3093;18
000000000000006128;3098;66
000000000622768004;3094;121
000000000000141820;3091;48
000000000000006531;3094;959
000000000000010681;3093;111
000000000000126791;3193;130
000000000000128227;3094;204
000000000000005256;3086;345
000000000000647716;3098;99
000000000000298060;3172;85
000000000000640021;3187;170
000000000000628239;3223;70
000000000000046939;3223;62
000000000000009671;3172;69
000000000654770001;3094;69
000000000400055005;3088;274
000000000000321550;3088;61
000000000000291237;3092;50
000000000000351784;3193;107
000000000000251252;3074;118
000000000000181828;3223;26
000000000000014296;3193;65
000000000000869698;3089;71
000000000000665063;3074;1269
000000000000568818;3172;51
000000000000578191;3172;229
000000000000005756;3172;3608
000000000000185148;3074;108
000000000000616492;3088;32
000000000000871178;3086;47
000000000400329002;3094;429
000000000000188148;3180;1319
000000000000024572;3180;7211
000000000000172738;3225;27
000000000000298060;3223;109
000000000000558055;3074;23
000000000400218004;3091;96
000000000000005760;3172;128
000000000000052294;3098;227
000000000000291227;3089;633
000000000402163005;3085;196
000000000000014362;3193;39
000000000000667695;3091;44
000000000402032001;3085;51
000000000000506071;3172;64
000000000400183001;3091;80
000000000000620407;3093;918
000000000000631254;3193;45
000000000000005724;3085;135
000000000000174334;3085;123
000000000000861944;3091;70
000000000000614112;3223;55
000000000000291227;3211;30
000000000000053893;3088;1294
000000000000629403;3098;39
000000000000011016;3172;140
000000000640546002;3089;23
000000000000749098;3098;398
000000000000158523;3093;12
000000000000640021;3088;390
000000000000018287;3206;191
000000000000260876;3225;28
000000000000609808;3193;64
000000000000868530;3091;45
000000000650100001;3193;85
000000000000648519;3172;8
000000000000638546;3089;152
000000000000053892;3187;2604
000000000000053901;3093;683
000000000000652481;3093;166
000000000401861004;3225;24
000000000000863278;3094;553
000000000000181372;3098;197
000000000000900816;3193;1110
000000000000128229;3092;329
000000000000210239;3180;246
000000000668190001;3187;100
000000000000182607;3225;24
000000000000619701;3089;15
000000000000880880;3093;349
000000000000218917;3086;120
000000000000665704;3193;216
000000000000766964;3193;54
000000000000015864;3211;104
000000000654770002;3086;116
000000000000506149;3074;52
000000000000062470;3193;363
000000000000215974;3172;39
000000000000665856;3085;22
000000000000667422;3093;185
000000000000011506;3180;282
000000000000118791;3088;30
000000000000977143;3223;19
000000000000344299;3187;6393
000000000000612667;3093;353
000000000000612808;3088;39
000000000400329002;3172;382
000000000000118791;3211;22
000000000000152047;3172;135
000000000000152047;3088;204
000000000000164153;3193;121
000000000000604494;3092;11
000000000000667907;3088;118
000000000000004898;3206;46
000000000000666016;3089;13
000000000000141821;3172;320
000000000000758872;3074;755
000000000000006106;3088;109
000000000000632050;3091;24
000000000000641279;3187;28
000000000000339586;3187;20
000000000000776038;3223;234
000000000000010005;3223;226
000000000000140102;3088;22
000000000000005760;3211;69
000000000000215153;3187;24
000000000000665063;3094;3995
000000000000661119;3225;469
000000000000612883;3206;48
000000000000561208;3172;104
000000000402032001;3093;41
000000000000667385;3088;80
000000000000520482;3098;122
000000000000005753;3098;85
000000000000665365;3172;118
000000000624299003;3193;104
000000000647039004;3088;49
000000000000604495;3091;61
000000000000597758;3094;23
000000000000566339;3091;163
000000000000871178;3223;47
000000000000506147;3172;53
000000000000169057;3187;256
000000000000505749;3180;202
000000000000637737;3093;25
000000000000731782;3098;279
000000000000218917;3225;57
000000000000636371;3225;264
000000000000141403;3211;70
000000000000518013;3211;85
000000000000581680;3212;191
000000000000916912;3223;39
000000000000606698;3225;84
000000000000967746;3092;13
000000000000616492;3086;29
000000000000179744;3085;43
000000000000568764;3092;28
000000000000665518;3091;7
000000000000828564;3223;46
000000000000731601;3225;843
000000000000612233;3180;688
000000000000284662;3074;275
000000000000211077;3091;119
000000000000155394;3093;1465
000000000000132114;3206;77
000000000000052658;3206;366
000000000000253711;3225;9
000000000000180016;3085;17
000000000000530964;3086;17
000000000000158479;3172;227
000000000000976752;3094;468
000000000000132115;3223;23
000000000000606625;3206;123
000000000000010688;3212;409
000000000000619700;3223;11
000000000648870001;3093;49
000000000000124981;3206;224
000000000000007408;3211;1252
000000000000661119;3089;1535
000000000000035246;3098;164
000000000000355618;3093;1069
000000000000120294;3092;139
000000000000665063;3223;1761
000000000000530964;3187;14
000000000000650823;3074;195
000000000000631161;3091;52
000000000000544491;3172;18
000000000000006674;3094;16
000000000000355961;3094;28
000000000000781021;3172;64
000000000622009001;3091;30
000000000000607904;3098;59
000000000000146224;3091;14
000000000000575145;3211;43
000000000000639789;3180;77
000000000000650626;3212;32
000000000000558055;3211;28
000000000000052538;3088;139
000000000000141302;3085;56
000000000000145237;3093;269
000000000000052679;3085;68
000000000622009002;3212;125
000000000000991226;3098;145
000000000000175894;3098;23
000000000000063027;3094;490
000000000000010526;3091;187
000000000000652001;3172;159
000000000663007001;3088;60
000000000000781195;3193;121
000000000000321096;3093;94
000000000000960217;3206;57
000000000401862004;3093;12
000000000000356040;3074;57
000000000000607914;3094;177
000000000000053845;3088;428
000000000000219335;3187;45
000000000000607896;3212;16
000000000000054626;3180;12
000000000000032326;3206;475
000000000000665901;3093;41
000000000000619699;3092;25
000000000000842477;3206;84
000000000000192594;3091;20
000000000000566342;3089;152
000000000654770001;3092;73
000000000000007484;3223;56
000000000647039003;3088;45
000000000650059001;3187;152
000000000000324538;3089;89
000000000000771429;3093;32
000000000000164153;3088;704
000000000000759336;3085;622
000000000000641109;3093;17
000000000622009002;3223;61
000000000000164853;3206;113
000000000000667696;3094;52
000000000000210064;3223;12573
000000000000052674;3098;84
000000000000663845;3187;156
000000000000006490;3206;109
000000000000007407;3098;180
000000000000665402;3180;18
000000000000342157;3225;36
000000000000937354;3206;25
000000000000561523;3086;18
000000000000640961;3180;252
000000000000180049;3094;26
000000000000648732;3187;21
000000000000180004;3092;69
000000000000567727;3223;21
000000000000005155;3223;89
000000000648870001;3098;97
000000000000663243;3172;93
000000000000623020;3193;18
000000000000169937;3093;53
000000000624310002;3206;22
000000000000130196;3074;136
000000000000282932;3223;20
000000000000178386;3187;100
000000000000900826;3180;2470
000000000000146509;3092;6078
000000000400308003;3180;302
000000000000189557;3180;227
000000000000169663;3172;88
000000000000786457;3085;29
000000000000006552;3089;197
000000000000631799;3225;17
000000000641229001;3172;701
000000000000781198;3089;67
000000000000868933;3093;28
000000000402163020;3193;33
000000000000607897;3193;34
000000000000140102;3094;24
000000000000184561;3074;114
000000000000142838;3074;48
000000000000544823;3206;14
000000000000991225;3098;126
000000000000810438;3206;44
000000000000648145;3225;48
000000000668190001;3193;149
000000000000006532;3206;165
000000000000661119;3086;1115
000000000000666166;3211;31
000000000000173896;3223;56
000000000000614113;3074;183
000000000000005724;3091;86
000000000000667600;3093;67
000000000000639855;3172;168
000000000649484001;3098;13
000000000000182571;3092;63
000000000000140102;3223;24
000000000000214578;3225;32
000000000650100001;3223;116
000000000000358359;3094;536
000000000000981938;3086;112
000000000000031913;3211;67
000000000400067004;3098;301
000000000000665187;3074;34
000000000000561188;3212;13
000000000000196224;3094;32
000000000000632286;3180;83
000000000401867009;3088;64
000000000000667696;3092;55
000000000000020321;3172;93
000000000000295106;3074;37
000000000000132115;3187;40
000000000400308002;3223;414
000000000400308003;3085;74
000000000000638619;3086;28
000000000000631121;3223;30
000000000000178087;3074;149
000000000000191250;3094;102
000000000000506147;3193;75
000000000000640476;3085;51
000000000000354906;3074;103
000000000400329005;3089;461
000000000000024599;3180;429
000000000000611420;3223;209
000000000000759658;3094;175
000000000000024668;3211;2709
000000000000655578;3088;14
000000000634844003;3187;27
000000000000652002;3092;58
000000000000006106;3212;72
000000000000295085;3098;97
000000000000786457;3093;46
000000000000652001;3225;110
000000000000156146;3193;167
000000000000661442;3172;90
000000000000649222;3091;150
000000000000626753;3085;23
000000000666059003;3094;33
000000000000759336;3180;2642
000000000000612861;3098;103
000000000000248328;3187;1845
000000000665656002;3085;27
000000000000010478;3088;82
000000000000640143;3091;63
000000000000125621;3093;755
000000000000960217;3093;130
000000000000665477;3089;48
000000000000826649;3223;17
000000000000230843;3212;219
000000000000020318;3098;247
000000000000619701;3212;26
000000000000278354;3193;21
000000000000158522;3187;119
000000000000641279;3211;33
000000000000815281;3172;50
000000000000007101;3074;113
000000000000579800;3094;617
000000000000667907;3094;615
000000000000164153;3187;85
000000000634844002;3212;26
000000000000007408;3187;1944
000000000000597755;3086;40
000000000000292183;3206;10
000000000400055001;3098;218
000000000000615395;3206;72
000000000000668141;3091;90
000000000000566344;3093;125
000000000650386002;3206;9
000000000000765475;3086;107
000000000000172738;3212;78
000000000000277182;3172;114
000000000000179977;3193;238
000000000000616933;3089;14
000000000000170201;3212;45
000000000000046939;3187;44
000000000000179983;3225;13
000000000000606428;3089;15
000000000000632241;3089;19
000000000000020318;3091;249
000000000000619701;3092;14
000000000000180031;3089;27
000000000000661120;3085;393
000000000000617411;3093;49
000000000000164129;3212;154
000000000000006107;3193;836
000000000000639855;3193;125
000000000000520482;3180;98
000000000000566342;3086;305
000000000000648065;3225;61
000000000000197610;3172;51
000000000000519771;3074;33
000000000000647468;3074;72
000000000000358359;3092;991
000000000000046939;3172;351
000000000000349179;3225;244
000000000000603675;3206;98
000000000000752668;3091;86
000000000000652001;3074;66
000000000402163019;3212;74
000000000000179567;3093;229
000000000665091002;3223;20
000000000000907292;3211;101
000000000000010630;3091;45
000000000000141270;3085;95
000000000000648349;3180;32
000000000000505746;3074;112
000000000400055004;3212;162
000000000000616068;3172;227
000000000000126791;3086;141
000000000000179987;3098;26
000000000000181828;3092;181
000000000000662178;3088;62
000000000668910002;3086;195
000000000000218074;3086;151
000000000000178087;3092;130
000000000000543828;3085;18
000000000000578191;3094;162
000000000636515002;3091;113
000000000000163735;3094;142
000000000649484001;3091;16
000000000000666102;3212;632
000000000400071004;3206;42
000000000000607914;3225;174
000000000000628711;3180;97
000000000000615396;3225;34
000000000000544705;3085;39
000000000000518012;3089;21
000000000634844003;3074;85
000000000000191007;3225;154
000000000000180027;3180;27
000000000000147553;3085;147
000000000000031416;3206;21
000000000000600320;3092;56
000000000000009452;3187;13
000000000000877304;3098;195
000000000664214001;3225;14
000000000637411002;3193;314
000000000000284662;3172;265
000000000000170847;3212;331
000000000000611123;3086;10
000000000000941356;3094;800
000000000000176636;3212;64
000000000000169183;3098;219
000000000000667610;3091;30
000000000000955555;3187;12
000000000000668189;3187;32
000000000000632934;3172;19
000000000000177772;3091;203
000000000000020321;3225;1341
000000000000635313;3223;140
000000000000818130;3086;106
000000000000832664;3098;19
000000000401724015;3193;1243
000000000000179977;3086;168
000000000000153589;3094;96
000000000000667696;3172;127
000000000000828564;3094;131
000000000000052387;3093;669
000000000000005959;3093;647
000000000000615004;3093;145
000000000000218074;3223;191
000000000000668903;3098;129
000000000668190001;3074;155
000000000000741322;3187;30
000000000000632286;3098;44
000000000000010586;3074;319
000000000000170080;3088;218
000000000000020318;3180;289
000000000000286465;3093;88
000000000000008644;3089;23
000000000000544058;3085;79
000000000000291653;3206;27
000000000000636577;3086;80
000000000000647737;3086;325
000000000000046939;3089;113
000000000000190995;3211;102
000000000000053893;3211;266
000000000000052294;3091;276
000000000628439002;3211;65
000000000000614340;3211;254
000000000000616203;3211;13
000000000000639788;3223;75
000000000000882757;3187;21
000000000000560915;3180;35
000000000000007387;3206;1599
000000000000165526;3093;113
000000000000185006;3098;130
000000000000698846;3089;280
000000000000154633;3206;68
000000000000010680;3094;410
000000000000506147;3074;54
000000000000779613;3206;50
000000000000152767;3089;90
000000000000667263;3089;30
000000000000652708;3172;187
000000000000191246;3172;113
000000000000815281;3211;50
000000000000663245;3206;70
000000000000651225;3093;29
000000000000059805;3206;59
000000000000180004;3187;32
000000000000650655;3085;43
000000000000010591;3091;16
000000000000210064;3086;8549
000000000000174295;3212;72
000000000400055004;3211;147
000000000000358335;3094;1303
000000000000652001;3187;34
000000000000052387;3098;248
000000000000300245;3223;8
000000000000214589;3089;240
000000000000005474;3180;61
000000000000032389;3089;920
000000000000667694;3089;14
000000000000628011;3172;344
000000000000639038;3091;81
000000000000668651;3206;17
000000000000018286;3206;83
000000000000128229;3088;19
000000000000637670;3093;76
000000000000231594;3074;22
000000000401864002;3091;36
000000000000182574;3086;19
000000000000005861;3094;91
000000000000603675;3091;79
000000000654827003;3223;10
000000000000652972;3086;54
000000000000612888;3074;32
000000000000622002;3206;85
000000000000565453;3091;17
000000000000789276;3089;78
000000000000662047;3089;22
000000000000900817;3085;867
000000000000179977;3088;161
000000000000598867;3085;235
000000000000005963;3223;507
000000000000955615;3074;18
000000000000170847;3172;286
000000000000324013;3187;148
000000000000284478;3206;73
000000000000576939;3225;33
000000000000004933;3093;1334
000000000000180019;3223;76
000000000000635466;3089;45
000000000000032326;3085;391
000000000000650655;3091;66
000000000000169663;3092;164
000000000000146215;3094;26
000000000000628091;3074;180
000000000000174299;3211;97
000000000000358391;3098;287
000000000000665741;3091;417
000000000000007504;3187;302
000000000000615836;3092;105
000000000000166754;3098;76
000000000000628528;3088;43
000000000000634900;3212;41
000000000000163896;3187;24
000000000000176169;3193;308
000000000000355630;3225;1572
000000000000053892;3088;792
000000000000628239;3172;48
000000000000351992;3187;7
000000000000146509;3211;829
000000000000030951;3089;39
000000000000152767;3172;62
000000000000663243;3225;61
000000000000008892;3088;96
000000000000133181;3092;246
000000000000178018;3085;76
000000000000141403;3172;94
000000000000544759;3093;3
000000000000562128;3092;250
000000000000011016;3211;145
000000000000057969;3193;2165
000000000000321094;3091;1868
000000000000518338;3092;114
000000000000650655;3093;65
000000000000350937;3091;33
000000000648870004;3085;41
000000000000057969;3094;950
000000000000158522;3212;104
000000000000052652;3187;297
000000000000668188;3180;62
000000000402163005;3206;280
000000000000006438;3094;42
000000000000009674;3172;46
000000000000667385;3092;8
000000000000665274;3225;23
000000000000006542;3225;136
000000000000628239;3088;65
000000000000575693;3074;35
000000000000005861;3172;91
000000000000593462;3187;8
000000000000010584;3093;229
000000000000506147;3223;33
000000000000767398;3088;482
000000000000633961;3086;42
000000000000132115;3193;34
000000000000024155;3172;201
000000000000649314;3223;374
000000000000516543;3187;103
000000000000666004;3093;24
000000000668910002;3172;332
000000000000640960;3092;407
000000000000638546;3223;135
000000000000005963;3088;1016
000000000000141821;3086;29
000000000000148242;3093;39
000000000000960218;3093;59
000000000000052392;3225;135
000000000000518338;3193;118
000000000000141205;3089;50
000000000000191021;3089;52
000000000645975001;3094;277
000000000000616209;3180;23
000000000000156185;3074;23
000000000000351992;3092;14
000000000402613002;3212;3720
000000000000155391;3225;15
000000000000667119;3098;32
000000000000628528;3094;47
000000000000006106;3092;161
000000000000960217;3180;90
000000000000637670;3206;108
000000000000605708;3180;643
000000000000623020;3086;24
000000000000006128;3180;75
000000000400329003;3074;2660
000000000000649868;3180;38
000000000000230843;3092;91
000000000000501361;3085;111
000000000000629712;3098;78
000000000000652489;3086;17
000000000000585802;3092;55
000000000000010005;3092;392
000000000000006106;3094;180
000000000000008591;3193;51
000000000000598872;3206;330
000000000000547306;3093;44
000000000402613002;3172;1882
000000000000632934;3211;18
000000000000006674;3187;36
000000000000139492;3074;385
000000000000018119;3193;774
000000000000178089;3193;86
000000000000661119;3088;1271
000000000000052659;3223;101
000000000402160005;3223;129
000000000000191250;3223;49
000000000000014296;3088;53
000000000000052659;3092;253
000000000000631254;3089;48
000000000000568764;3225;44
000000000000131441;3085;705
000000000000668060;3088;105
000000000000607911;3086;60
000000000000652973;3093;39
000000000000231594;3193;13
000000000000163896;3086;38
000000000400218004;3085;63
000000000000506149;3223;60
000000000000181878;3180;94
000000000000630952;3088;30
000000000000342883;3225;68
000000000000200148;3206;67
000000000401851006;3091;26
000000000650100001;3089;88
000000000000631668;3091;97
000000000000010521;3088;131
000000000000013475;3193;40
000000000000173895;3086;48
000000000000629403;3206;40
000000000000639936;3211;49
000000000000636577;3172;121
000000000000165524;3074;59
000000000000638621;3098;23
000000000628439002;3172;54
000000000000181263;3093;46
000000000000020318;3085;246
000000000000665856;3091;23
000000000000638916;3206;61
000000000000506147;3212;36
000000000000629757;3206;53
000000000000598865;3085;378
000000000000570705;3098;48
000000000000579800;3223;447
000000000000006446;3092;101
000000000000628527;3225;39
000000000000135092;3098;91
000000000000625809;3092;52
000000000000731782;3091;416
000000000000568755;3093;117
000000000000358335;3092;1284
000000000000601607;3223;26
000000000000156561;3086;18
000000000000612888;3225;52
000000000000744843;3092;17
000000000000863277;3094;162
000000000000180030;3225;14
000000000000665786;3092;202
000000000401867012;3092;53
000000000000752668;3093;103
000000000000832664;3091;36
000000000000646214;3089;59
000000000000667263;3211;106
000000000000006456;3212;119
000000000000024735;3093;572
000000000648870004;3206;40
000000000400067006;3187;106
000000000000937354;3085;10
000000000000196224;3223;27
000000000000010662;3085;964
000000000000135488;3180;438
000000000000883202;3180;66
000000000400070001;3086;731
000000000402197001;3212;21
000000000000187005;3211;162
000000000000007484;3212;112
000000000654770001;3211;47
000000000000010647;3172;163
000000000401851006;3180;256
000000000000606625;3180;340
000000000000607508;3085;16
000000000000004901;3212;29
000000000000318983;3094;265
000000000000664937;3074;30
000000000000646202;3088;169
000000000000616985;3193;385
000000000000179987;3093;26
000000000000192562;3093;31
000000000000169057;3074;207
000000000000767397;3180;550
000000000000506149;3094;24
000000000000164853;3098;182
000000000000121949;3091;75
000000000402163019;3074;71
000000000000622474;3085;42
000000000668910003;3180;119
000000000000634994;3223;96
000000000000663243;3074;158
000000000645975003;3093;335
000000000000810438;3085;40
000000000000351992;3193;18
000000000000776038;3089;230
000000000000662178;3212;111
000000000000615395;3180;87
000000000668190002;3098;134
000000000000619700;3172;28
000000000000754766;3074;625
000000000000662047;3211;22
000000000000630952;3089;40
000000000400329003;3172;1217
000000000000152047;3212;80
000000000000180013;3223;15
000000000000010216;3098;49
000000000000354918;3206;73
000000000000503540;3193;599
000000000000291653;3085;12
000000000000913285;3225;19
000000000000765475;3193;89
000000000000141820;3093;73
000000000000218597;3225;54
000000000000210064;3193;20478
000000000000158886;3089;82
000000000000024733;3206;2762
000000000000156144;3093;50
000000000000189558;3092;121
000000000000179193;3212;18
000000000000623020;3089;18
000000000000182574;3074;39
000000000000219335;3211;45
000000000000170201;3172;203
000000000000640960;3193;326
000000000000598867;3093;214
000000000000260876;3074;39
000000000402160005;3092;217
000000000000052656;3093;126
000000000640546002;3088;27
000000000000612882;3180;57
000000000000254525;3088;168
000000000000652001;3089;84
000000000000133333;3091;224
000000000000667694;3223;53
000000000000635301;3223;39
000000000000052658;3098;1284
000000000000635466;3225;39
000000000000031023;3212;193
000000000000185007;3092;87
000000000000576939;3088;34
000000000628439001;3091;33
000000000000652984;3086;78
000000000000638620;3093;31
000000000000141271;3172;142
000000000000976753;3092;270
000000000000639855;3212;193
000000000000663156;3172;318
000000000000178386;3211;95
000000000000630076;3172;13
000000000000665848;3088;67
000000000000052656;3098;91
000000000000567412;3225;28
000000000000008892;3074;200
000000000000178089;3225;42
000000000650100002;3206;100
000000000000062471;3180;115
000000000000629771;3206;96
000000000000665274;3092;25
000000000000613304;3225;34
000000000000533072;3094;17
000000000000006457;3094;1015
000000000000164853;3091;65
000000000000176198;3092;29
000000000000654237;3092;20
000000000000628711;3091;428
000000000000018292;3206;353
000000000668910001;3180;81
000000000000631669;3180;56
000000000000185005;3206;85
000000000000132599;3085;28
000000000000008558;3225;24
000000000000018250;3098;180
000000000641229002;3085;180
000000000000665799;3074;10
000000000000252158;3223;199
000000000000119002;3212;692
000000000000197610;3212;30
000000000000006531;3086;1522
000000000000126791;3225;289
000000000000628113;3074;593
000000000000634994;3092;86
000000000000284662;3212;508
000000000000577226;3093;8
000000000000351785;3206;96
000000000401861010;3187;22
000000000000052657;3180;83
000000000000147552;3212;249
000000000000640484;3089;16
000000000000601786;3212;58
000000000000633967;3092;109
000000000000260876;3193;43
000000000000180031;3225;27
000000000000647083;3092;26
000000000000538415;3172;111
000000000000197610;3225;36
000000000000503539;3180;535
000000000000645453;3193;35
000000000000056648;3187;35
000000000000593462;3172;10
000000000000019952;3225;82
000000000000185007;3187;47
000000000000553140;3223;263
000000000000530962;3211;46
000000000000883202;3098;62
000000000000046939;3086;481
000000000000663156;3223;227
000000000401867012;3074;108
000000000000053845;3074;354
000000000000758871;3089;628
000000000000295106;3211;30
000000000000213721;3085;57
000000000000781198;3086;42
000000000000900816;3074;4047
000000000000581680;3088;109
000000000000780250;3206;52
000000000000665275;3212;288
000000000000052676;3088;22
000000000000634834;3074;99
000000000000179193;3088;37
000000000000134123;3092;139
000000000000569209;3225;21
000000000000976753;3223;236
000000000000177525;3223;56
000000000000878691;3172;132
000000000000192594;3206;26
000000000000015532;3092;53
000000000000355618;3206;762
000000000639559001;3086;21
000000000000630079;3187;12
000000000000611858;3086;58
000000000000192562;3206;78
000000000000759335;3091;1575
000000000000121949;3093;51
000000000000558396;3225;48
000000000000215264;3094;88
000000000000217411;3206;63
000000000000009451;3086;12
000000000645975001;3074;571
000000000000607911;3193;108
000000000000612882;3093;42
000000000000152770;3091;27
000000000000647163;3187;58
000000000000295085;3085;75
000000000000213570;3086;34
000000000000163039;3098;44
000000000000023002;3193;324
000000000000655578;3092;12
000000000000158886;3187;1957
000000000000139492;3089;373
000000000000017664;3098;56
000000000000007387;3091;7113
000000000000640484;3088;27
000000000000647468;3212;75
000000000000291510;3098;97
000000000000118791;3193;72
000000000000575145;3223;25
000000000000034410;3092;48
000000000000217411;3091;69
000000000000006126;3180;2445
000000000000181828;3211;48
000000000000572837;3193;18
000000000000355904;3074;22
000000000000661975;3098;131
000000000000639789;3098;83
000000000000020321;3211;142
000000000000892231;3088;17
000000000000645433;3085;71
000000000637411002;3187;65
000000000000157195;3180;12
000000000000597758;3088;47
000000000000626165;3172;55
000000000000635083;3206;23
000000000000252158;3074;189
000000000000358336;3094;1951
000000000622768002;3091;129
000000000000598867;3206;300
000000000000623176;3193;97
000000000000181877;3093;111
000000000000006438;3089;44
000000000000607896;3094;21
000000000000358392;3193;152
000000000000558396;3172;86
000000000000146214;3091;17
000000000000562128;3212;511
000000000668610002;3074;130
000000000647039003;3212;34
000000000000646822;3223;245
000000000000164124;3172;149
000000000000598865;3098;379
000000000000023776;3225;49
000000000000156144;3098;67
000000000000172469;3212;315
000000000000635529;3180;14
000000000000187005;3212;28
000000000000571223;3212;251
000000000000358335;3089;582
000000000000561208;3212;119
000000000000170201;3223;35
000000000000005861;3088;88
000000000634844003;3172;85
000000000000665365;3074;76
000000000000667815;3223;5
000000000000572837;3225;12
000000000000619699;3223;13
000000000000219335;3223;59
000000000400185004;3180;237
000000000400329006;3206;783
000000000000630078;3206;24
000000000000165488;3092;657
000000000000635930;3225;17
000000000000957755;3088;82
000000000000520463;3093;8
000000000000213396;3088;12
000000000000200713;3223;24
000000000402163020;3088;28
000000000000191246;3223;59
000000000000053957;3086;53
000000000000957753;3091;77
000000000654770002;3089;38
000000000000621033;3093;388
000000000000863277;3074;45
000000000000158479;3223;491
000000000000646822;3193;267
000000000000187418;3088;64
000000000000174330;3093;132
000000000000667600;3098;115
000000000000781196;3085;48
000000000000576609;3094;17
000000000000052663;3093;81
000000000000668188;3098;48
000000000000052614;3091;180
000000000000006459;3094;76
000000000000133435;3091;561
000000000000627253;3193;63
000000000000177770;3180;367
000000000000622002;3085;99
000000000000646202;3193;351
000000000000254525;3172;157
000000000000777211;3193;208
000000000000141403;3193;88
000000000000638619;3092;25
000000000000575145;3088;18
000000000000218099;3223;101
000000000000218917;3172;130
000000000000031356;3094;31
000000000665922002;3094;43
000000000000018119;3211;1356
000000000000006558;3206;98
000000000000598872;3091;300
000000000000005761;3193;41
000000000401867002;3092;35
000000000000652481;3206;48
000000000000603916;3093;482
000000000000160867;3206;217
000000000000196224;3225;26
000000000000007493;3206;67
000000000000744843;3212;30
000000000000191007;3212;629
000000000000882757;3193;34
000000000000632283;3206;50
000000000000008644;3193;57
000000000000601607;3086;19
000000000400218001;3085;140
000000000000546916;3187;25
000000000000661594;3225;31
000000000000617380;3093;37
000000000000213570;3172;70
000000000000615836;3088;59
000000000622768001;3093;145
000000000000641093;3193;44
000000000000195308;3187;50
000000000000168914;3225;52
000000000000031915;3094;31
000000000000635301;3089;24
000000000400067004;3091;239
000000000622009001;3093;38
000000000000519771;3089;13
000000000000781195;3086;36
000000000000005724;3180;208
000000000000053845;3225;223
000000000000521924;3085;108
000000000000648349;3093;47
000000000000863275;3212;54
000000000000777211;3086;417
000000000000754765;3172;324
000000000000053901;3098;224
000000000000561301;3088;13
000000000000623256;3172;18
000000000000176636;3092;78
000000000000170847;3094;302
000000000000780172;3085;46
000000000000141360;3206;882
000000000000562128;3223;120
000000000000632934;3088;24
000000000000655578;3089;14
000000000000628527;3092;86
000000000000277182;3092;140
000000000000010526;3180;182
000000000000621035;3223;405
000000000622009002;3193;65
000000000000121949;3098;26
000000000000006438;3172;40
000000000000282932;3211;11
000000000000208697;3223;21
000000000000668127;3094;312
000000000000163295;3089;32
000000000000339668;3085;153
000000000000121949;3085;32
000000000000128237;3206;143
000000000000585802;3187;45
000000000000063027;3193;86
000000000000218099;3094;48
000000000000661118;3211;278
000000000000637737;3085;36
000000000000665704;3088;76
000000000000324538;3088;69
000000000000059805;3180;152
000000000000157195;3085;11
000000000000566342;3187;157
000000000000617411;3180;77
000000000000215264;3193;61
000000000000053957;3074;85
000000000000607260;3093;20
000000000000603916;3091;266
000000000000010216;3206;64
000000000000611420;3074;185
000000000000957753;3206;26
000000000000652708;3089;22
000000000000018119;3092;6609
000000000402160005;3212;59
000000000000200713;3193;42
000000000634844001;3085;88
000000000000195024;3193;31
000000000000213180;3098;71
000000000000661118;3094;108
000000000000698846;3088;323
000000000402163005;3180;38
000000000000231594;3172;8
000000000666059002;3180;35
000000000000024572;3085;3743
000000000000631161;3206;60
000000000000506149;3089;28
000000000000643026;3092;220
000000000000231595;3074;26
000000000000006552;3223;2599
000000000000985415;3180;566
000000000000126791;3172;122
000000000000010005;3193;362
000000000000631799;3212;15
000000000000634834;3092;137
000000000000611858;3223;41
000000000000900819;3094;610
000000000000216012;3086;103
000000000000647736;3085;218
000000000000052674;3206;105
000000000000321018;3225;134
000000000000172738;3092;15
000000000000018222;3092;100
000000000000558396;3193;72
000000000000663242;3091;34
000000000000625401;3211;54
000000000000663844;3085;451
000000000000561155;3193;293
000000000654827002;3223;20
000000000000031023;3211;291
000000000000907292;3074;120
000000000000210403;3212;170
000000000000630078;3098;40
000000000000010521;3089;256
000000000000141189;3223;65
000000000000141205;3225;55
000000000000358031;3091;108
000000000000126791;3089;104
000000000000007605;3092;1190
000000000000215155;3223;33
000000000000141870;3085;114
000000000000165488;3223;448
000000000000662372;3223;105
000000000000006557;3193;152
000000000000712440;3098;376
000000000000665275;3187;54
000000000000712974;3206;306
000000000000164129;3172;105
000000000000665275;3089;107
000000000400218003;3193;212
000000000000666015;3091;38
000000000000052720;3091;12
000000000000358392;3074;259
000000000000141269;3225;45
000000000000611123;3187;125
000000000000652002;3223;34
000000000000667424;3225;17
000000000000641093;3212;214
000000000000053845;3187;158
000000000000640068;3211;57
000000000000052652;3074;1796
000000000000566684;3085;238
000000000645975002;3206;839
000000000000147552;3223;181
000000000639559001;3074;40
000000000000052674;3085;201
000000000000173895;3094;27
000000000000158886;3094;52
000000000000668141;3093;126
000000000000351784;3212;297
000000000000780927;3092;154
000000000000649868;3093;19
000000000000163401;3225;144
000000000000571222;3085;147
000000000000121724;3088;66
000000000634901002;3085;94
000000000000955615;3193;30
000000000000054189;3093;98
000000000000667263;3223;34
000000000000173896;3193;28
000000000000561208;3074;94
000000000000016957;3225;103
000000000000646214;3172;12
000000000000663651;3187;23
000000000000666019;3089;16
000000000000156561;3088;87
000000000000614355;3225;62
000000000000641114;3093;52
000000000000052656;3085;107
000000000000031416;3098;19
000000000000816587;3225;264
000000000000816587;3211;530
000000000000665063;3212;738
000000000400433002;3085;1050
000000000000646070;3223;55
000000000000152048;3085;82
000000000000176198;3187;268
000000000000141360;3180;2655
000000000000612267;3225;46
000000000000632940;3211;170
000000000000342883;3094;73
000000000000625402;3093;54
000000000000506262;3180;58
000000000000062471;3085;70
000000000000883205;3093;30
000000000000649345;3085;223
000000000648870002;3091;65
000000000000191004;3093;49
000000000000006449;3223;28
000000000000605708;3091;1330
000000000000624993;3088;70
000000000000868933;3180;83
000000000000638654;3212;134
000000000000637755;3206;15
000000000000176198;3086;27
000000000000152047;3086;63
000000000000638517;3180;53
000000000000646822;3212;296
000000000000749097;3098;210
000000000000174785;3074;41
000000000000646203;3088;52
000000000000976752;3088;267
000000000000617380;3098;47
000000000000010659;3212;80
000000000000607911;3187;92
000000000400182008;3225;330
000000000000007504;3193;567
000000000000011016;3212;177
000000000400261003;3172;348
000000000000009130;3093;344
000000000000767398;3092;651
000000000000010524;3094;151
000000000000645453;3187;48
000000000000652489;3094;30
000000000000546916;3088;24
000000000000355622;3098;332
000000000000197613;3206;47
000000000000141302;3206;121
000000000000640960;3074;74
000000000000218099;3088;109
000000000000011016;3223;86
000000000000006495;3085;31
000000000000047391;3092;954
000000000668190001;3212;196
000000000000666102;3225;376
000000000000571228;3093;185
000000000000006532;3180;65
000000000000005779;3172;105
000000000000248328;3089;708
000000000000176169;3089;1129
000000000000781021;3089;88
000000000663007001;3193;57
000000000000634834;3089;101
000000000000649639;3092;106
000000000401851006;3206;281
000000000000142838;3212;163
000000000000218917;3092;127
000000000000231595;3223;13
000000000000175894;3093;15
000000000000339586;3225;64
000000000000133342;3223;14
000000000000047391;3172;309
000000000000215161;3180;113
000000000000633967;3211;234
000000000000052531;3085;147
000000000000134121;3091;14
000000000000052612;3180;880
000000000000198491;3098;643
000000000000173895;3089;56
000000000000007515;3093;226
000000000000128228;3172;99
000000000000666259;3180;42
000000000000566201;3074;24
000000000000052538;3074;142
000000000000119092;3098;65
000000000000520463;3180;35
000000000000640960;3086;38
000000000000010517;3091;217
000000000000662047;3193;42
000000000000140120;3193;78
000000000000047391;3211;102
000000000000655096;3206;4
000000000000118603;3193;49
000000000000871178;3092;105
000000000628439001;3206;31
000000000000561242;3098;12
000000000000553519;3093;158
000000000000634900;3223;117
000000000000611419;3089;204
000000000000213180;3093;78
000000000000005753;3206;86
000000000400069001;3074;1485
000000000000032136;3091;118
000000000000167456;3098;32
000000000000667429;3093;145
000000000000634994;3212;132
000000000000617911;3074;127
000000000000505193;3086;41
000000000400069001;3094;1362
000000000000752668;3098;92
000000000000900824;3180;1089
000000000000182334;3223;38
000000000000632940;3187;41
000000000000119002;3187;598
000000000000919940;3172;199
000000000000731782;3206;244
000000000000132462;3206;216
000000000000166832;3094;51
000000000000005542;3094;39
000000000400218003;3092;121
000000000000561155;3094;353
000000000000351784;3074;127
000000000000665518;3180;24
000000000000147606;3091;39
000000000000630624;3093;33
000000000000571232;3180;510
000000000000604342;3098;37
000000000000146753;3211;125
000000000000006519;3206;207
000000000000177772;3085;260
000000000000638518;3098;55
000000000000666019;3223;29
000000000000005155;3088;50
000000000000666259;3091;102
000000000000642687;3098;314
000000000000560445;3085;248
000000000000622704;3172;36
000000000000630076;3074;17
000000000000665855;3085;20
000000000000667672;3093;16
000000000000152048;3206;105
000000000000544171;3225;16
000000000000005963;3094;1065
000000000000010647;3092;258
000000000000653377;3225;210
000000000000187418;3193;44
000000000000611420;3211;220
000000000000530964;3074;33
000000000000130196;3172;361
000000000000006535;3091;207
000000000000195308;3172;106
000000000000619700;3089;16
000000000000938543;3092;35
000000000000628113;3211;54
000000000000641025;3206;458
000000000000758871;3187;184
000000000000635301;3086;12
000000000000011016;3089;133
000000000000176636;3088;37
000000000622768002;3093;158
000000000000667839;3094;49
000000000401861010;3225;36
000000000000612233;3206;253
000000000000622989;3180;101
000000000000666019;3211;24
000000000000632285;3086;16
000000000401926001;3092;38
000000000000604494;3211;14
000000000000667762;3172;117
000000000000160867;3091;70
000000000000780173;3225;80
000000000000013475;3094;39
000000000000634994;3094;82
000000000000057969;3172;2226
000000000402629001;3088;324
000000000000180018;3180;49
000000000000163045;3091;33
000000000000133342;3225;25
000000000000210239;3206;33
000000000000195024;3092;33
000000000000035129;3092;158
000000000000185148;3212;446
000000000000355621;3093;1406
000000000000662372;3225;57
000000000000156185;3193;25
000000000000615835;3206;70
000000000000632940;3086;76
000000000000571229;3086;440
000000000000749097;3206;204
000000000000010688;3094;307
000000000000010630;3093;33
000000000000665477;3092;188
000000000000621033;3085;205
000000000000007448;3180;464
000000000000639896;3212;155
000000000000134123;3086;17
000000000000662047;3212;42
000000000000006535;3085;218
000000000000516749;3180;340
000000000000185007;3193;150
000000000402163020;3089;35
000000000000607904;3085;259
000000000000156561;3172;24
000000000000985918;3180;48
000000000000006107;3088;1552
000000000000046528;3091;1214
000000000000653352;3093;11
000000000000231595;3092;13
000000000000635313;3225;152
000000000000213571;3088;318
000000000000358336;3193;2678
000000000000006143;3092;461
000000000000133229;3180;139
000000000000168302;3180;30
000000000000118792;3085;168
000000000000018222;3193;156
000000000000567412;3193;42
000000000000139492;3088;312
000000000000176636;3193;52
000000000634844003;3223;16
000000000000815280;3098;49
000000000000983071;3086;45
000000000000146753;3094;197
000000000000182574;3092;34
000000000000006518;3206;80
000000000000783925;3225;24
000000000000007504;3223;391
000000000000543098;3091;21
000000000000170845;3094;674
000000000000637670;3180;167
000000000000182607;3089;10
000000000000607914;3211;270
000000000000665365;3223;160
000000000000632140;3223;14
000000000000358336;3212;1757
000000000000006486;3206;111
000000000000024727;3172;197
000000000402053001;3212;29
000000000400218002;3088;233
000000000000215153;3211;140
000000000000630953;3074;86
000000000639559001;3094;46
000000000000013475;3074;25
000000000000006668;3193;13
000000000000019953;3093;102
000000000400069001;3089;508
